종목코드,종목명,날짜,종가,거래량,외국인보유율
000100,유한양행,2026-06-09,76700.0,351448,
000100,유한양행,2026-06-10,76900.0,211718,
000100,유한양행,2026-06-11,76400.0,401450,
000100,유한양행,2026-06-12,77200.0,235499,
000100,유한양행,2026-06-15,78900.0,183086,
000100,유한양행,2026-06-16,78300.0,224649,
000100,유한양행,2026-06-17,79100.0,212823,
000100,유한양행,2026-06-18,78200.0,216612,
000100,유한양행,2026-06-19,76100.0,394034,
000100,유한양행,2026-06-22,73400.0,294608,
000100,유한양행,2026-06-23,69800.0,382938,
000100,유한양행,2026-06-24,72300.0,406108,
000100,유한양행,2026-06-25,71300.0,292184,
000100,유한양행,2026-06-26,66400.0,388063,
000100,유한양행,2026-06-29,73800.0,497526,
000100,유한양행,2026-06-30,70200.0,279374,
000100,유한양행,2026-07-01,70500.0,255921,
000100,유한양행,2026-07-02,70100.0,322424,
000100,유한양행,2026-07-03,70400.0,302079,
000100,유한양행,2026-07-06,69600.0,240677,
000100,유한양행,2026-07-07,70300.0,347934,
000100,유한양행,2026-07-08,69100.0,325894,
000100,유한양행,2026-07-09,67400.0,333259,
000100,유한양행,2026-07-10,68500.0,247126,
000100,유한양행,2026-07-13,68100.0,267788,
000100,유한양행,2026-07-14,66700.0,295357,
000100,유한양행,2026-07-15,69500.0,279742,
000100,유한양행,2026-07-16,70800.0,245221,
000100,유한양행,2026-07-20,69200.0,178034,
000100,유한양행,2026-07-21,69600.0,185984,
000100,유한양행,2026-07-22,70200.0,255879,
000100,유한양행,2026-07-23,71400.0,197578,
000100,유한양행,2026-07-24,74900.0,454629,19.71
000100,유한양행,2026-07-27,72000.0,202403,19.66
000100,유한양행,2026-07-28,70700.0,229612,19.68
000100,유한양행,2026-07-29,70300.0,464533,19.8
000100,유한양행,2026-07-30,74000.0,404762,19.87
000100,유한양행,2026-07-31,73500.0,321744,19.83
000100,유한양행,2026-08-03,73600.0,225373,19.93
000100,유한양행,2026-08-04,74800.0,216144,19.97
000100,유한양행,2026-08-05,75100.0,238250,20.1
000100,유한양행,2026-08-06,77800.0,267750,20.19
000100,유한양행,2026-08-07,80600.0,310697,20.3
000100,유한양행,2026-08-10,82000.0,200193,20.34
000100,유한양행,2026-08-11,85600.0,502391,20.44
000100,유한양행,2026-08-12,83100.0,320018,20.28
000100,유한양행,2026-08-13,82500.0,407783,20.42
000100,유한양행,2026-08-14,83700.0,202661,20.41
000100,유한양행,2026-08-18,79600.0,288221,20.38
000100,유한양행,2026-08-19,79600.0,199112,20.34
000100,유한양행,2026-08-20,83400.0,314079,20.44
000100,유한양행,2026-08-21,82300.0,266255,20.36
000100,유한양행,2026-08-24,84300.0,239672,20.4
000100,유한양행,2026-08-25,83300.0,178548,20.3
000100,유한양행,2026-08-26,86700.0,314903,20.34
000100,유한양행,2026-08-27,82700.0,376123,20.25
000100,유한양행,2026-08-28,84900.0,183873,21.89
000100,유한양행,2026-08-31,83700.0,640942,21.89
000100,유한양행,2026-09-01,82700.0,136338,21.86
000100,유한양행,2026-09-02,81300.0,188082,21.8
000100,유한양행,2026-09-03,81400.0,256221,21.85
000100,유한양행,2026-09-04,81400.0,108985,21.79
000100,유한양행,2026-09-07,80700.0,178343,21.77
000100,유한양행,2026-09-08,79100.0,163702,21.57
000100,유한양행,2026-09-09,80000.0,141783,21.26
000100,유한양행,2026-09-10,78900.0,409069,21.44
000100,유한양행,2026-09-11,79400.0,137725,21.42
000100,유한양행,2026-09-14,78300.0,145503,21.45
000100,유한양행,2026-09-15,79500.0,228778,21.45
000100,유한양행,2026-09-16,77800.0,155292,21.38
000100,유한양행,2026-09-17,77800.0,140552,21.23
000100,유한양행,2026-09-18,76000.0,514417,20.94
000100,유한양행,2026-09-21,75900.0,179939,20.9
000100,유한양행,2026-09-22,74800.0,184474,20.82
000100,유한양행,2026-09-23,74000.0,184547,20.67
000100,유한양행,2026-09-28,74400.0,192739,20.72
000100,유한양행,2026-09-29,73200.0,202345,20.89
000100,유한양행,2026-09-30,72700.0,178802,20.95
000100,유한양행,2026-10-01,74600.0,155768,20.95
000100,유한양행,2026-10-02,74200.0,120454,20.93
000120,CJ대한통운,2026-06-09,80700.0,72742,
000120,CJ대한통운,2026-06-10,80300.0,77786,
000120,CJ대한통운,2026-06-11,79800.0,87377,
000120,CJ대한통운,2026-06-12,82700.0,81520,
000120,CJ대한통운,2026-06-15,85300.0,39161,
000120,CJ대한통운,2026-06-16,87300.0,59145,
000120,CJ대한통운,2026-06-17,84700.0,36663,
000120,CJ대한통운,2026-06-18,81400.0,38487,
000120,CJ대한통운,2026-06-19,80300.0,59099,
000120,CJ대한통운,2026-06-22,76800.0,53159,
000120,CJ대한통운,2026-06-23,73400.0,52421,
000120,CJ대한통운,2026-06-24,74600.0,63727,
000120,CJ대한통운,2026-06-25,74100.0,59220,
000120,CJ대한통운,2026-06-26,71800.0,63515,
000120,CJ대한통운,2026-06-29,77100.0,56125,
000120,CJ대한통운,2026-06-30,74100.0,50943,
000120,CJ대한통운,2026-07-01,75300.0,42340,
000120,CJ대한통운,2026-07-02,76100.0,75955,
000120,CJ대한통운,2026-07-03,76600.0,46305,
000120,CJ대한통운,2026-07-06,76400.0,35494,
000120,CJ대한통운,2026-07-07,76700.0,56743,
000120,CJ대한통운,2026-07-08,74300.0,66280,
000120,CJ대한통운,2026-07-09,71900.0,78777,
000120,CJ대한통운,2026-07-10,73900.0,56493,
000120,CJ대한통운,2026-07-13,73600.0,58115,
000120,CJ대한통운,2026-07-14,71700.0,53215,
000120,CJ대한통운,2026-07-15,71700.0,44395,
000120,CJ대한통운,2026-07-16,72500.0,47662,
000120,CJ대한통운,2026-07-20,71500.0,37159,
000120,CJ대한통운,2026-07-21,71300.0,26822,
000120,CJ대한통운,2026-07-22,72100.0,32192,
000120,CJ대한통운,2026-07-23,76700.0,44259,
000120,CJ대한통운,2026-07-24,77300.0,40872,16.88
000120,CJ대한통운,2026-07-27,75000.0,52027,16.81
000120,CJ대한통운,2026-07-28,73100.0,39664,16.79
000120,CJ대한통운,2026-07-29,70700.0,71319,16.76
000120,CJ대한통운,2026-07-30,73400.0,72341,16.8
000120,CJ대한통운,2026-07-31,74500.0,59163,16.73
000120,CJ대한통운,2026-08-03,73900.0,29880,16.71
000120,CJ대한통운,2026-08-04,76000.0,44047,16.72
000120,CJ대한통운,2026-08-05,76900.0,58896,16.69
000120,CJ대한통운,2026-08-06,78200.0,51741,16.64
000120,CJ대한통운,2026-08-07,79000.0,44484,16.58
000120,CJ대한통운,2026-08-10,78700.0,33011,16.51
000120,CJ대한통운,2026-08-11,77400.0,48054,16.42
000120,CJ대한통운,2026-08-12,74100.0,130979,16.02
000120,CJ대한통운,2026-08-13,74000.0,72274,15.93
000120,CJ대한통운,2026-08-14,77200.0,54113,16.09
000120,CJ대한통운,2026-08-18,75300.0,53917,15.98
000120,CJ대한통운,2026-08-19,73000.0,48637,15.91
000120,CJ대한통운,2026-08-20,73500.0,30901,15.89
000120,CJ대한통운,2026-08-21,73400.0,27623,15.87
000120,CJ대한통운,2026-08-24,73900.0,34682,15.88
000120,CJ대한통운,2026-08-25,73500.0,34840,15.86
000120,CJ대한통운,2026-08-26,74600.0,21669,15.89
000120,CJ대한통운,2026-08-27,73300.0,36388,15.75
000120,CJ대한통운,2026-08-28,74700.0,37022,15.8
000120,CJ대한통운,2026-08-31,73500.0,37087,15.73
000120,CJ대한통운,2026-09-01,73500.0,49894,15.61
000120,CJ대한통운,2026-09-02,72000.0,42214,15.52
000120,CJ대한통운,2026-09-03,73500.0,40730,15.6
000120,CJ대한통운,2026-09-04,73400.0,26371,15.58
000120,CJ대한통운,2026-09-07,73700.0,25187,15.53
000120,CJ대한통운,2026-09-08,73600.0,32746,15.54
000120,CJ대한통운,2026-09-09,73000.0,28877,15.48
000120,CJ대한통운,2026-09-10,71700.0,66397,15.39
000120,CJ대한통운,2026-09-11,72200.0,43315,15.43
000120,CJ대한통운,2026-09-14,72900.0,29397,15.52
000120,CJ대한통운,2026-09-15,72000.0,26286,15.47
000120,CJ대한통운,2026-09-16,71300.0,45771,15.45
000120,CJ대한통운,2026-09-17,71600.0,28694,15.46
000120,CJ대한통운,2026-09-18,71000.0,203321,15.36
000120,CJ대한통운,2026-09-21,70800.0,27318,15.35
000120,CJ대한통운,2026-09-22,71100.0,26888,15.39
000120,CJ대한통운,2026-09-23,70100.0,54690,15.3
000120,CJ대한통운,2026-09-28,70400.0,30865,15.35
000120,CJ대한통운,2026-09-29,70500.0,25049,15.29
000120,CJ대한통운,2026-09-30,70300.0,21870,15.28
000120,CJ대한통운,2026-10-01,69800.0,40397,15.2
000120,CJ대한통운,2026-10-02,70700.0,33255,15.19
000210,DL,2026-06-09,47150.0,97541,
000210,DL,2026-06-10,47600.0,94441,
000210,DL,2026-06-11,52000.0,167351,
000210,DL,2026-06-12,54000.0,121636,
000210,DL,2026-06-15,55200.0,97533,
000210,DL,2026-06-16,54800.0,113655,
000210,DL,2026-06-17,54100.0,53924,
000210,DL,2026-06-18,52400.0,94645,
000210,DL,2026-06-19,49550.0,124562,
000210,DL,2026-06-22,48650.0,69640,
000210,DL,2026-06-23,43000.0,109765,
000210,DL,2026-06-24,44850.0,106835,
000210,DL,2026-06-25,43800.0,116176,
000210,DL,2026-06-26,41250.0,103954,
000210,DL,2026-06-29,45500.0,72329,
000210,DL,2026-06-30,43250.0,63604,
000210,DL,2026-07-01,45550.0,117893,
000210,DL,2026-07-02,45500.0,93552,
000210,DL,2026-07-03,46100.0,82688,
000210,DL,2026-07-06,45700.0,89118,
000210,DL,2026-07-07,45250.0,75685,
000210,DL,2026-07-08,44300.0,80710,
000210,DL,2026-07-09,42500.0,169685,
000210,DL,2026-07-10,45650.0,89333,
000210,DL,2026-07-13,45550.0,100156,
000210,DL,2026-07-14,45550.0,214988,
000210,DL,2026-07-15,47050.0,101550,
000210,DL,2026-07-16,46450.0,51979,
000210,DL,2026-07-20,44000.0,65437,
000210,DL,2026-07-21,46000.0,89376,
000210,DL,2026-07-22,46000.0,78347,
000210,DL,2026-07-23,50900.0,172517,
000210,DL,2026-07-24,50500.0,77580,21.96
000210,DL,2026-07-27,48450.0,82462,21.83
000210,DL,2026-07-28,44700.0,40863,21.78
000210,DL,2026-07-29,41150.0,78363,21.74
000210,DL,2026-07-30,41600.0,142310,21.83
000210,DL,2026-07-31,42950.0,96764,21.89
000210,DL,2026-08-03,45950.0,248841,21.71
000210,DL,2026-08-04,51900.0,264729,21.59
000210,DL,2026-08-05,51200.0,104450,21.46
000210,DL,2026-08-06,49700.0,61489,21.52
000210,DL,2026-08-07,50900.0,63727,21.5
000210,DL,2026-08-10,51700.0,55363,21.52
000210,DL,2026-08-11,50600.0,49431,21.51
000210,DL,2026-08-12,50100.0,50212,21.56
000210,DL,2026-08-13,50900.0,139711,21.65
000210,DL,2026-08-14,51900.0,57788,21.7
000210,DL,2026-08-18,50700.0,79361,21.69
000210,DL,2026-08-19,50100.0,39350,21.69
000210,DL,2026-08-20,48950.0,45338,21.65
000210,DL,2026-08-21,46700.0,46187,21.68
000210,DL,2026-08-24,46900.0,30690,21.66
000210,DL,2026-08-25,48150.0,40961,21.67
000210,DL,2026-08-26,49650.0,40681,21.68
000210,DL,2026-08-27,50000.0,36689,21.66
000210,DL,2026-08-28,50000.0,59041,21.65
000210,DL,2026-08-31,50400.0,29897,21.67
000210,DL,2026-09-01,50600.0,76386,21.73
000210,DL,2026-09-02,51200.0,88555,21.85
000210,DL,2026-09-03,55000.0,214903,21.88
000210,DL,2026-09-04,53600.0,57884,21.67
000210,DL,2026-09-07,53800.0,45631,21.59
000210,DL,2026-09-08,53900.0,71669,21.51
000210,DL,2026-09-09,56000.0,88217,21.48
000210,DL,2026-09-10,54800.0,85666,21.44
000210,DL,2026-09-11,55000.0,34824,21.43
000210,DL,2026-09-14,52700.0,55217,21.47
000210,DL,2026-09-15,53200.0,45294,21.39
000210,DL,2026-09-16,54900.0,91488,21.22
000210,DL,2026-09-17,54800.0,47051,21.09
000210,DL,2026-09-18,54900.0,63715,20.95
000210,DL,2026-09-21,52400.0,51723,20.88
000210,DL,2026-09-22,51700.0,30194,20.84
000210,DL,2026-09-23,50800.0,31400,20.84
000210,DL,2026-09-28,51900.0,39722,20.95
000210,DL,2026-09-29,50500.0,62953,20.9
000210,DL,2026-09-30,49650.0,50793,20.93
000210,DL,2026-10-01,48700.0,35910,20.9
000210,DL,2026-10-02,48700.0,29732,20.9
000640,동아쏘시오홀딩스,2026-06-09,83200.0,14666,
000640,동아쏘시오홀딩스,2026-06-10,82600.0,14056,
000640,동아쏘시오홀딩스,2026-06-11,82400.0,7750,
000640,동아쏘시오홀딩스,2026-06-12,82100.0,25180,
000640,동아쏘시오홀딩스,2026-06-15,84800.0,15854,
000640,동아쏘시오홀딩스,2026-06-16,85900.0,11754,
000640,동아쏘시오홀딩스,2026-06-17,84100.0,16132,
000640,동아쏘시오홀딩스,2026-06-18,84200.0,13961,
000640,동아쏘시오홀딩스,2026-06-19,79600.0,34230,
000640,동아쏘시오홀딩스,2026-06-22,78900.0,14132,
000640,동아쏘시오홀딩스,2026-06-23,76500.0,14764,
000640,동아쏘시오홀딩스,2026-06-24,78000.0,11578,
000640,동아쏘시오홀딩스,2026-06-25,77100.0,9931,
000640,동아쏘시오홀딩스,2026-06-26,75800.0,18686,
000640,동아쏘시오홀딩스,2026-06-29,79000.0,11288,
000640,동아쏘시오홀딩스,2026-06-30,81100.0,27981,
000640,동아쏘시오홀딩스,2026-07-01,81600.0,19886,
000640,동아쏘시오홀딩스,2026-07-02,82100.0,22758,
000640,동아쏘시오홀딩스,2026-07-03,82800.0,17149,
000640,동아쏘시오홀딩스,2026-07-06,83400.0,13528,
000640,동아쏘시오홀딩스,2026-07-07,85600.0,16640,
000640,동아쏘시오홀딩스,2026-07-08,84100.0,18706,
000640,동아쏘시오홀딩스,2026-07-09,83000.0,22338,
000640,동아쏘시오홀딩스,2026-07-10,82900.0,14652,
000640,동아쏘시오홀딩스,2026-07-13,82900.0,13911,
000640,동아쏘시오홀딩스,2026-07-14,81200.0,16052,
000640,동아쏘시오홀딩스,2026-07-15,81500.0,9624,
000640,동아쏘시오홀딩스,2026-07-16,81900.0,7823,
000640,동아쏘시오홀딩스,2026-07-20,78400.0,9930,
000640,동아쏘시오홀딩스,2026-07-21,78900.0,7105,
000640,동아쏘시오홀딩스,2026-07-22,77000.0,10678,
000640,동아쏘시오홀딩스,2026-07-23,80500.0,14870,
000640,동아쏘시오홀딩스,2026-07-24,83700.0,46162,15.97
000640,동아쏘시오홀딩스,2026-07-27,88000.0,35417,16.08
000640,동아쏘시오홀딩스,2026-07-28,87900.0,58512,16.31
000640,동아쏘시오홀딩스,2026-07-29,85500.0,24108,16.21
000640,동아쏘시오홀딩스,2026-07-30,85800.0,17819,16.24
000640,동아쏘시오홀딩스,2026-07-31,88200.0,13705,16.34
000640,동아쏘시오홀딩스,2026-08-03,86100.0,19521,16.33
000640,동아쏘시오홀딩스,2026-08-04,88000.0,16623,16.44
000640,동아쏘시오홀딩스,2026-08-05,87500.0,25749,16.52
000640,동아쏘시오홀딩스,2026-08-06,88500.0,10490,16.63
000640,동아쏘시오홀딩스,2026-08-07,89000.0,8845,16.64
000640,동아쏘시오홀딩스,2026-08-10,91300.0,17137,16.66
000640,동아쏘시오홀딩스,2026-08-11,97000.0,45900,16.82
000640,동아쏘시오홀딩스,2026-08-12,94800.0,28509,16.74
000640,동아쏘시오홀딩스,2026-08-13,94400.0,11012,16.33
000640,동아쏘시오홀딩스,2026-08-14,93000.0,22858,16.43
000640,동아쏘시오홀딩스,2026-08-18,91300.0,18343,16.4
000640,동아쏘시오홀딩스,2026-08-19,88200.0,26922,16.49
000640,동아쏘시오홀딩스,2026-08-20,91200.0,24629,16.6
000640,동아쏘시오홀딩스,2026-08-21,90000.0,13649,16.54
000640,동아쏘시오홀딩스,2026-08-24,92200.0,12197,17.0
000640,동아쏘시오홀딩스,2026-08-25,91800.0,10004,16.95
000640,동아쏘시오홀딩스,2026-08-26,93600.0,10601,17.01
000640,동아쏘시오홀딩스,2026-08-27,92200.0,20797,16.94
000640,동아쏘시오홀딩스,2026-08-28,96000.0,19032,17.05
000640,동아쏘시오홀딩스,2026-08-31,94200.0,11402,17.05
000640,동아쏘시오홀딩스,2026-09-01,93200.0,13086,17.05
000640,동아쏘시오홀딩스,2026-09-02,92700.0,8869,17.03
000640,동아쏘시오홀딩스,2026-09-03,94000.0,10934,17.03
000640,동아쏘시오홀딩스,2026-09-04,92600.0,12692,16.99
000640,동아쏘시오홀딩스,2026-09-07,92100.0,14994,17.03
000640,동아쏘시오홀딩스,2026-09-08,91600.0,6701,17.07
000640,동아쏘시오홀딩스,2026-09-09,91000.0,8126,17.09
000640,동아쏘시오홀딩스,2026-09-10,90900.0,11499,17.11
000640,동아쏘시오홀딩스,2026-09-11,90700.0,6804,17.13
000640,동아쏘시오홀딩스,2026-09-14,92000.0,9279,17.14
000640,동아쏘시오홀딩스,2026-09-15,93900.0,12621,17.09
000640,동아쏘시오홀딩스,2026-09-16,93500.0,10768,17.04
000640,동아쏘시오홀딩스,2026-09-17,93300.0,4869,17.01
000640,동아쏘시오홀딩스,2026-09-18,93600.0,15972,17.01
000640,동아쏘시오홀딩스,2026-09-21,94000.0,4818,17.02
000640,동아쏘시오홀딩스,2026-09-22,92700.0,12531,17.11
000640,동아쏘시오홀딩스,2026-09-23,95900.0,9883,17.09
000640,동아쏘시오홀딩스,2026-09-28,93700.0,6122,17.12
000640,동아쏘시오홀딩스,2026-09-29,93600.0,8052,17.09
000640,동아쏘시오홀딩스,2026-09-30,92700.0,8880,17.09
000640,동아쏘시오홀딩스,2026-10-01,94700.0,13041,17.09
000640,동아쏘시오홀딩스,2026-10-02,94500.0,12659,17.04
001440,대한전선,2026-06-09,38700.0,3734825,
001440,대한전선,2026-06-10,37450.0,3108982,
001440,대한전선,2026-06-11,36950.0,2496847,
001440,대한전선,2026-06-12,37850.0,3884471,
001440,대한전선,2026-06-15,39950.0,4103238,
001440,대한전선,2026-06-16,40700.0,3735057,
001440,대한전선,2026-06-17,41150.0,9662605,
001440,대한전선,2026-06-18,39500.0,5091258,
001440,대한전선,2026-06-19,38250.0,4338190,
001440,대한전선,2026-06-22,37300.0,2136795,
001440,대한전선,2026-06-23,34700.0,4281642,
001440,대한전선,2026-06-24,34150.0,2502144,
001440,대한전선,2026-06-25,33250.0,2238251,
001440,대한전선,2026-06-26,31000.0,3049140,
001440,대한전선,2026-06-29,34450.0,2830826,
001440,대한전선,2026-06-30,33900.0,2830538,
001440,대한전선,2026-07-01,36800.0,7650417,
001440,대한전선,2026-07-02,33700.0,3236298,
001440,대한전선,2026-07-03,32900.0,3020019,
001440,대한전선,2026-07-06,32250.0,1648726,
001440,대한전선,2026-07-07,30550.0,2189148,
001440,대한전선,2026-07-08,28200.0,2320304,
001440,대한전선,2026-07-09,27800.0,2022107,
001440,대한전선,2026-07-10,30250.0,2233099,
001440,대한전선,2026-07-13,28300.0,2005342,
001440,대한전선,2026-07-14,28000.0,2140653,
001440,대한전선,2026-07-15,29950.0,2055611,
001440,대한전선,2026-07-16,27700.0,1365947,
001440,대한전선,2026-07-20,25550.0,1603061,
001440,대한전선,2026-07-21,26550.0,1860143,
001440,대한전선,2026-07-22,27450.0,1796622,
001440,대한전선,2026-07-23,31000.0,2719010,
001440,대한전선,2026-07-24,28100.0,2137304,12.79
001440,대한전선,2026-07-27,28500.0,1341185,12.52
001440,대한전선,2026-07-28,25150.0,1837498,12.42
001440,대한전선,2026-07-29,22200.0,3371062,12.96
001440,대한전선,2026-07-30,20800.0,2930842,12.83
001440,대한전선,2026-07-31,23200.0,3971713,12.71
001440,대한전선,2026-08-03,23950.0,1984634,12.75
001440,대한전선,2026-08-04,25500.0,2342325,12.68
001440,대한전선,2026-08-05,28450.0,3673623,12.61
001440,대한전선,2026-08-06,27400.0,1958864,12.43
001440,대한전선,2026-08-07,27100.0,1487516,12.28
001440,대한전선,2026-08-10,28900.0,2367888,12.24
001440,대한전선,2026-08-11,28300.0,1505475,12.06
001440,대한전선,2026-08-12,29450.0,2219028,12.05
001440,대한전선,2026-08-13,30100.0,2712874,12.0
001440,대한전선,2026-08-14,29950.0,1672531,11.97
001440,대한전선,2026-08-18,28700.0,1837891,11.94
001440,대한전선,2026-08-19,28000.0,1334648,11.92
001440,대한전선,2026-08-20,28350.0,958689,11.97
001440,대한전선,2026-08-21,26650.0,1054132,11.92
001440,대한전선,2026-08-24,26700.0,950800,11.98
001440,대한전선,2026-08-25,27500.0,899590,12.0
001440,대한전선,2026-08-26,28200.0,1196055,12.04
001440,대한전선,2026-08-27,29800.0,2802309,12.16
001440,대한전선,2026-08-28,29700.0,1430555,12.1
001440,대한전선,2026-08-31,29400.0,1138806,12.06
001440,대한전선,2026-09-01,28650.0,862525,12.02
001440,대한전선,2026-09-02,27550.0,891039,12.0
001440,대한전선,2026-09-03,26950.0,1088663,11.91
001440,대한전선,2026-09-04,27400.0,699022,11.89
001440,대한전선,2026-09-07,28650.0,1199625,11.95
001440,대한전선,2026-09-08,28750.0,1665289,12.14
001440,대한전선,2026-09-09,31100.0,4107384,12.31
001440,대한전선,2026-09-10,29700.0,2645198,11.74
001440,대한전선,2026-09-11,29500.0,1214010,11.69
001440,대한전선,2026-09-14,28100.0,1098629,11.62
001440,대한전선,2026-09-15,28250.0,948857,11.54
001440,대한전선,2026-09-16,28100.0,945716,11.46
001440,대한전선,2026-09-17,28700.0,963807,11.44
001440,대한전선,2026-09-18,31650.0,8833594,11.92
001440,대한전선,2026-09-21,30250.0,3797457,11.3
001440,대한전선,2026-09-22,31900.0,9221371,11.7
001440,대한전선,2026-09-23,31350.0,3032595,11.3
001440,대한전선,2026-09-28,29850.0,2233864,11.04
001440,대한전선,2026-09-29,30350.0,1690035,10.82
001440,대한전선,2026-09-30,29850.0,2271756,10.64
001440,대한전선,2026-10-01,30400.0,1653296,10.55
001440,대한전선,2026-10-02,31500.0,3577789,10.76
001630,종근당홀딩스,2026-06-09,40650.0,10250,
001630,종근당홀딩스,2026-06-10,41250.0,7516,
001630,종근당홀딩스,2026-06-11,40850.0,5307,
001630,종근당홀딩스,2026-06-12,41550.0,6957,
001630,종근당홀딩스,2026-06-15,41200.0,9860,
001630,종근당홀딩스,2026-06-16,41600.0,5198,
001630,종근당홀딩스,2026-06-17,41800.0,3573,
001630,종근당홀딩스,2026-06-18,41100.0,78606,
001630,종근당홀딩스,2026-06-19,40350.0,14854,
001630,종근당홀딩스,2026-06-22,39850.0,4394,
001630,종근당홀딩스,2026-06-23,38650.0,12669,
001630,종근당홀딩스,2026-06-24,38050.0,7443,
001630,종근당홀딩스,2026-06-25,38400.0,4191,
001630,종근당홀딩스,2026-06-26,36700.0,12575,
001630,종근당홀딩스,2026-06-29,39350.0,9656,
001630,종근당홀딩스,2026-06-30,39100.0,4350,
001630,종근당홀딩스,2026-07-01,39000.0,5816,
001630,종근당홀딩스,2026-07-02,39750.0,12768,
001630,종근당홀딩스,2026-07-03,40200.0,4742,
001630,종근당홀딩스,2026-07-06,40050.0,4743,
001630,종근당홀딩스,2026-07-07,40200.0,2963,
001630,종근당홀딩스,2026-07-08,39500.0,14646,
001630,종근당홀딩스,2026-07-09,38450.0,6308,
001630,종근당홀딩스,2026-07-10,39400.0,3012,
001630,종근당홀딩스,2026-07-13,39750.0,9360,
001630,종근당홀딩스,2026-07-14,39400.0,4401,
001630,종근당홀딩스,2026-07-15,39300.0,3778,
001630,종근당홀딩스,2026-07-16,39550.0,4527,
001630,종근당홀딩스,2026-07-20,37750.0,5746,
001630,종근당홀딩스,2026-07-21,38200.0,4449,
001630,종근당홀딩스,2026-07-22,37500.0,5657,
001630,종근당홀딩스,2026-07-23,39100.0,2457,
001630,종근당홀딩스,2026-07-24,39150.0,3696,3.19
001630,종근당홀딩스,2026-07-27,39250.0,3340,3.2
001630,종근당홀딩스,2026-07-28,38200.0,7653,3.24
001630,종근당홀딩스,2026-07-29,37350.0,9942,3.29
001630,종근당홀딩스,2026-07-30,38150.0,5036,3.31
001630,종근당홀딩스,2026-07-31,38150.0,6190,3.36
001630,종근당홀딩스,2026-08-03,38400.0,3575,3.39
001630,종근당홀딩스,2026-08-04,39150.0,3037,3.39
001630,종근당홀딩스,2026-08-05,39250.0,3977,3.38
001630,종근당홀딩스,2026-08-06,39700.0,5367,3.41
001630,종근당홀딩스,2026-08-07,40000.0,3568,3.43
001630,종근당홀딩스,2026-08-10,40300.0,2696,3.44
001630,종근당홀딩스,2026-08-11,40550.0,2078,3.46
001630,종근당홀딩스,2026-08-12,40500.0,5298,3.44
001630,종근당홀딩스,2026-08-13,39900.0,3177,3.39
001630,종근당홀딩스,2026-08-14,41000.0,2984,3.4
001630,종근당홀딩스,2026-08-18,40200.0,8141,3.35
001630,종근당홀딩스,2026-08-19,38800.0,9219,3.31
001630,종근당홀딩스,2026-08-20,39000.0,3093,3.3
001630,종근당홀딩스,2026-08-21,38650.0,3003,3.26
001630,종근당홀딩스,2026-08-24,39000.0,1521,3.29
001630,종근당홀딩스,2026-08-25,39100.0,2958,3.3
001630,종근당홀딩스,2026-08-26,39200.0,1855,3.29
001630,종근당홀딩스,2026-08-27,39100.0,1745,3.26
001630,종근당홀딩스,2026-08-28,39200.0,2189,3.28
001630,종근당홀딩스,2026-08-31,39250.0,3373,3.28
001630,종근당홀딩스,2026-09-01,39450.0,1319,3.28
001630,종근당홀딩스,2026-09-02,39100.0,1714,3.27
001630,종근당홀딩스,2026-09-03,38900.0,3039,3.25
001630,종근당홀딩스,2026-09-04,38900.0,1024,3.23
001630,종근당홀딩스,2026-09-07,38850.0,1150,3.23
001630,종근당홀딩스,2026-09-08,38800.0,1674,3.21
001630,종근당홀딩스,2026-09-09,39000.0,656,3.21
001630,종근당홀딩스,2026-09-10,39000.0,835,3.21
001630,종근당홀딩스,2026-09-11,38850.0,1253,3.2
001630,종근당홀딩스,2026-09-14,39550.0,603,3.2
001630,종근당홀딩스,2026-09-15,39100.0,1556,3.17
001630,종근당홀딩스,2026-09-16,38550.0,2586,3.13
001630,종근당홀딩스,2026-09-17,38200.0,4198,3.07
001630,종근당홀딩스,2026-09-18,37950.0,1775,3.05
001630,종근당홀딩스,2026-09-21,38000.0,2408,3.03
001630,종근당홀딩스,2026-09-22,37650.0,2417,3.01
001630,종근당홀딩스,2026-09-23,37500.0,2929,2.99
001630,종근당홀딩스,2026-09-28,37600.0,1210,3.0
001630,종근당홀딩스,2026-09-29,37200.0,2115,2.99
001630,종근당홀딩스,2026-09-30,37350.0,1065,3.0
001630,종근당홀딩스,2026-10-01,37400.0,1535,3.0
001630,종근당홀딩스,2026-10-02,37400.0,1552,2.99
002200,한국수출포장,2026-06-09,2555.0,77704,
002200,한국수출포장,2026-06-10,2505.0,183473,
002200,한국수출포장,2026-06-11,2500.0,134105,
002200,한국수출포장,2026-06-12,2545.0,76705,
002200,한국수출포장,2026-06-15,2550.0,44798,
002200,한국수출포장,2026-06-16,2555.0,69745,
002200,한국수출포장,2026-06-17,2565.0,60937,
002200,한국수출포장,2026-06-18,2515.0,102895,
002200,한국수출포장,2026-06-19,2430.0,109225,
002200,한국수출포장,2026-06-22,2425.0,58242,
002200,한국수출포장,2026-06-23,2365.0,136321,
002200,한국수출포장,2026-06-24,2330.0,281153,
002200,한국수출포장,2026-06-25,2230.0,633292,
002200,한국수출포장,2026-06-26,2235.0,359682,
002200,한국수출포장,2026-06-29,2255.0,103368,
002200,한국수출포장,2026-06-30,2245.0,55594,
002200,한국수출포장,2026-07-01,2265.0,29756,
002200,한국수출포장,2026-07-02,2220.0,41321,
002200,한국수출포장,2026-07-03,2280.0,50286,
002200,한국수출포장,2026-07-06,2290.0,23688,
002200,한국수출포장,2026-07-07,2330.0,49825,
002200,한국수출포장,2026-07-08,2325.0,123416,
002200,한국수출포장,2026-07-09,2250.0,88861,
002200,한국수출포장,2026-07-10,2305.0,78027,
002200,한국수출포장,2026-07-13,2295.0,45945,
002200,한국수출포장,2026-07-14,2270.0,46507,
002200,한국수출포장,2026-07-15,2285.0,104120,
002200,한국수출포장,2026-07-16,2245.0,30974,
002200,한국수출포장,2026-07-20,2245.0,9154,
002200,한국수출포장,2026-07-21,2240.0,27931,
002200,한국수출포장,2026-07-22,2235.0,28832,
002200,한국수출포장,2026-07-23,2285.0,31695,
002200,한국수출포장,2026-07-24,2290.0,130712,1.91
002200,한국수출포장,2026-07-27,2315.0,76402,2.0
002200,한국수출포장,2026-07-28,2290.0,97887,2.01
002200,한국수출포장,2026-07-29,2250.0,135054,2.05
002200,한국수출포장,2026-07-30,2270.0,33937,2.08
002200,한국수출포장,2026-07-31,2270.0,26178,2.06
002200,한국수출포장,2026-08-03,2280.0,25962,2.12
002200,한국수출포장,2026-08-04,2345.0,39105,2.11
002200,한국수출포장,2026-08-05,2345.0,42888,2.09
002200,한국수출포장,2026-08-06,2395.0,105372,2.06
002200,한국수출포장,2026-08-07,2430.0,16850,2.07
002200,한국수출포장,2026-08-10,2410.0,25017,2.07
002200,한국수출포장,2026-08-11,2460.0,47496,2.1
002200,한국수출포장,2026-08-12,2435.0,24921,2.07
002200,한국수출포장,2026-08-13,2440.0,26489,2.06
002200,한국수출포장,2026-08-14,2525.0,48204,2.07
002200,한국수출포장,2026-08-18,2540.0,46529,2.86
002200,한국수출포장,2026-08-19,2560.0,44438,2.84
002200,한국수출포장,2026-08-20,2565.0,62732,2.6
002200,한국수출포장,2026-08-21,2560.0,18896,2.59
002200,한국수출포장,2026-08-24,2575.0,33978,2.58
002200,한국수출포장,2026-08-25,2620.0,8392,2.59
002200,한국수출포장,2026-08-26,2620.0,12564,2.58
002200,한국수출포장,2026-08-27,2660.0,21686,2.57
002200,한국수출포장,2026-08-28,2665.0,10302,2.57
002200,한국수출포장,2026-08-31,2695.0,307692,2.6
002200,한국수출포장,2026-09-01,2710.0,131493,2.63
002200,한국수출포장,2026-09-02,2710.0,42210,2.58
002200,한국수출포장,2026-09-03,2700.0,38739,2.54
002200,한국수출포장,2026-09-04,2725.0,3295,2.54
002200,한국수출포장,2026-09-07,2680.0,32422,2.52
002200,한국수출포장,2026-09-08,2680.0,30070,2.49
002200,한국수출포장,2026-09-09,2700.0,47881,2.48
002200,한국수출포장,2026-09-10,2865.0,138229,2.48
002200,한국수출포장,2026-09-11,2875.0,75472,2.52
002200,한국수출포장,2026-09-14,2925.0,42119,2.51
002200,한국수출포장,2026-09-15,2870.0,44748,2.46
002200,한국수출포장,2026-09-16,2905.0,16236,2.46
002200,한국수출포장,2026-09-17,2845.0,61549,2.44
002200,한국수출포장,2026-09-18,2855.0,18739,2.43
002200,한국수출포장,2026-09-21,2835.0,33212,2.37
002200,한국수출포장,2026-09-22,2855.0,33040,2.37
002200,한국수출포장,2026-09-23,2815.0,4262,2.38
002200,한국수출포장,2026-09-28,2785.0,8039,2.35
002200,한국수출포장,2026-09-29,2790.0,32440,2.31
002200,한국수출포장,2026-09-30,2790.0,9901,2.29
002200,한국수출포장,2026-10-01,2770.0,26104,2.53
002200,한국수출포장,2026-10-02,2795.0,17626,2.5
002310,아세아제지,2026-06-09,7250.0,133513,
002310,아세아제지,2026-06-10,7360.0,125406,
002310,아세아제지,2026-06-11,7580.0,104414,
002310,아세아제지,2026-06-12,7940.0,120525,
002310,아세아제지,2026-06-15,8120.0,135860,
002310,아세아제지,2026-06-16,8270.0,87375,
002310,아세아제지,2026-06-17,8330.0,102726,
002310,아세아제지,2026-06-18,8200.0,100161,
002310,아세아제지,2026-06-19,7920.0,163118,
002310,아세아제지,2026-06-22,7930.0,146418,
002310,아세아제지,2026-06-23,7690.0,157301,
002310,아세아제지,2026-06-24,7680.0,131760,
002310,아세아제지,2026-06-25,7450.0,201188,
002310,아세아제지,2026-06-26,7330.0,459824,
002310,아세아제지,2026-06-29,7790.0,81790,
002310,아세아제지,2026-06-30,7780.0,92406,
002310,아세아제지,2026-07-01,8040.0,82908,
002310,아세아제지,2026-07-02,8030.0,139890,
002310,아세아제지,2026-07-03,8050.0,46546,
002310,아세아제지,2026-07-06,8100.0,67086,
002310,아세아제지,2026-07-07,8000.0,93175,
002310,아세아제지,2026-07-08,7890.0,153584,
002310,아세아제지,2026-07-09,7790.0,78559,
002310,아세아제지,2026-07-10,8040.0,91921,
002310,아세아제지,2026-07-13,7880.0,70988,
002310,아세아제지,2026-07-14,7740.0,165699,
002310,아세아제지,2026-07-15,7650.0,85848,
002310,아세아제지,2026-07-16,7660.0,91895,
002310,아세아제지,2026-07-20,7340.0,125388,
002310,아세아제지,2026-07-21,7340.0,53789,
002310,아세아제지,2026-07-22,7290.0,60199,
002310,아세아제지,2026-07-23,7500.0,63550,
002310,아세아제지,2026-07-24,7580.0,64760,4.7
002310,아세아제지,2026-07-27,7560.0,112720,4.65
002310,아세아제지,2026-07-28,7300.0,142977,4.74
002310,아세아제지,2026-07-29,6990.0,258474,4.84
002310,아세아제지,2026-07-30,7300.0,142033,4.98
002310,아세아제지,2026-07-31,7300.0,76771,5.04
002310,아세아제지,2026-08-03,7310.0,68253,5.03
002310,아세아제지,2026-08-04,7560.0,71253,5.08
002310,아세아제지,2026-08-05,7530.0,78135,5.12
002310,아세아제지,2026-08-06,7860.0,136439,5.25
002310,아세아제지,2026-08-07,8000.0,76589,5.28
002310,아세아제지,2026-08-10,8030.0,85689,5.27
002310,아세아제지,2026-08-11,8060.0,50658,5.26
002310,아세아제지,2026-08-12,7960.0,152786,5.23
002310,아세아제지,2026-08-13,7800.0,131217,5.12
002310,아세아제지,2026-08-14,7790.0,138427,5.17
002310,아세아제지,2026-08-18,7750.0,84939,5.13
002310,아세아제지,2026-08-19,7830.0,65187,5.09
002310,아세아제지,2026-08-20,7700.0,70536,5.06
002310,아세아제지,2026-08-21,7670.0,42378,5.08
002310,아세아제지,2026-08-24,7770.0,87750,5.13
002310,아세아제지,2026-08-25,8560.0,342805,5.17
002310,아세아제지,2026-08-26,8480.0,91368,5.03
002310,아세아제지,2026-08-27,8350.0,106991,5.0
002310,아세아제지,2026-08-28,8560.0,50726,5.04
002310,아세아제지,2026-08-31,8540.0,94826,5.14
002310,아세아제지,2026-09-01,8610.0,45978,5.01
002310,아세아제지,2026-09-02,8450.0,75055,4.99
002310,아세아제지,2026-09-03,8610.0,65222,5.0
002310,아세아제지,2026-09-04,8840.0,112606,4.9
002310,아세아제지,2026-09-07,8980.0,82636,4.9
002310,아세아제지,2026-09-08,8920.0,86713,4.88
002310,아세아제지,2026-09-09,8650.0,135631,4.88
002310,아세아제지,2026-09-10,8720.0,48855,4.89
002310,아세아제지,2026-09-11,8720.0,32335,4.9
002310,아세아제지,2026-09-14,8680.0,24895,4.89
002310,아세아제지,2026-09-15,8440.0,35394,4.86
002310,아세아제지,2026-09-16,8500.0,47829,4.93
002310,아세아제지,2026-09-17,8410.0,54859,4.93
002310,아세아제지,2026-09-18,8500.0,29573,4.95
002310,아세아제지,2026-09-21,8450.0,54338,4.94
002310,아세아제지,2026-09-22,8290.0,50657,4.93
002310,아세아제지,2026-09-23,8390.0,47853,4.88
002310,아세아제지,2026-09-28,8290.0,62747,4.9
002310,아세아제지,2026-09-29,7930.0,188485,4.75
002310,아세아제지,2026-09-30,7930.0,157878,4.87
002310,아세아제지,2026-10-01,7890.0,24098,4.85
002310,아세아제지,2026-10-02,7900.0,25825,4.8
002390,한독,2026-06-09,7700.0,10302,
002390,한독,2026-06-10,7830.0,11440,
002390,한독,2026-06-11,7800.0,11864,
002390,한독,2026-06-12,7880.0,11059,
002390,한독,2026-06-15,8100.0,11448,
002390,한독,2026-06-16,8080.0,2926,
002390,한독,2026-06-17,8050.0,12663,
002390,한독,2026-06-18,7800.0,26272,
002390,한독,2026-06-19,7670.0,20236,
002390,한독,2026-06-22,7430.0,23642,
002390,한독,2026-06-23,6920.0,36756,
002390,한독,2026-06-24,7060.0,23335,
002390,한독,2026-06-25,6850.0,14478,
002390,한독,2026-06-26,6700.0,30640,
002390,한독,2026-06-29,7130.0,18959,
002390,한독,2026-06-30,7070.0,17514,
002390,한독,2026-07-01,7330.0,6392,
002390,한독,2026-07-02,7320.0,8938,
002390,한독,2026-07-03,7410.0,31218,
002390,한독,2026-07-06,7740.0,9711,
002390,한독,2026-07-07,7800.0,12981,
002390,한독,2026-07-08,7880.0,17345,
002390,한독,2026-07-09,7940.0,22043,
002390,한독,2026-07-10,7890.0,5394,
002390,한독,2026-07-13,7800.0,12550,
002390,한독,2026-07-14,7900.0,26172,
002390,한독,2026-07-15,8120.0,193941,
002390,한독,2026-07-16,8400.0,26418,
002390,한독,2026-07-20,8310.0,20461,
002390,한독,2026-07-21,8230.0,32202,
002390,한독,2026-07-22,8370.0,9917,
002390,한독,2026-07-23,8580.0,9414,
002390,한독,2026-07-24,8690.0,9490,2.26
002390,한독,2026-07-27,9000.0,11904,2.27
002390,한독,2026-07-28,8750.0,25488,2.25
002390,한독,2026-07-29,8680.0,18741,2.28
002390,한독,2026-07-30,8860.0,20086,2.29
002390,한독,2026-07-31,8960.0,19434,2.29
002390,한독,2026-08-03,9050.0,9514,2.31
002390,한독,2026-08-04,9290.0,12471,2.33
002390,한독,2026-08-05,9300.0,13565,2.31
002390,한독,2026-08-06,9250.0,7125,2.31
002390,한독,2026-08-07,9500.0,12631,2.31
002390,한독,2026-08-10,9530.0,11080,2.33
002390,한독,2026-08-11,9690.0,21913,2.37
002390,한독,2026-08-12,9690.0,16715,2.35
002390,한독,2026-08-13,9580.0,25428,2.31
002390,한독,2026-08-14,9600.0,14540,2.29
002390,한독,2026-08-18,9340.0,38307,2.37
002390,한독,2026-08-19,9290.0,23167,2.3
002390,한독,2026-08-20,9330.0,8367,2.28
002390,한독,2026-08-21,9370.0,10871,2.29
002390,한독,2026-08-24,9360.0,5070,2.28
002390,한독,2026-08-25,9380.0,3967,2.28
002390,한독,2026-08-26,9450.0,5351,2.27
002390,한독,2026-08-27,9480.0,2683,2.26
002390,한독,2026-08-28,9470.0,4539,2.26
002390,한독,2026-08-31,9510.0,5027,2.26
002390,한독,2026-09-01,9600.0,3793,2.24
002390,한독,2026-09-02,9630.0,10195,2.21
002390,한독,2026-09-03,9520.0,26842,2.2
002390,한독,2026-09-04,9530.0,3972,2.2
002390,한독,2026-09-07,9530.0,7174,2.2
002390,한독,2026-09-08,9420.0,17722,2.19
002390,한독,2026-09-09,9450.0,2143,2.18
002390,한독,2026-09-10,9460.0,6122,2.19
002390,한독,2026-09-11,9460.0,6660,2.17
002390,한독,2026-09-14,9430.0,7144,2.15
002390,한독,2026-09-15,9140.0,14475,2.1
002390,한독,2026-09-16,8930.0,11289,2.12
002390,한독,2026-09-17,8510.0,20122,2.02
002390,한독,2026-09-18,8570.0,7019,2.01
002390,한독,2026-09-21,8540.0,13581,2.02
002390,한독,2026-09-22,8350.0,2823,2.01
002390,한독,2026-09-23,8370.0,6017,2.0
002390,한독,2026-09-28,8700.0,4339,2.01
002390,한독,2026-09-29,8500.0,7196,1.99
002390,한독,2026-09-30,8810.0,3476,1.98
002390,한독,2026-10-01,8560.0,5911,2.0
002390,한독,2026-10-02,8740.0,1496,2.0
002840,미원상사,2026-06-09,116000.0,4784,
002840,미원상사,2026-06-10,119200.0,3371,
002840,미원상사,2026-06-11,127400.0,13303,
002840,미원상사,2026-06-12,120500.0,7477,
002840,미원상사,2026-06-15,122300.0,7335,
002840,미원상사,2026-06-16,125500.0,5112,
002840,미원상사,2026-06-17,122400.0,6405,
002840,미원상사,2026-06-18,122700.0,4231,
002840,미원상사,2026-06-19,118500.0,6052,
002840,미원상사,2026-06-22,116500.0,3869,
002840,미원상사,2026-06-23,114100.0,4453,
002840,미원상사,2026-06-24,110500.0,5902,
002840,미원상사,2026-06-25,113200.0,2944,
002840,미원상사,2026-06-26,112400.0,4890,
002840,미원상사,2026-06-29,124000.0,4585,
002840,미원상사,2026-06-30,116800.0,5921,
002840,미원상사,2026-07-01,121000.0,5243,
002840,미원상사,2026-07-02,122900.0,2528,
002840,미원상사,2026-07-03,125800.0,9913,
002840,미원상사,2026-07-06,119500.0,4022,
002840,미원상사,2026-07-07,122900.0,3469,
002840,미원상사,2026-07-08,123900.0,3986,
002840,미원상사,2026-07-09,134900.0,14547,
002840,미원상사,2026-07-10,120800.0,8165,
002840,미원상사,2026-07-13,122000.0,3273,
002840,미원상사,2026-07-14,120200.0,4139,
002840,미원상사,2026-07-15,122000.0,9409,
002840,미원상사,2026-07-16,123900.0,3145,
002840,미원상사,2026-07-20,123000.0,3752,
002840,미원상사,2026-07-21,120400.0,6803,
002840,미원상사,2026-07-22,121100.0,6518,
002840,미원상사,2026-07-23,123800.0,5870,
002840,미원상사,2026-07-24,125700.0,4052,2.78
002840,미원상사,2026-07-27,125900.0,3044,2.79
002840,미원상사,2026-07-28,123500.0,3018,2.79
002840,미원상사,2026-07-29,121900.0,6001,2.94
002840,미원상사,2026-07-30,126900.0,8566,2.99
002840,미원상사,2026-07-31,123200.0,7908,2.97
002840,미원상사,2026-08-03,119900.0,7333,2.97
002840,미원상사,2026-08-04,120000.0,4076,2.95
002840,미원상사,2026-08-05,118400.0,5829,2.93
002840,미원상사,2026-08-06,123600.0,3818,2.93
002840,미원상사,2026-08-07,124400.0,6832,2.92
002840,미원상사,2026-08-10,123200.0,3706,2.91
002840,미원상사,2026-08-11,125700.0,3186,2.92
002840,미원상사,2026-08-12,121300.0,4268,2.91
002840,미원상사,2026-08-13,129500.0,6697,2.89
002840,미원상사,2026-08-14,129400.0,10625,2.87
002840,미원상사,2026-08-18,130300.0,9427,2.88
002840,미원상사,2026-08-19,129300.0,4376,2.84
002840,미원상사,2026-08-20,121700.0,7079,2.79
002840,미원상사,2026-08-21,124300.0,5666,2.81
002840,미원상사,2026-08-24,131800.0,12620,2.92
002840,미원상사,2026-08-25,134500.0,5659,2.9
002840,미원상사,2026-08-26,137200.0,3848,2.9
002840,미원상사,2026-08-27,135800.0,6429,2.88
002840,미원상사,2026-08-28,138800.0,3395,2.9
002840,미원상사,2026-08-31,138300.0,1089,2.9
002840,미원상사,2026-09-01,138000.0,2529,2.89
002840,미원상사,2026-09-02,128400.0,1837,2.87
002840,미원상사,2026-09-03,131400.0,1736,2.87
002840,미원상사,2026-09-04,130000.0,2744,2.89
002840,미원상사,2026-09-07,131800.0,1844,2.89
002840,미원상사,2026-09-08,130400.0,1335,2.88
002840,미원상사,2026-09-09,129200.0,713,2.87
002840,미원상사,2026-09-10,133000.0,5879,2.91
002840,미원상사,2026-09-11,135500.0,3764,2.93
002840,미원상사,2026-09-14,134600.0,1897,2.94
002840,미원상사,2026-09-15,132000.0,2277,2.92
002840,미원상사,2026-09-16,134800.0,2576,2.92
002840,미원상사,2026-09-17,134700.0,1476,2.92
002840,미원상사,2026-09-18,134800.0,1622,2.91
002840,미원상사,2026-09-21,136000.0,919,2.91
002840,미원상사,2026-09-22,136900.0,1276,2.91
002840,미원상사,2026-09-23,136500.0,1285,2.85
002840,미원상사,2026-09-28,138600.0,2587,2.88
002840,미원상사,2026-09-29,135600.0,2892,2.88
002840,미원상사,2026-09-30,134700.0,2829,2.88
002840,미원상사,2026-10-01,134400.0,1726,2.87
002840,미원상사,2026-10-02,135700.0,1018,2.87
003490,대한항공,2026-06-09,24850.0,1827147,
003490,대한항공,2026-06-10,25450.0,2233204,
003490,대한항공,2026-06-11,24800.0,2040467,
003490,대한항공,2026-06-12,26600.0,3332672,
003490,대한항공,2026-06-15,30000.0,11997828,
003490,대한항공,2026-06-16,29300.0,2990653,
003490,대한항공,2026-06-17,28800.0,2095522,
003490,대한항공,2026-06-18,28850.0,2324009,
003490,대한항공,2026-06-19,27950.0,3870295,
003490,대한항공,2026-06-22,27050.0,1838502,
003490,대한항공,2026-06-23,25900.0,2260005,
003490,대한항공,2026-06-24,27350.0,2821467,
003490,대한항공,2026-06-25,29100.0,4766608,
003490,대한항공,2026-06-26,28050.0,2572962,
003490,대한항공,2026-06-29,28350.0,2078092,
003490,대한항공,2026-06-30,27550.0,1725265,
003490,대한항공,2026-07-01,27800.0,2381282,
003490,대한항공,2026-07-02,28550.0,6573505,
003490,대한항공,2026-07-03,28850.0,3700363,
003490,대한항공,2026-07-06,28750.0,2739767,
003490,대한항공,2026-07-07,29150.0,3729911,
003490,대한항공,2026-07-08,28150.0,4568480,
003490,대한항공,2026-07-09,26700.0,4069267,
003490,대한항공,2026-07-10,26750.0,3662042,
003490,대한항공,2026-07-13,25850.0,3246314,
003490,대한항공,2026-07-14,26500.0,4249137,
003490,대한항공,2026-07-15,26650.0,3170097,
003490,대한항공,2026-07-16,26500.0,2459552,
003490,대한항공,2026-07-20,25350.0,2004207,
003490,대한항공,2026-07-21,25350.0,1623460,
003490,대한항공,2026-07-22,24900.0,2048346,
003490,대한항공,2026-07-23,25750.0,1975004,
003490,대한항공,2026-07-24,25450.0,3036913,22.58
003490,대한항공,2026-07-27,26450.0,3218408,22.74
003490,대한항공,2026-07-28,25250.0,2248339,22.61
003490,대한항공,2026-07-29,24800.0,3186341,22.44
003490,대한항공,2026-07-30,24650.0,2301131,22.47
003490,대한항공,2026-07-31,25900.0,2557579,22.68
003490,대한항공,2026-08-03,26200.0,3168112,22.79
003490,대한항공,2026-08-04,26100.0,1563691,22.74
003490,대한항공,2026-08-05,26900.0,3845447,22.95
003490,대한항공,2026-08-06,27500.0,2562853,23.1
003490,대한항공,2026-08-07,27150.0,1834848,23.12
003490,대한항공,2026-08-10,26850.0,1821076,23.08
003490,대한항공,2026-08-11,26650.0,1400829,23.1
003490,대한항공,2026-08-12,26500.0,1453243,23.12
003490,대한항공,2026-08-13,26100.0,2948873,23.12
003490,대한항공,2026-08-14,26300.0,1622859,23.13
003490,대한항공,2026-08-18,25250.0,2774351,22.95
003490,대한항공,2026-08-19,25050.0,1944530,22.78
003490,대한항공,2026-08-20,25050.0,1603696,22.64
003490,대한항공,2026-08-21,25800.0,3922193,22.63
003490,대한항공,2026-08-24,26000.0,2887203,22.58
003490,대한항공,2026-08-25,26300.0,2086516,22.61
003490,대한항공,2026-08-26,28150.0,6214419,23.15
003490,대한항공,2026-08-27,28200.0,3162035,23.46
003490,대한항공,2026-08-28,28700.0,2745728,23.68
003490,대한항공,2026-08-31,28100.0,2531881,23.76
003490,대한항공,2026-09-01,28750.0,2274669,23.88
003490,대한항공,2026-09-02,28900.0,3210624,23.95
003490,대한항공,2026-09-03,29150.0,3240922,24.02
003490,대한항공,2026-09-04,30200.0,4829883,24.42
003490,대한항공,2026-09-07,30350.0,3184473,24.53
003490,대한항공,2026-09-08,30100.0,2494459,24.67
003490,대한항공,2026-09-09,29800.0,3050070,24.99
003490,대한항공,2026-09-10,29550.0,4292536,25.55
003490,대한항공,2026-09-11,28950.0,2165418,25.72
003490,대한항공,2026-09-14,29650.0,2078340,25.79
003490,대한항공,2026-09-15,29350.0,974019,25.81
003490,대한항공,2026-09-16,29250.0,1322448,25.81
003490,대한항공,2026-09-17,29550.0,1610759,25.78
003490,대한항공,2026-09-18,29150.0,2500096,25.79
003490,대한항공,2026-09-21,29050.0,1158147,25.75
003490,대한항공,2026-09-22,31650.0,7326416,26.37
003490,대한항공,2026-09-23,31500.0,4154511,26.39
003490,대한항공,2026-09-28,31450.0,2860534,26.36
003490,대한항공,2026-09-29,31550.0,1849487,26.36
003490,대한항공,2026-09-30,32050.0,2648543,26.43
003490,대한항공,2026-10-01,31050.0,1822858,26.31
003490,대한항공,2026-10-02,30850.0,1868125,26.31
003540,대신증권,2026-06-09,29550.0,96547,
003540,대신증권,2026-06-10,29000.0,56562,
003540,대신증권,2026-06-11,28600.0,101802,
003540,대신증권,2026-06-12,29600.0,312477,
003540,대신증권,2026-06-15,29800.0,282153,
003540,대신증권,2026-06-16,31250.0,339832,
003540,대신증권,2026-06-17,30500.0,94268,
003540,대신증권,2026-06-18,29700.0,93084,
003540,대신증권,2026-06-19,29200.0,107533,
003540,대신증권,2026-06-22,28500.0,76346,
003540,대신증권,2026-06-23,26850.0,117730,
003540,대신증권,2026-06-24,27150.0,84899,
003540,대신증권,2026-06-25,27450.0,97089,
003540,대신증권,2026-06-26,26050.0,100258,
003540,대신증권,2026-06-29,27450.0,67465,
003540,대신증권,2026-06-30,27000.0,58905,
003540,대신증권,2026-07-01,27900.0,68973,
003540,대신증권,2026-07-02,27150.0,73959,
003540,대신증권,2026-07-03,29300.0,181139,
003540,대신증권,2026-07-06,29500.0,124361,
003540,대신증권,2026-07-07,28500.0,66485,
003540,대신증권,2026-07-08,27600.0,71372,
003540,대신증권,2026-07-09,26450.0,88606,
003540,대신증권,2026-07-10,27750.0,81597,
003540,대신증권,2026-07-13,26250.0,200200,
003540,대신증권,2026-07-14,25650.0,112686,
003540,대신증권,2026-07-15,26250.0,72926,
003540,대신증권,2026-07-16,25850.0,63915,
003540,대신증권,2026-07-20,25300.0,59338,
003540,대신증권,2026-07-21,25450.0,55519,
003540,대신증권,2026-07-22,25450.0,74820,
003540,대신증권,2026-07-23,26200.0,58680,
003540,대신증권,2026-07-24,25750.0,58879,10.27
003540,대신증권,2026-07-27,26000.0,55366,10.23
003540,대신증권,2026-07-28,24400.0,133259,10.06
003540,대신증권,2026-07-29,23550.0,138822,10.06
003540,대신증권,2026-07-30,23950.0,82867,10.15
003540,대신증권,2026-07-31,25850.0,106721,10.24
003540,대신증권,2026-08-03,25850.0,63352,10.26
003540,대신증권,2026-08-04,26200.0,36248,10.26
003540,대신증권,2026-08-05,26450.0,24296,10.26
003540,대신증권,2026-08-06,26550.0,77718,10.21
003540,대신증권,2026-08-07,26100.0,55353,10.16
003540,대신증권,2026-08-10,26450.0,49980,10.23
003540,대신증권,2026-08-11,26300.0,45775,10.21
003540,대신증권,2026-08-12,27750.0,150470,10.24
003540,대신증권,2026-08-13,26950.0,139082,10.06
003540,대신증권,2026-08-14,27200.0,53196,10.07
003540,대신증권,2026-08-18,26300.0,78353,9.95
003540,대신증권,2026-08-19,25400.0,83755,9.94
003540,대신증권,2026-08-20,26150.0,66844,9.91
003540,대신증권,2026-08-21,25900.0,50104,9.87
003540,대신증권,2026-08-24,25950.0,48052,9.84
003540,대신증권,2026-08-25,26400.0,40846,9.88
003540,대신증권,2026-08-26,26950.0,40754,9.88
003540,대신증권,2026-08-27,26800.0,34326,9.86
003540,대신증권,2026-08-28,26950.0,27442,9.88
003540,대신증권,2026-08-31,27100.0,42396,9.9
003540,대신증권,2026-09-01,26900.0,26666,9.91
003540,대신증권,2026-09-02,26400.0,63338,9.91
003540,대신증권,2026-09-03,26350.0,94936,9.99
003540,대신증권,2026-09-04,26500.0,37778,9.98
003540,대신증권,2026-09-07,26650.0,56986,9.99
003540,대신증권,2026-09-08,26650.0,42407,10.02
003540,대신증권,2026-09-09,27200.0,68070,10.0
003540,대신증권,2026-09-10,27000.0,111690,9.9
003540,대신증권,2026-09-11,27200.0,41948,9.91
003540,대신증권,2026-09-14,27600.0,157022,9.89
003540,대신증권,2026-09-15,26900.0,83449,9.78
003540,대신증권,2026-09-16,26850.0,50761,9.71
003540,대신증권,2026-09-17,26550.0,53562,9.65
003540,대신증권,2026-09-18,26200.0,93202,9.6
003540,대신증권,2026-09-21,26400.0,42143,9.64
003540,대신증권,2026-09-22,26450.0,56675,9.62
003540,대신증권,2026-09-23,26150.0,69572,9.58
003540,대신증권,2026-09-28,25950.0,33298,9.59
003540,대신증권,2026-09-29,25750.0,78035,9.51
003540,대신증권,2026-09-30,25350.0,66347,9.41
003540,대신증권,2026-10-01,25500.0,23580,9.38
003540,대신증권,2026-10-02,25450.0,15555,9.37
003830,대한화섬,2026-06-09,113100.0,249,
003830,대한화섬,2026-06-10,113500.0,63,
003830,대한화섬,2026-06-11,114300.0,14,
003830,대한화섬,2026-06-12,114300.0,71,
003830,대한화섬,2026-06-15,114500.0,182,
003830,대한화섬,2026-06-16,114900.0,163,
003830,대한화섬,2026-06-17,115000.0,113,
003830,대한화섬,2026-06-18,111000.0,335,
003830,대한화섬,2026-06-19,110900.0,305,
003830,대한화섬,2026-06-22,110100.0,194,
003830,대한화섬,2026-06-23,109500.0,120,
003830,대한화섬,2026-06-24,107800.0,120,
003830,대한화섬,2026-06-25,107600.0,42,
003830,대한화섬,2026-06-26,107200.0,293,
003830,대한화섬,2026-06-29,106000.0,1037,
003830,대한화섬,2026-06-30,105300.0,1446,
003830,대한화섬,2026-07-01,104000.0,671,
003830,대한화섬,2026-07-02,103900.0,170,
003830,대한화섬,2026-07-03,105100.0,56,
003830,대한화섬,2026-07-06,105800.0,157,
003830,대한화섬,2026-07-07,105700.0,120,
003830,대한화섬,2026-07-08,107000.0,171,
003830,대한화섬,2026-07-09,108000.0,120,
003830,대한화섬,2026-07-10,108000.0,61,
003830,대한화섬,2026-07-13,107400.0,134,
003830,대한화섬,2026-07-14,108000.0,1453,
003830,대한화섬,2026-07-15,109900.0,239,
003830,대한화섬,2026-07-16,109300.0,249,
003830,대한화섬,2026-07-20,109000.0,148,
003830,대한화섬,2026-07-21,109200.0,49,
003830,대한화섬,2026-07-22,111600.0,34,
003830,대한화섬,2026-07-23,113000.0,104,
003830,대한화섬,2026-07-24,112000.0,255,0.47
003830,대한화섬,2026-07-27,112600.0,210,0.46
003830,대한화섬,2026-07-28,110200.0,349,0.46
003830,대한화섬,2026-07-29,109400.0,48,0.46
003830,대한화섬,2026-07-30,110800.0,140,0.46
003830,대한화섬,2026-07-31,111600.0,170,0.46
003830,대한화섬,2026-08-03,113000.0,119,0.46
003830,대한화섬,2026-08-04,113300.0,31,0.46
003830,대한화섬,2026-08-05,112500.0,73,0.46
003830,대한화섬,2026-08-06,113100.0,56,0.46
003830,대한화섬,2026-08-07,115200.0,29,0.46
003830,대한화섬,2026-08-10,116000.0,56,0.46
003830,대한화섬,2026-08-11,116400.0,18,0.46
003830,대한화섬,2026-08-12,118100.0,155,0.46
003830,대한화섬,2026-08-13,116500.0,265,0.46
003830,대한화섬,2026-08-14,117900.0,214,0.47
003830,대한화섬,2026-08-18,118700.0,278,0.47
003830,대한화섬,2026-08-19,119000.0,115,0.46
003830,대한화섬,2026-08-20,115800.0,1623,0.45
003830,대한화섬,2026-08-21,113500.0,276,0.45
003830,대한화섬,2026-08-24,115400.0,4707,0.48
003830,대한화섬,2026-08-25,115500.0,83,0.48
003830,대한화섬,2026-08-26,115800.0,40,0.48
003830,대한화섬,2026-08-27,115500.0,70,0.48
003830,대한화섬,2026-08-28,116500.0,48,0.48
003830,대한화섬,2026-08-31,117500.0,51,0.48
003830,대한화섬,2026-09-01,116200.0,210,0.48
003830,대한화섬,2026-09-02,114000.0,213,0.47
003830,대한화섬,2026-09-03,113400.0,371,0.47
003830,대한화섬,2026-09-04,114800.0,97,0.47
003830,대한화섬,2026-09-07,114500.0,135,0.46
003830,대한화섬,2026-09-08,114300.0,230,0.46
003830,대한화섬,2026-09-09,114200.0,18,0.46
003830,대한화섬,2026-09-10,114200.0,27,0.46
003830,대한화섬,2026-09-11,114200.0,268,0.46
003830,대한화섬,2026-09-14,117700.0,218,0.46
003830,대한화섬,2026-09-15,119900.0,160,0.46
003830,대한화섬,2026-09-16,114200.0,260,0.46
003830,대한화섬,2026-09-17,114100.0,201,0.46
003830,대한화섬,2026-09-18,122000.0,284,0.46
003830,대한화섬,2026-09-21,111900.0,264,0.46
003830,대한화섬,2026-09-22,111700.0,22,0.46
003830,대한화섬,2026-09-23,113900.0,230,0.46
003830,대한화섬,2026-09-28,110000.0,47,0.46
003830,대한화섬,2026-09-29,108600.0,97,0.46
003830,대한화섬,2026-09-30,108200.0,144,0.46
003830,대한화섬,2026-10-01,109700.0,30,0.46
003830,대한화섬,2026-10-02,109400.0,144,0.45
003960,사조대림,2026-06-09,26050.0,7469,
003960,사조대림,2026-06-10,25400.0,6339,
003960,사조대림,2026-06-11,25050.0,8722,
003960,사조대림,2026-06-12,25750.0,5440,
003960,사조대림,2026-06-15,26550.0,7178,
003960,사조대림,2026-06-16,27000.0,7762,
003960,사조대림,2026-06-17,27100.0,2657,
003960,사조대림,2026-06-18,26750.0,9127,
003960,사조대림,2026-06-19,27700.0,36485,
003960,사조대림,2026-06-22,26850.0,5167,
003960,사조대림,2026-06-23,26650.0,10267,
003960,사조대림,2026-06-24,25900.0,4546,
003960,사조대림,2026-06-25,25850.0,7406,
003960,사조대림,2026-06-26,25800.0,13283,
003960,사조대림,2026-06-29,27250.0,7278,
003960,사조대림,2026-06-30,27400.0,2187,
003960,사조대림,2026-07-01,28100.0,5222,
003960,사조대림,2026-07-02,29150.0,12258,
003960,사조대림,2026-07-03,29150.0,11213,
003960,사조대림,2026-07-06,29950.0,12167,
003960,사조대림,2026-07-07,30050.0,9402,
003960,사조대림,2026-07-08,29400.0,6695,
003960,사조대림,2026-07-09,29500.0,6647,
003960,사조대림,2026-07-10,29850.0,22062,
003960,사조대림,2026-07-13,28800.0,17853,
003960,사조대림,2026-07-14,29150.0,17661,
003960,사조대림,2026-07-15,29600.0,3249,
003960,사조대림,2026-07-16,29600.0,3547,
003960,사조대림,2026-07-20,29400.0,11378,
003960,사조대림,2026-07-21,29550.0,3742,
003960,사조대림,2026-07-22,29650.0,8081,
003960,사조대림,2026-07-23,30050.0,3859,
003960,사조대림,2026-07-24,30000.0,3603,1.72
003960,사조대림,2026-07-27,30250.0,3509,1.8
003960,사조대림,2026-07-28,29450.0,7364,1.72
003960,사조대림,2026-07-29,29050.0,17305,1.77
003960,사조대림,2026-07-30,29050.0,8790,1.81
003960,사조대림,2026-07-31,30000.0,14090,1.81
003960,사조대림,2026-08-03,30250.0,6293,1.8
003960,사조대림,2026-08-04,30550.0,2641,1.81
003960,사조대림,2026-08-05,30800.0,4097,1.79
003960,사조대림,2026-08-06,30800.0,3401,1.78
003960,사조대림,2026-08-07,31650.0,30434,1.85
003960,사조대림,2026-08-10,32200.0,6369,1.84
003960,사조대림,2026-08-11,32800.0,9159,1.84
003960,사조대림,2026-08-12,31950.0,4200,1.82
003960,사조대림,2026-08-13,31400.0,7295,1.8
003960,사조대림,2026-08-14,31650.0,2198,1.83
003960,사조대림,2026-08-18,30450.0,11918,1.73
003960,사조대림,2026-08-19,30100.0,3970,1.71
003960,사조대림,2026-08-20,29950.0,2291,1.69
003960,사조대림,2026-08-21,30200.0,2726,1.7
003960,사조대림,2026-08-24,30700.0,3916,1.71
003960,사조대림,2026-08-25,30350.0,3936,1.71
003960,사조대림,2026-08-26,31050.0,2921,1.72
003960,사조대림,2026-08-27,30400.0,6782,1.7
003960,사조대림,2026-08-28,31000.0,149781,1.72
003960,사조대림,2026-08-31,31000.0,3860,1.67
003960,사조대림,2026-09-01,30950.0,7462,1.64
003960,사조대림,2026-09-02,30700.0,1773,1.63
003960,사조대림,2026-09-03,30300.0,1865,1.63
003960,사조대림,2026-09-04,30800.0,996,1.63
003960,사조대림,2026-09-07,29650.0,4719,1.59
003960,사조대림,2026-09-08,29200.0,3614,1.57
003960,사조대림,2026-09-09,28850.0,2018,1.57
003960,사조대림,2026-09-10,29100.0,5021,1.55
003960,사조대림,2026-09-11,29250.0,1031,1.54
003960,사조대림,2026-09-14,29000.0,937,1.56
003960,사조대림,2026-09-15,28500.0,848,1.57
003960,사조대림,2026-09-16,27900.0,3034,1.61
003960,사조대림,2026-09-17,27950.0,794,1.52
003960,사조대림,2026-09-18,27250.0,5505,1.53
003960,사조대림,2026-09-21,26750.0,6467,1.51
003960,사조대림,2026-09-22,26650.0,3147,1.49
003960,사조대림,2026-09-23,26700.0,1399,1.49
003960,사조대림,2026-09-28,26950.0,2674,1.53
003960,사조대림,2026-09-29,26800.0,1051,1.51
003960,사조대림,2026-09-30,27700.0,4407,1.49
003960,사조대림,2026-10-01,27100.0,4974,1.47
003960,사조대림,2026-10-02,27100.0,2061,1.47
004370,농심,2026-06-09,375000.0,19570,
004370,농심,2026-06-10,362500.0,28673,
004370,농심,2026-06-11,375000.0,44050,
004370,농심,2026-06-12,377500.0,26350,
004370,농심,2026-06-15,377500.0,19532,
004370,농심,2026-06-16,372000.0,27446,
004370,농심,2026-06-17,368000.0,13558,
004370,농심,2026-06-18,364000.0,22769,
004370,농심,2026-06-19,364000.0,42039,
004370,농심,2026-06-22,344500.0,25125,
004370,농심,2026-06-23,335000.0,25398,
004370,농심,2026-06-24,334000.0,34582,
004370,농심,2026-06-25,332000.0,37503,
004370,농심,2026-06-26,329500.0,30367,
004370,농심,2026-06-29,343500.0,30303,
004370,농심,2026-06-30,335500.0,26494,
004370,농심,2026-07-01,341000.0,15738,
004370,농심,2026-07-02,362000.0,47862,
004370,농심,2026-07-03,354500.0,18489,
004370,농심,2026-07-06,352500.0,12045,
004370,농심,2026-07-07,364000.0,34738,
004370,농심,2026-07-08,362000.0,20633,
004370,농심,2026-07-09,349500.0,22208,
004370,농심,2026-07-10,356000.0,21355,
004370,농심,2026-07-13,356000.0,16379,
004370,농심,2026-07-14,350500.0,27443,
004370,농심,2026-07-15,342500.0,25750,
004370,농심,2026-07-16,349500.0,15810,
004370,농심,2026-07-20,349000.0,13561,
004370,농심,2026-07-21,348500.0,15426,
004370,농심,2026-07-22,351000.0,12729,
004370,농심,2026-07-23,364000.0,23111,
004370,농심,2026-07-24,367500.0,34467,23.19
004370,농심,2026-07-27,376500.0,25766,23.31
004370,농심,2026-07-28,377000.0,40165,23.17
004370,농심,2026-07-29,377500.0,54794,23.43
004370,농심,2026-07-30,387000.0,34690,23.43
004370,농심,2026-07-31,383000.0,27520,23.25
004370,농심,2026-08-03,375000.0,18847,23.32
004370,농심,2026-08-04,376500.0,13824,23.4
004370,농심,2026-08-05,376500.0,14732,23.41
004370,농심,2026-08-06,390000.0,18424,23.5
004370,농심,2026-08-07,405000.0,36408,23.81
004370,농심,2026-08-10,397000.0,17862,23.74
004370,농심,2026-08-11,395500.0,18206,23.66
004370,농심,2026-08-12,390000.0,22191,23.51
004370,농심,2026-08-13,389500.0,26698,23.4
004370,농심,2026-08-14,437500.0,154401,24.69
004370,농심,2026-08-18,420000.0,63405,25.09
004370,농심,2026-08-19,432500.0,41826,25.05
004370,농심,2026-08-20,441000.0,45936,25.13
004370,농심,2026-08-21,432500.0,23944,25.06
004370,농심,2026-08-24,455500.0,51099,25.16
004370,농심,2026-08-25,451000.0,28055,25.09
004370,농심,2026-08-26,459000.0,35927,25.03
004370,농심,2026-08-27,427000.0,47437,24.75
004370,농심,2026-08-28,450500.0,50358,24.9
004370,농심,2026-08-31,443500.0,46416,24.92
004370,농심,2026-09-01,441500.0,21786,24.91
004370,농심,2026-09-02,437500.0,31603,25.0
004370,농심,2026-09-03,430500.0,23820,25.04
004370,농심,2026-09-04,430000.0,23388,25.04
004370,농심,2026-09-07,415000.0,40153,25.12
004370,농심,2026-09-08,417000.0,16313,25.12
004370,농심,2026-09-09,413500.0,14238,25.06
004370,농심,2026-09-10,412500.0,13337,25.1
004370,농심,2026-09-11,414500.0,19463,25.14
004370,농심,2026-09-14,414500.0,27864,25.26
004370,농심,2026-09-15,409000.0,18767,25.21
004370,농심,2026-09-16,398500.0,19646,25.22
004370,농심,2026-09-17,398000.0,31002,25.28
004370,농심,2026-09-18,392500.0,82488,25.14
004370,농심,2026-09-21,395000.0,24837,25.2
004370,농심,2026-09-22,390500.0,13325,25.15
004370,농심,2026-09-23,391500.0,15333,25.22
004370,농심,2026-09-28,394500.0,16205,25.29
004370,농심,2026-09-29,408500.0,27583,25.39
004370,농심,2026-09-30,404000.0,15446,25.36
004370,농심,2026-10-01,403000.0,21366,25.28
004370,농심,2026-10-02,402000.0,12192,25.23
004590,한국가구,2026-06-09,5280.0,84745,
004590,한국가구,2026-06-10,5400.0,76047,
004590,한국가구,2026-06-11,5370.0,65973,
004590,한국가구,2026-06-12,5580.0,66855,
004590,한국가구,2026-06-15,5440.0,159170,
004590,한국가구,2026-06-16,6260.0,466919,
004590,한국가구,2026-06-17,6010.0,146281,
004590,한국가구,2026-06-18,5570.0,207135,
004590,한국가구,2026-06-19,5480.0,68878,
004590,한국가구,2026-06-22,5340.0,40985,
004590,한국가구,2026-06-23,5100.0,83257,
004590,한국가구,2026-06-24,5160.0,46888,
004590,한국가구,2026-06-25,5140.0,38808,
004590,한국가구,2026-06-26,5060.0,75843,
004590,한국가구,2026-06-29,5290.0,50387,
004590,한국가구,2026-06-30,5260.0,34770,
004590,한국가구,2026-07-01,5400.0,52139,
004590,한국가구,2026-07-02,5330.0,18773,
004590,한국가구,2026-07-03,5380.0,18070,
004590,한국가구,2026-07-06,5460.0,36988,
004590,한국가구,2026-07-07,5460.0,42664,
004590,한국가구,2026-07-08,5250.0,46025,
004590,한국가구,2026-07-09,5280.0,22384,
004590,한국가구,2026-07-10,5370.0,22392,
004590,한국가구,2026-07-13,5320.0,44923,
004590,한국가구,2026-07-14,5350.0,68078,
004590,한국가구,2026-07-15,5320.0,39116,
004590,한국가구,2026-07-16,5240.0,31671,
004590,한국가구,2026-07-20,5110.0,77226,
004590,한국가구,2026-07-21,5050.0,89801,
004590,한국가구,2026-07-22,4995.0,51345,
004590,한국가구,2026-07-23,5170.0,14946,
004590,한국가구,2026-07-24,5120.0,14946,4.63
004590,한국가구,2026-07-27,5230.0,25673,4.61
004590,한국가구,2026-07-28,5010.0,33583,4.59
004590,한국가구,2026-07-29,4885.0,107136,4.67
004590,한국가구,2026-07-30,4920.0,18840,4.7
004590,한국가구,2026-07-31,5000.0,48130,4.68
004590,한국가구,2026-08-03,5040.0,23512,4.67
004590,한국가구,2026-08-04,5150.0,47389,4.77
004590,한국가구,2026-08-05,5120.0,29104,4.81
004590,한국가구,2026-08-06,5170.0,47178,4.87
004590,한국가구,2026-08-07,5170.0,24240,4.92
004590,한국가구,2026-08-10,5310.0,23845,4.9
004590,한국가구,2026-08-11,5370.0,54670,4.85
004590,한국가구,2026-08-12,5430.0,34213,4.79
004590,한국가구,2026-08-13,5500.0,63180,4.72
004590,한국가구,2026-08-14,5690.0,34729,4.67
004590,한국가구,2026-08-18,5120.0,207030,4.21
004590,한국가구,2026-08-19,4970.0,77527,4.06
004590,한국가구,2026-08-20,4925.0,43272,4.03
004590,한국가구,2026-08-21,4800.0,76207,3.97
004590,한국가구,2026-08-24,4850.0,18138,4.0
004590,한국가구,2026-08-25,4985.0,31743,4.05
004590,한국가구,2026-08-26,4910.0,32089,4.05
004590,한국가구,2026-08-27,4950.0,18941,4.05
004590,한국가구,2026-08-28,4950.0,21080,4.06
004590,한국가구,2026-08-31,4925.0,21684,4.03
004590,한국가구,2026-09-01,5040.0,39940,4.09
004590,한국가구,2026-09-02,5050.0,35329,4.16
004590,한국가구,2026-09-03,5000.0,26876,4.11
004590,한국가구,2026-09-04,5080.0,29224,4.18
004590,한국가구,2026-09-07,5070.0,16390,4.15
004590,한국가구,2026-09-08,5030.0,12341,4.13
004590,한국가구,2026-09-09,5050.0,6887,4.11
004590,한국가구,2026-09-10,5020.0,7428,4.11
004590,한국가구,2026-09-11,5030.0,13818,4.11
004590,한국가구,2026-09-14,5190.0,108347,4.23
004590,한국가구,2026-09-15,5340.0,84706,4.48
004590,한국가구,2026-09-16,5210.0,24506,4.51
004590,한국가구,2026-09-17,5340.0,29149,4.52
004590,한국가구,2026-09-18,5410.0,13711,4.51
004590,한국가구,2026-09-21,5360.0,23016,4.5
004590,한국가구,2026-09-22,5290.0,20300,4.47
004590,한국가구,2026-09-23,5270.0,24371,4.41
004590,한국가구,2026-09-28,5330.0,27609,4.4
004590,한국가구,2026-09-29,5220.0,17370,4.33
004590,한국가구,2026-09-30,5210.0,39338,4.32
004590,한국가구,2026-10-01,5140.0,20501,4.3
004590,한국가구,2026-10-02,5260.0,16968,4.25
004910,조광페인트,2026-06-09,3500.0,27389,
004910,조광페인트,2026-06-10,3400.0,19695,
004910,조광페인트,2026-06-11,3500.0,17993,
004910,조광페인트,2026-06-12,3540.0,28988,
004910,조광페인트,2026-06-15,3650.0,20878,
004910,조광페인트,2026-06-16,3790.0,16953,
004910,조광페인트,2026-06-17,3820.0,20102,
004910,조광페인트,2026-06-18,3690.0,8418,
004910,조광페인트,2026-06-19,3600.0,23100,
004910,조광페인트,2026-06-22,3495.0,13835,
004910,조광페인트,2026-06-23,3370.0,58829,
004910,조광페인트,2026-06-24,3400.0,31667,
004910,조광페인트,2026-06-25,3300.0,19418,
004910,조광페인트,2026-06-26,3240.0,46372,
004910,조광페인트,2026-06-29,3430.0,23511,
004910,조광페인트,2026-06-30,3360.0,12245,
004910,조광페인트,2026-07-01,3575.0,30494,
004910,조광페인트,2026-07-02,3475.0,12763,
004910,조광페인트,2026-07-03,3605.0,10986,
004910,조광페인트,2026-07-06,3645.0,16199,
004910,조광페인트,2026-07-07,3610.0,19962,
004910,조광페인트,2026-07-08,3630.0,28673,
004910,조광페인트,2026-07-09,3645.0,15519,
004910,조광페인트,2026-07-10,3630.0,13434,
004910,조광페인트,2026-07-13,3560.0,15302,
004910,조광페인트,2026-07-14,3480.0,33142,
004910,조광페인트,2026-07-15,3495.0,15061,
004910,조광페인트,2026-07-16,3505.0,17060,
004910,조광페인트,2026-07-20,3435.0,8565,
004910,조광페인트,2026-07-21,3420.0,11027,
004910,조광페인트,2026-07-22,3400.0,6255,
004910,조광페인트,2026-07-23,3465.0,6861,
004910,조광페인트,2026-07-24,3490.0,32024,1.58
004910,조광페인트,2026-07-27,3460.0,14687,1.63
004910,조광페인트,2026-07-28,3385.0,10515,1.64
004910,조광페인트,2026-07-29,3345.0,38747,1.65
004910,조광페인트,2026-07-30,3360.0,16391,1.68
004910,조광페인트,2026-07-31,3345.0,20039,1.71
004910,조광페인트,2026-08-03,3345.0,20878,1.77
004910,조광페인트,2026-08-04,3550.0,35515,1.81
004910,조광페인트,2026-08-05,3575.0,25742,1.83
004910,조광페인트,2026-08-06,3635.0,14269,1.84
004910,조광페인트,2026-08-07,3715.0,17170,1.87
004910,조광페인트,2026-08-10,3725.0,4183,1.86
004910,조광페인트,2026-08-11,3800.0,13936,1.87
004910,조광페인트,2026-08-12,3800.0,8574,1.86
004910,조광페인트,2026-08-13,3640.0,10720,1.83
004910,조광페인트,2026-08-14,3685.0,9979,1.83
004910,조광페인트,2026-08-18,3690.0,13113,1.76
004910,조광페인트,2026-08-19,3495.0,12650,1.73
004910,조광페인트,2026-08-20,3535.0,7661,1.74
004910,조광페인트,2026-08-21,3570.0,4062,1.71
004910,조광페인트,2026-08-24,3605.0,5800,1.72
004910,조광페인트,2026-08-25,3520.0,28995,1.74
004910,조광페인트,2026-08-26,3590.0,17982,1.75
004910,조광페인트,2026-08-27,3680.0,9384,1.76
004910,조광페인트,2026-08-28,3665.0,9450,1.74
004910,조광페인트,2026-08-31,3595.0,13016,1.74
004910,조광페인트,2026-09-01,3610.0,8349,1.72
004910,조광페인트,2026-09-02,3550.0,4814,1.72
004910,조광페인트,2026-09-03,3540.0,6976,1.71
004910,조광페인트,2026-09-04,3540.0,2123,1.71
004910,조광페인트,2026-09-07,3650.0,6468,1.7
004910,조광페인트,2026-09-08,3625.0,5862,1.69
004910,조광페인트,2026-09-09,3555.0,9846,1.67
004910,조광페인트,2026-09-10,3540.0,2729,1.66
004910,조광페인트,2026-09-11,3535.0,2353,1.65
004910,조광페인트,2026-09-14,3490.0,13705,1.63
004910,조광페인트,2026-09-15,3600.0,24671,1.5
004910,조광페인트,2026-09-16,3550.0,16958,1.47
004910,조광페인트,2026-09-17,3630.0,4093,1.44
004910,조광페인트,2026-09-18,3450.0,9162,1.44
004910,조광페인트,2026-09-21,3450.0,12993,1.45
004910,조광페인트,2026-09-22,3500.0,15317,1.45
004910,조광페인트,2026-09-23,3500.0,8144,1.45
004910,조광페인트,2026-09-28,3435.0,5744,1.48
004910,조광페인트,2026-09-29,3500.0,5138,1.48
004910,조광페인트,2026-09-30,3375.0,8442,1.42
004910,조광페인트,2026-10-01,3395.0,4807,1.42
004910,조광페인트,2026-10-02,3445.0,4698,1.42
005090,SGC에너지,2026-06-09,50500.0,149106,
005090,SGC에너지,2026-06-10,51500.0,214822,
005090,SGC에너지,2026-06-11,52200.0,64471,
005090,SGC에너지,2026-06-12,58400.0,166128,
005090,SGC에너지,2026-06-15,56300.0,103135,
005090,SGC에너지,2026-06-16,56500.0,131668,
005090,SGC에너지,2026-06-17,56300.0,60498,
005090,SGC에너지,2026-06-18,52000.0,102782,
005090,SGC에너지,2026-06-19,48400.0,116428,
005090,SGC에너지,2026-06-22,45900.0,47179,
005090,SGC에너지,2026-06-23,43950.0,61139,
005090,SGC에너지,2026-06-24,43550.0,57837,
005090,SGC에너지,2026-06-25,41000.0,78991,
005090,SGC에너지,2026-06-26,39200.0,56573,
005090,SGC에너지,2026-06-29,41800.0,46680,
005090,SGC에너지,2026-06-30,40000.0,92374,
005090,SGC에너지,2026-07-01,42650.0,121290,
005090,SGC에너지,2026-07-02,40150.0,63099,
005090,SGC에너지,2026-07-03,40050.0,77819,
005090,SGC에너지,2026-07-06,41950.0,83284,
005090,SGC에너지,2026-07-07,42600.0,65595,
005090,SGC에너지,2026-07-08,39950.0,54527,
005090,SGC에너지,2026-07-09,41000.0,87463,
005090,SGC에너지,2026-07-10,43750.0,48329,
005090,SGC에너지,2026-07-13,37200.0,118740,
005090,SGC에너지,2026-07-14,36250.0,62156,
005090,SGC에너지,2026-07-15,39900.0,57528,
005090,SGC에너지,2026-07-16,38500.0,28537,
005090,SGC에너지,2026-07-20,37650.0,43057,
005090,SGC에너지,2026-07-21,37750.0,34084,
005090,SGC에너지,2026-07-22,42350.0,131630,
005090,SGC에너지,2026-07-23,54700.0,511056,
005090,SGC에너지,2026-07-24,49300.0,340917,4.09
005090,SGC에너지,2026-07-27,43550.0,258839,4.16
005090,SGC에너지,2026-07-28,39850.0,282114,4.12
005090,SGC에너지,2026-07-29,38050.0,120839,4.51
005090,SGC에너지,2026-07-30,36150.0,136112,4.3
005090,SGC에너지,2026-07-31,40750.0,160345,4.05
005090,SGC에너지,2026-08-03,44200.0,280910,3.85
005090,SGC에너지,2026-08-04,50400.0,291743,3.46
005090,SGC에너지,2026-08-05,51400.0,98983,3.37
005090,SGC에너지,2026-08-06,49450.0,141762,3.34
005090,SGC에너지,2026-08-07,54000.0,281165,3.13
005090,SGC에너지,2026-08-10,56200.0,194911,3.23
005090,SGC에너지,2026-08-11,56200.0,134356,3.08
005090,SGC에너지,2026-08-12,57100.0,214050,3.09
005090,SGC에너지,2026-08-13,61800.0,447134,3.3
005090,SGC에너지,2026-08-14,63900.0,189724,2.86
005090,SGC에너지,2026-08-18,62500.0,112321,3.03
005090,SGC에너지,2026-08-19,60700.0,166778,3.37
005090,SGC에너지,2026-08-20,62500.0,236471,3.48
005090,SGC에너지,2026-08-21,62800.0,179407,3.39
005090,SGC에너지,2026-08-24,61000.0,177998,3.54
005090,SGC에너지,2026-08-25,63800.0,160795,3.88
005090,SGC에너지,2026-08-26,64400.0,121442,3.8
005090,SGC에너지,2026-08-27,62600.0,122851,3.98
005090,SGC에너지,2026-08-28,62800.0,163950,4.04
005090,SGC에너지,2026-08-31,55500.0,242494,4.4
005090,SGC에너지,2026-09-01,52000.0,348126,5.26
005090,SGC에너지,2026-09-02,54400.0,250839,5.1
005090,SGC에너지,2026-09-03,53400.0,93454,4.88
005090,SGC에너지,2026-09-04,56100.0,193622,5.39
005090,SGC에너지,2026-09-07,54100.0,97686,5.3
005090,SGC에너지,2026-09-08,53800.0,115058,5.37
005090,SGC에너지,2026-09-09,57700.0,193894,5.32
005090,SGC에너지,2026-09-10,58900.0,138687,5.29
005090,SGC에너지,2026-09-11,61200.0,191526,5.11
005090,SGC에너지,2026-09-14,58100.0,128476,5.1
005090,SGC에너지,2026-09-15,55700.0,134773,5.05
005090,SGC에너지,2026-09-16,53400.0,163851,5.65
005090,SGC에너지,2026-09-17,54400.0,92448,5.66
005090,SGC에너지,2026-09-18,54600.0,52737,5.59
005090,SGC에너지,2026-09-21,54100.0,76922,5.63
005090,SGC에너지,2026-09-22,52700.0,87529,5.68
005090,SGC에너지,2026-09-23,49600.0,218773,5.57
005090,SGC에너지,2026-09-28,47500.0,78911,5.54
005090,SGC에너지,2026-09-29,48550.0,59850,5.56
005090,SGC에너지,2026-09-30,48400.0,39570,5.17
005090,SGC에너지,2026-10-01,48400.0,39224,5.09
005090,SGC에너지,2026-10-02,47450.0,59466,5.03
005180,빙그레,2026-06-09,68200.0,26084,
005180,빙그레,2026-06-10,67100.0,30635,
005180,빙그레,2026-06-11,67300.0,18847,
005180,빙그레,2026-06-12,68400.0,23889,
005180,빙그레,2026-06-15,70000.0,47326,
005180,빙그레,2026-06-16,69200.0,24750,
005180,빙그레,2026-06-17,68700.0,18255,
005180,빙그레,2026-06-18,67900.0,20679,
005180,빙그레,2026-06-19,65800.0,31545,
005180,빙그레,2026-06-22,64200.0,14359,
005180,빙그레,2026-06-23,61900.0,26621,
005180,빙그레,2026-06-24,63700.0,19030,
005180,빙그레,2026-06-25,63300.0,19228,
005180,빙그레,2026-06-26,63200.0,22574,
005180,빙그레,2026-06-29,67400.0,25308,
005180,빙그레,2026-06-30,64100.0,21631,
005180,빙그레,2026-07-01,65300.0,14439,
005180,빙그레,2026-07-02,66400.0,26741,
005180,빙그레,2026-07-03,66000.0,18383,
005180,빙그레,2026-07-06,65500.0,11594,
005180,빙그레,2026-07-07,66700.0,21248,
005180,빙그레,2026-07-08,66400.0,16731,
005180,빙그레,2026-07-09,65400.0,18236,
005180,빙그레,2026-07-10,66100.0,13313,
005180,빙그레,2026-07-13,66000.0,47783,
005180,빙그레,2026-07-14,65900.0,22435,
005180,빙그레,2026-07-15,64500.0,40606,
005180,빙그레,2026-07-16,64700.0,18000,
005180,빙그레,2026-07-20,65200.0,16870,
005180,빙그레,2026-07-21,64000.0,20327,
005180,빙그레,2026-07-22,63700.0,13340,
005180,빙그레,2026-07-23,64900.0,16286,
005180,빙그레,2026-07-24,66600.0,19337,16.92
005180,빙그레,2026-07-27,67200.0,14207,16.98
005180,빙그레,2026-07-28,66600.0,24264,16.94
005180,빙그레,2026-07-29,67400.0,47615,17.13
005180,빙그레,2026-07-30,67200.0,25119,17.22
005180,빙그레,2026-07-31,67700.0,19776,17.25
005180,빙그레,2026-08-03,67800.0,25572,17.21
005180,빙그레,2026-08-04,67900.0,18602,17.29
005180,빙그레,2026-08-05,67800.0,19344,17.37
005180,빙그레,2026-08-06,68900.0,24529,17.51
005180,빙그레,2026-08-07,70000.0,36576,17.66
005180,빙그레,2026-08-10,69200.0,12645,17.65
005180,빙그레,2026-08-11,71500.0,56504,17.93
005180,빙그레,2026-08-12,69900.0,37117,17.82
005180,빙그레,2026-08-13,68700.0,28166,17.73
005180,빙그레,2026-08-14,82400.0,1043098,20.44
005180,빙그레,2026-08-18,77200.0,208746,20.32
005180,빙그레,2026-08-19,79600.0,148188,20.02
005180,빙그레,2026-08-20,87200.0,261225,20.82
005180,빙그레,2026-08-21,84800.0,118218,21.12
005180,빙그레,2026-08-24,88000.0,124475,21.3
005180,빙그레,2026-08-25,90400.0,177301,21.43
005180,빙그레,2026-08-26,94300.0,127726,21.4
005180,빙그레,2026-08-27,90600.0,97659,21.3
005180,빙그레,2026-08-28,92900.0,116055,21.31
005180,빙그레,2026-08-31,90600.0,64759,21.58
005180,빙그레,2026-09-01,91500.0,83164,21.66
005180,빙그레,2026-09-02,92800.0,84752,21.68
005180,빙그레,2026-09-03,92000.0,95036,21.67
005180,빙그레,2026-09-04,90300.0,58732,21.77
005180,빙그레,2026-09-07,86100.0,98453,21.93
005180,빙그레,2026-09-08,84500.0,113834,22.48
005180,빙그레,2026-09-09,85500.0,82624,22.77
005180,빙그레,2026-09-10,91200.0,119582,22.89
005180,빙그레,2026-09-11,88800.0,42475,22.93
005180,빙그레,2026-09-14,87600.0,31424,22.82
005180,빙그레,2026-09-15,87000.0,24930,22.89
005180,빙그레,2026-09-16,85600.0,35192,22.98
005180,빙그레,2026-09-17,85600.0,27896,23.04
005180,빙그레,2026-09-18,84900.0,41320,24.27
005180,빙그레,2026-09-21,84400.0,20658,24.36
005180,빙그레,2026-09-22,84400.0,36740,24.46
005180,빙그레,2026-09-23,83800.0,64865,24.47
005180,빙그레,2026-09-28,87700.0,50841,24.55
005180,빙그레,2026-09-29,87000.0,15868,24.47
005180,빙그레,2026-09-30,85700.0,57430,24.23
005180,빙그레,2026-10-01,84600.0,69431,24.05
005180,빙그레,2026-10-02,83700.0,43932,24.15
005290,동진쎄미켐,2026-06-09,53600.0,725690,
005290,동진쎄미켐,2026-06-10,52200.0,566697,
005290,동진쎄미켐,2026-06-11,55400.0,1696771,
005290,동진쎄미켐,2026-06-12,59000.0,2180164,
005290,동진쎄미켐,2026-06-15,60900.0,1047321,
005290,동진쎄미켐,2026-06-16,60300.0,708558,
005290,동진쎄미켐,2026-06-17,64500.0,2177992,
005290,동진쎄미켐,2026-06-18,62600.0,723889,
005290,동진쎄미켐,2026-06-19,60300.0,810468,
005290,동진쎄미켐,2026-06-22,63800.0,984717,
005290,동진쎄미켐,2026-06-23,57000.0,840453,
005290,동진쎄미켐,2026-06-24,57400.0,722028,
005290,동진쎄미켐,2026-06-25,56600.0,580950,
005290,동진쎄미켐,2026-06-26,55000.0,789429,
005290,동진쎄미켐,2026-06-29,56100.0,522454,
005290,동진쎄미켐,2026-06-30,58300.0,813487,
005290,동진쎄미켐,2026-07-01,56500.0,1043397,
005290,동진쎄미켐,2026-07-02,50700.0,566146,
005290,동진쎄미켐,2026-07-03,50600.0,512190,
005290,동진쎄미켐,2026-07-06,49050.0,442053,
005290,동진쎄미켐,2026-07-07,46150.0,493504,
005290,동진쎄미켐,2026-07-08,42650.0,599945,
005290,동진쎄미켐,2026-07-09,43100.0,752591,
005290,동진쎄미켐,2026-07-10,47150.0,339580,
005290,동진쎄미켐,2026-07-13,44800.0,445116,
005290,동진쎄미켐,2026-07-14,43750.0,390246,
005290,동진쎄미켐,2026-07-15,46450.0,369936,
005290,동진쎄미켐,2026-07-16,43600.0,246843,
005290,동진쎄미켐,2026-07-20,42150.0,352243,
005290,동진쎄미켐,2026-07-21,42150.0,238621,
005290,동진쎄미켐,2026-07-22,42300.0,381339,
005290,동진쎄미켐,2026-07-23,45400.0,381338,
005290,동진쎄미켐,2026-07-24,41250.0,331339,13.87
005290,동진쎄미켐,2026-07-27,42500.0,297915,13.92
005290,동진쎄미켐,2026-07-28,36500.0,470205,13.87
005290,동진쎄미켐,2026-07-29,34300.0,878608,14.23
005290,동진쎄미켐,2026-07-30,33150.0,614289,14.25
005290,동진쎄미켐,2026-07-31,39150.0,714598,13.99
005290,동진쎄미켐,2026-08-03,38800.0,376735,13.86
005290,동진쎄미켐,2026-08-04,40550.0,449335,13.6
005290,동진쎄미켐,2026-08-05,41800.0,410340,13.25
005290,동진쎄미켐,2026-08-06,39650.0,595634,13.09
005290,동진쎄미켐,2026-08-07,39350.0,387568,13.02
005290,동진쎄미켐,2026-08-10,42050.0,369374,13.08
005290,동진쎄미켐,2026-08-11,43000.0,402749,13.09
005290,동진쎄미켐,2026-08-12,43400.0,376718,12.77
005290,동진쎄미켐,2026-08-13,43200.0,431604,12.82
005290,동진쎄미켐,2026-08-14,43450.0,480216,12.76
005290,동진쎄미켐,2026-08-18,43200.0,695582,12.51
005290,동진쎄미켐,2026-08-19,42200.0,427391,12.69
005290,동진쎄미켐,2026-08-20,43200.0,273592,12.59
005290,동진쎄미켐,2026-08-21,41100.0,410707,12.57
005290,동진쎄미켐,2026-08-24,42000.0,351674,12.66
005290,동진쎄미켐,2026-08-25,43650.0,507674,12.58
005290,동진쎄미켐,2026-08-26,42350.0,355165,12.27
005290,동진쎄미켐,2026-08-27,42900.0,235255,12.66
005290,동진쎄미켐,2026-08-28,42400.0,197268,12.7
005290,동진쎄미켐,2026-08-31,42600.0,230347,12.83
005290,동진쎄미켐,2026-09-01,41900.0,192796,12.84
005290,동진쎄미켐,2026-09-02,40400.0,235654,12.99
005290,동진쎄미켐,2026-09-03,39750.0,225204,12.97
005290,동진쎄미켐,2026-09-04,40250.0,190544,12.98
005290,동진쎄미켐,2026-09-07,41550.0,321168,12.91
005290,동진쎄미켐,2026-09-08,40700.0,280763,12.87
005290,동진쎄미켐,2026-09-09,42000.0,320287,12.78
005290,동진쎄미켐,2026-09-10,42450.0,373773,12.66
005290,동진쎄미켐,2026-09-11,40800.0,249669,12.46
005290,동진쎄미켐,2026-09-14,38950.0,213934,12.47
005290,동진쎄미켐,2026-09-15,40000.0,159487,12.63
005290,동진쎄미켐,2026-09-16,40600.0,144160,12.74
005290,동진쎄미켐,2026-09-17,41050.0,135168,12.83
005290,동진쎄미켐,2026-09-18,41200.0,151433,12.81
005290,동진쎄미켐,2026-09-21,42700.0,293420,12.91
005290,동진쎄미켐,2026-09-22,43150.0,329055,12.85
005290,동진쎄미켐,2026-09-23,46850.0,983950,13.26
005290,동진쎄미켐,2026-09-28,44750.0,554255,12.86
005290,동진쎄미켐,2026-09-29,46900.0,496900,12.79
005290,동진쎄미켐,2026-09-30,48200.0,794027,12.78
005290,동진쎄미켐,2026-10-01,53000.0,1354048,13.05
005290,동진쎄미켐,2026-10-02,52500.0,611102,12.97
005300,롯데칠성,2026-06-09,105000.0,27530,
005300,롯데칠성,2026-06-10,102000.0,23176,
005300,롯데칠성,2026-06-11,101400.0,45690,
005300,롯데칠성,2026-06-12,105600.0,40897,
005300,롯데칠성,2026-06-15,107900.0,30738,
005300,롯데칠성,2026-06-16,107400.0,26977,
005300,롯데칠성,2026-06-17,106000.0,18225,
005300,롯데칠성,2026-06-18,103200.0,18950,
005300,롯데칠성,2026-06-19,101500.0,33344,
005300,롯데칠성,2026-06-22,98600.0,20466,
005300,롯데칠성,2026-06-23,97000.0,28581,
005300,롯데칠성,2026-06-24,97800.0,29409,
005300,롯데칠성,2026-06-25,96800.0,13580,
005300,롯데칠성,2026-06-26,95900.0,29552,
005300,롯데칠성,2026-06-29,99600.0,18625,
005300,롯데칠성,2026-06-30,98700.0,13350,
005300,롯데칠성,2026-07-01,98600.0,17846,
005300,롯데칠성,2026-07-02,101500.0,26130,
005300,롯데칠성,2026-07-03,100200.0,20695,
005300,롯데칠성,2026-07-06,100600.0,11059,
005300,롯데칠성,2026-07-07,101600.0,12453,
005300,롯데칠성,2026-07-08,100500.0,14568,
005300,롯데칠성,2026-07-09,99300.0,31376,
005300,롯데칠성,2026-07-10,100800.0,29046,
005300,롯데칠성,2026-07-13,101600.0,22846,
005300,롯데칠성,2026-07-14,98200.0,29679,
005300,롯데칠성,2026-07-15,98900.0,12185,
005300,롯데칠성,2026-07-16,99400.0,12934,
005300,롯데칠성,2026-07-20,96600.0,20732,
005300,롯데칠성,2026-07-21,96800.0,17924,
005300,롯데칠성,2026-07-22,95900.0,18653,
005300,롯데칠성,2026-07-23,99900.0,15185,
005300,롯데칠성,2026-07-24,100000.0,16949,16.65
005300,롯데칠성,2026-07-27,100900.0,12229,16.7
005300,롯데칠성,2026-07-28,99700.0,13414,16.73
005300,롯데칠성,2026-07-29,100700.0,32809,16.86
005300,롯데칠성,2026-07-30,104000.0,25056,16.9
005300,롯데칠성,2026-07-31,101000.0,30448,16.94
005300,롯데칠성,2026-08-03,102100.0,16640,16.99
005300,롯데칠성,2026-08-04,102700.0,22532,17.06
005300,롯데칠성,2026-08-05,100300.0,21971,16.96
005300,롯데칠성,2026-08-06,101500.0,20866,16.93
005300,롯데칠성,2026-08-07,102600.0,16895,16.97
005300,롯데칠성,2026-08-10,102400.0,11376,16.93
005300,롯데칠성,2026-08-11,100900.0,11793,16.87
005300,롯데칠성,2026-08-12,99900.0,13551,16.81
005300,롯데칠성,2026-08-13,99000.0,29407,16.66
005300,롯데칠성,2026-08-14,101700.0,17454,16.78
005300,롯데칠성,2026-08-18,97800.0,27537,16.54
005300,롯데칠성,2026-08-19,96600.0,16223,16.41
005300,롯데칠성,2026-08-20,97300.0,15024,16.36
005300,롯데칠성,2026-08-21,96600.0,18433,16.41
005300,롯데칠성,2026-08-24,98000.0,11292,16.44
005300,롯데칠성,2026-08-25,97700.0,12937,16.43
005300,롯데칠성,2026-08-26,98500.0,15659,16.47
005300,롯데칠성,2026-08-27,97500.0,22690,16.29
005300,롯데칠성,2026-08-28,99600.0,26613,16.39
005300,롯데칠성,2026-08-31,99800.0,11266,16.43
005300,롯데칠성,2026-09-01,99100.0,14115,16.42
005300,롯데칠성,2026-09-02,97500.0,14861,16.42
005300,롯데칠성,2026-09-03,98300.0,12596,16.45
005300,롯데칠성,2026-09-04,98300.0,8938,16.41
005300,롯데칠성,2026-09-07,98700.0,9072,16.37
005300,롯데칠성,2026-09-08,98500.0,10636,16.33
005300,롯데칠성,2026-09-09,97500.0,14103,16.25
005300,롯데칠성,2026-09-10,97500.0,20063,16.24
005300,롯데칠성,2026-09-11,97600.0,9985,16.24
005300,롯데칠성,2026-09-14,96800.0,9923,16.22
005300,롯데칠성,2026-09-15,96200.0,13880,16.12
005300,롯데칠성,2026-09-16,95400.0,14335,16.01
005300,롯데칠성,2026-09-17,95100.0,12631,15.99
005300,롯데칠성,2026-09-18,94600.0,12203,15.92
005300,롯데칠성,2026-09-21,95000.0,10800,15.9
005300,롯데칠성,2026-09-22,94700.0,13092,15.88
005300,롯데칠성,2026-09-23,95800.0,10493,15.89
005300,롯데칠성,2026-09-28,96000.0,16254,16.01
005300,롯데칠성,2026-09-29,95500.0,9021,15.99
005300,롯데칠성,2026-09-30,95100.0,13530,15.98
005300,롯데칠성,2026-10-01,95100.0,11231,15.95
005300,롯데칠성,2026-10-02,95500.0,6842,15.94
005430,한국공항,2026-06-09,71200.0,27841,
005430,한국공항,2026-06-10,73500.0,15828,
005430,한국공항,2026-06-11,79200.0,12633,
005430,한국공항,2026-06-12,87900.0,37396,
005430,한국공항,2026-06-15,84200.0,18025,
005430,한국공항,2026-06-16,85000.0,14652,
005430,한국공항,2026-06-17,86100.0,7963,
005430,한국공항,2026-06-18,82900.0,10799,
005430,한국공항,2026-06-19,80600.0,6999,
005430,한국공항,2026-06-22,82400.0,9821,
005430,한국공항,2026-06-23,80700.0,9008,
005430,한국공항,2026-06-24,79800.0,9410,
005430,한국공항,2026-06-25,81200.0,7712,
005430,한국공항,2026-06-26,77300.0,16564,
005430,한국공항,2026-06-29,78000.0,28095,
005430,한국공항,2026-06-30,81500.0,6065,
005430,한국공항,2026-07-01,87500.0,21695,
005430,한국공항,2026-07-02,83200.0,8570,
005430,한국공항,2026-07-03,89600.0,14744,
005430,한국공항,2026-07-06,86000.0,23432,
005430,한국공항,2026-07-07,85700.0,9863,
005430,한국공항,2026-07-08,80100.0,29071,
005430,한국공항,2026-07-09,79400.0,14925,
005430,한국공항,2026-07-10,81700.0,7539,
005430,한국공항,2026-07-13,81500.0,11487,
005430,한국공항,2026-07-14,79700.0,9805,
005430,한국공항,2026-07-15,85800.0,21688,
005430,한국공항,2026-07-16,85700.0,78238,
005430,한국공항,2026-07-20,82400.0,22202,
005430,한국공항,2026-07-21,79300.0,7500,
005430,한국공항,2026-07-22,79800.0,3761,
005430,한국공항,2026-07-23,81700.0,4148,
005430,한국공항,2026-07-24,79000.0,6170,11.88
005430,한국공항,2026-07-27,80800.0,5878,11.9
005430,한국공항,2026-07-28,79600.0,22139,12.04
005430,한국공항,2026-07-29,78000.0,49879,12.29
005430,한국공항,2026-07-30,85200.0,59410,12.98
005430,한국공항,2026-07-31,90700.0,27618,13.07
005430,한국공항,2026-08-03,88800.0,16825,13.04
005430,한국공항,2026-08-04,91200.0,9306,13.04
005430,한국공항,2026-08-05,91800.0,6533,13.06
005430,한국공항,2026-08-06,90700.0,26954,13.1
005430,한국공항,2026-08-07,89800.0,3712,13.09
005430,한국공항,2026-08-10,92400.0,8931,13.06
005430,한국공항,2026-08-11,93200.0,17952,13.06
005430,한국공항,2026-08-12,86800.0,15426,12.92
005430,한국공항,2026-08-13,82900.0,17314,12.92
005430,한국공항,2026-08-14,86200.0,11760,12.99
005430,한국공항,2026-08-18,86200.0,12721,12.95
005430,한국공항,2026-08-19,83900.0,12186,12.93
005430,한국공항,2026-08-20,81000.0,8517,12.81
005430,한국공항,2026-08-21,80800.0,23827,13.09
005430,한국공항,2026-08-24,81500.0,3601,13.06
005430,한국공항,2026-08-25,82100.0,2990,13.05
005430,한국공항,2026-08-26,84300.0,5456,13.01
005430,한국공항,2026-08-27,83300.0,4644,13.02
005430,한국공항,2026-08-28,83200.0,4091,13.04
005430,한국공항,2026-08-31,80700.0,7976,13.05
005430,한국공항,2026-09-01,80400.0,5670,13.06
005430,한국공항,2026-09-02,81200.0,7228,13.01
005430,한국공항,2026-09-03,77400.0,6089,13.04
005430,한국공항,2026-09-04,79000.0,6036,13.02
005430,한국공항,2026-09-07,79900.0,3816,12.99
005430,한국공항,2026-09-08,80000.0,5640,12.95
005430,한국공항,2026-09-09,79900.0,3720,12.96
005430,한국공항,2026-09-10,80000.0,4507,12.92
005430,한국공항,2026-09-11,80300.0,1557,12.91
005430,한국공항,2026-09-14,78400.0,15027,13.02
005430,한국공항,2026-09-15,77300.0,3871,13.0
005430,한국공항,2026-09-16,80100.0,2925,13.01
005430,한국공항,2026-09-17,80100.0,3677,13.05
005430,한국공항,2026-09-18,79800.0,3329,13.02
005430,한국공항,2026-09-21,80700.0,4231,13.07
005430,한국공항,2026-09-22,81400.0,4372,13.09
005430,한국공항,2026-09-23,84100.0,6198,13.17
005430,한국공항,2026-09-28,87300.0,7876,13.23
005430,한국공항,2026-09-29,87800.0,2512,13.24
005430,한국공항,2026-09-30,89100.0,10567,13.27
005430,한국공항,2026-10-01,101500.0,19129,13.44
005430,한국공항,2026-10-02,97700.0,5764,13.48
005610,삼립,2026-06-09,40600.0,8383,
005610,삼립,2026-06-10,39700.0,6708,
005610,삼립,2026-06-11,40400.0,5858,
005610,삼립,2026-06-12,40800.0,3490,
005610,삼립,2026-06-15,41400.0,3775,
005610,삼립,2026-06-16,40850.0,3937,
005610,삼립,2026-06-17,40950.0,2193,
005610,삼립,2026-06-18,39900.0,5691,
005610,삼립,2026-06-19,38650.0,16066,
005610,삼립,2026-06-22,38250.0,4623,
005610,삼립,2026-06-23,36500.0,8295,
005610,삼립,2026-06-24,35750.0,22311,
005610,삼립,2026-06-25,36050.0,7834,
005610,삼립,2026-06-26,36600.0,10162,
005610,삼립,2026-06-29,39300.0,11209,
005610,삼립,2026-06-30,37400.0,3109,
005610,삼립,2026-07-01,37950.0,5920,
005610,삼립,2026-07-02,39050.0,5752,
005610,삼립,2026-07-03,39150.0,2970,
005610,삼립,2026-07-06,40000.0,3681,
005610,삼립,2026-07-07,40750.0,8602,
005610,삼립,2026-07-08,40750.0,12917,
005610,삼립,2026-07-09,38950.0,14394,
005610,삼립,2026-07-10,38600.0,11818,
005610,삼립,2026-07-13,37850.0,8201,
005610,삼립,2026-07-14,37550.0,5167,
005610,삼립,2026-07-15,37150.0,2701,
005610,삼립,2026-07-16,37250.0,1753,
005610,삼립,2026-07-20,36900.0,3239,
005610,삼립,2026-07-21,36750.0,616,
005610,삼립,2026-07-22,36700.0,756,
005610,삼립,2026-07-23,37600.0,1724,
005610,삼립,2026-07-24,38550.0,2996,2.06
005610,삼립,2026-07-27,39700.0,5610,2.07
005610,삼립,2026-07-28,39050.0,3096,2.08
005610,삼립,2026-07-29,38250.0,8814,2.12
005610,삼립,2026-07-30,39000.0,3326,2.13
005610,삼립,2026-07-31,39900.0,1971,2.14
005610,삼립,2026-08-03,39250.0,2600,2.14
005610,삼립,2026-08-04,39000.0,3636,2.12
005610,삼립,2026-08-05,38900.0,4402,2.11
005610,삼립,2026-08-06,39500.0,5690,2.13
005610,삼립,2026-08-07,40250.0,5100,2.16
005610,삼립,2026-08-10,40400.0,5353,2.14
005610,삼립,2026-08-11,41200.0,2965,2.13
005610,삼립,2026-08-12,40700.0,3200,2.11
005610,삼립,2026-08-13,39600.0,4583,2.08
005610,삼립,2026-08-14,41450.0,4171,2.09
005610,삼립,2026-08-18,39700.0,6034,2.04
005610,삼립,2026-08-19,39000.0,4000,2.03
005610,삼립,2026-08-20,39300.0,2874,1.99
005610,삼립,2026-08-21,39100.0,3166,1.98
005610,삼립,2026-08-24,39400.0,745,1.99
005610,삼립,2026-08-25,39550.0,2973,2.0
005610,삼립,2026-08-26,39900.0,3161,2.01
005610,삼립,2026-08-27,39700.0,1064,2.0
005610,삼립,2026-08-28,40950.0,3263,2.03
005610,삼립,2026-08-31,41300.0,3964,2.02
005610,삼립,2026-09-01,41450.0,4506,2.03
005610,삼립,2026-09-02,41100.0,3701,2.02
005610,삼립,2026-09-03,40900.0,2685,2.0
005610,삼립,2026-09-04,40650.0,1602,1.99
005610,삼립,2026-09-07,40900.0,2126,1.99
005610,삼립,2026-09-08,42250.0,5794,2.03
005610,삼립,2026-09-09,41800.0,3944,2.02
005610,삼립,2026-09-10,41600.0,2113,2.02
005610,삼립,2026-09-11,41600.0,372,2.02
005610,삼립,2026-09-14,41550.0,1684,2.02
005610,삼립,2026-09-15,41050.0,2281,2.01
005610,삼립,2026-09-16,40200.0,961,2.01
005610,삼립,2026-09-17,40350.0,2895,2.0
005610,삼립,2026-09-18,40500.0,2093,2.0
005610,삼립,2026-09-21,39850.0,2551,1.98
005610,삼립,2026-09-22,39100.0,1824,1.98
005610,삼립,2026-09-23,38900.0,1722,1.99
005610,삼립,2026-09-28,39300.0,1476,1.98
005610,삼립,2026-09-29,39050.0,1297,1.99
005610,삼립,2026-09-30,40800.0,5783,1.99
005610,삼립,2026-10-01,40900.0,5861,2.0
005610,삼립,2026-10-02,41950.0,5359,1.99
005850,에스엘,2026-06-09,65200.0,184770,
005850,에스엘,2026-06-10,63500.0,153752,
005850,에스엘,2026-06-11,64900.0,291504,
005850,에스엘,2026-06-12,67700.0,199664,
005850,에스엘,2026-06-15,75900.0,421482,
005850,에스엘,2026-06-16,76200.0,220695,
005850,에스엘,2026-06-17,73100.0,182948,
005850,에스엘,2026-06-18,69400.0,138149,
005850,에스엘,2026-06-19,66400.0,164854,
005850,에스엘,2026-06-22,63500.0,215454,
005850,에스엘,2026-06-23,58600.0,151092,
005850,에스엘,2026-06-24,57700.0,126880,
005850,에스엘,2026-06-25,56400.0,158535,
005850,에스엘,2026-06-26,54800.0,150882,
005850,에스엘,2026-06-29,58600.0,178462,
005850,에스엘,2026-06-30,56700.0,139140,
005850,에스엘,2026-07-01,58400.0,116249,
005850,에스엘,2026-07-02,57100.0,91815,
005850,에스엘,2026-07-03,59600.0,190268,
005850,에스엘,2026-07-06,60000.0,85588,
005850,에스엘,2026-07-07,58000.0,120785,
005850,에스엘,2026-07-08,57400.0,128393,
005850,에스엘,2026-07-09,56500.0,157916,
005850,에스엘,2026-07-10,55700.0,122819,
005850,에스엘,2026-07-13,54200.0,76251,
005850,에스엘,2026-07-14,52900.0,166852,
005850,에스엘,2026-07-15,54900.0,77320,
005850,에스엘,2026-07-16,54400.0,79344,
005850,에스엘,2026-07-20,51400.0,66476,
005850,에스엘,2026-07-21,52700.0,71144,
005850,에스엘,2026-07-22,54200.0,87660,
005850,에스엘,2026-07-23,56900.0,126426,
005850,에스엘,2026-07-24,54300.0,72500,16.46
005850,에스엘,2026-07-27,55000.0,69280,16.43
005850,에스엘,2026-07-28,51600.0,63661,16.41
005850,에스엘,2026-07-29,49750.0,114879,16.42
005850,에스엘,2026-07-30,50100.0,81710,16.42
005850,에스엘,2026-07-31,52900.0,71772,16.45
005850,에스엘,2026-08-03,54100.0,76210,16.46
005850,에스엘,2026-08-04,54100.0,76142,16.45
005850,에스엘,2026-08-05,56100.0,93035,16.51
005850,에스엘,2026-08-06,56800.0,55815,16.53
005850,에스엘,2026-08-07,55200.0,103076,16.54
005850,에스엘,2026-08-10,57100.0,55870,16.59
005850,에스엘,2026-08-11,56900.0,46355,16.62
005850,에스엘,2026-08-12,57400.0,96947,16.55
005850,에스엘,2026-08-13,59000.0,107335,16.51
005850,에스엘,2026-08-14,61600.0,121386,16.45
005850,에스엘,2026-08-18,58300.0,147994,16.29
005850,에스엘,2026-08-19,54800.0,181078,16.15
005850,에스엘,2026-08-20,53700.0,91588,16.07
005850,에스엘,2026-08-21,52400.0,84634,16.05
005850,에스엘,2026-08-24,53500.0,73132,16.08
005850,에스엘,2026-08-25,53500.0,81097,16.03
005850,에스엘,2026-08-26,53000.0,79577,15.98
005850,에스엘,2026-08-27,52600.0,75877,15.93
005850,에스엘,2026-08-28,52400.0,64733,15.9
005850,에스엘,2026-08-31,53200.0,63969,15.9
005850,에스엘,2026-09-01,52900.0,35647,15.89
005850,에스엘,2026-09-02,50100.0,139733,15.82
005850,에스엘,2026-09-03,50800.0,71198,15.91
005850,에스엘,2026-09-04,51400.0,40016,15.89
005850,에스엘,2026-09-07,51900.0,40316,15.89
005850,에스엘,2026-09-08,50800.0,55910,15.87
005850,에스엘,2026-09-09,51100.0,45356,15.87
005850,에스엘,2026-09-10,51800.0,121521,15.84
005850,에스엘,2026-09-11,52200.0,69852,15.9
005850,에스엘,2026-09-14,50700.0,63503,15.92
005850,에스엘,2026-09-15,50700.0,61216,15.95
005850,에스엘,2026-09-16,50200.0,57481,15.92
005850,에스엘,2026-09-17,50700.0,51327,15.94
005850,에스엘,2026-09-18,50400.0,56194,15.91
005850,에스엘,2026-09-21,49550.0,51101,15.85
005850,에스엘,2026-09-22,49200.0,58410,15.84
005850,에스엘,2026-09-23,48550.0,105790,15.85
005850,에스엘,2026-09-28,50300.0,92917,15.99
005850,에스엘,2026-09-29,49650.0,51406,15.94
005850,에스엘,2026-09-30,49650.0,49963,15.98
005850,에스엘,2026-10-01,51600.0,123201,15.99
005850,에스엘,2026-10-02,52500.0,40247,16.01
006060,화승인더,2026-06-09,2670.0,88284,
006060,화승인더,2026-06-10,2635.0,80126,
006060,화승인더,2026-06-11,2735.0,53837,
006060,화승인더,2026-06-12,2750.0,64437,
006060,화승인더,2026-06-15,2780.0,49158,
006060,화승인더,2026-06-16,2765.0,38508,
006060,화승인더,2026-06-17,2740.0,32452,
006060,화승인더,2026-06-18,2670.0,66962,
006060,화승인더,2026-06-19,2605.0,126101,
006060,화승인더,2026-06-22,2510.0,96246,
006060,화승인더,2026-06-23,2400.0,124784,
006060,화승인더,2026-06-24,2490.0,479231,
006060,화승인더,2026-06-25,2435.0,79739,
006060,화승인더,2026-06-26,2325.0,111784,
006060,화승인더,2026-06-29,2500.0,51312,
006060,화승인더,2026-06-30,2500.0,32011,
006060,화승인더,2026-07-01,2525.0,40041,
006060,화승인더,2026-07-02,2525.0,76075,
006060,화승인더,2026-07-03,2475.0,236458,
006060,화승인더,2026-07-06,2435.0,143858,
006060,화승인더,2026-07-07,2450.0,55867,
006060,화승인더,2026-07-08,2410.0,102071,
006060,화승인더,2026-07-09,2350.0,66917,
006060,화승인더,2026-07-10,2430.0,67918,
006060,화승인더,2026-07-13,2420.0,62777,
006060,화승인더,2026-07-14,2380.0,67966,
006060,화승인더,2026-07-15,2375.0,45508,
006060,화승인더,2026-07-16,2450.0,96372,
006060,화승인더,2026-07-20,2425.0,56724,
006060,화승인더,2026-07-21,2400.0,45462,
006060,화승인더,2026-07-22,2395.0,37973,
006060,화승인더,2026-07-23,2460.0,45995,
006060,화승인더,2026-07-24,2465.0,56145,5.49
006060,화승인더,2026-07-27,2480.0,30445,5.52
006060,화승인더,2026-07-28,2415.0,115902,5.55
006060,화승인더,2026-07-29,2370.0,173253,5.62
006060,화승인더,2026-07-30,2390.0,82345,5.58
006060,화승인더,2026-07-31,2435.0,40019,5.59
006060,화승인더,2026-08-03,2465.0,30802,5.6
006060,화승인더,2026-08-04,2525.0,33913,5.6
006060,화승인더,2026-08-05,2510.0,45258,5.57
006060,화승인더,2026-08-06,2520.0,57762,5.56
006060,화승인더,2026-08-07,2550.0,47619,5.59
006060,화승인더,2026-08-10,2565.0,34493,5.57
006060,화승인더,2026-08-11,2595.0,58629,5.56
006060,화승인더,2026-08-12,2620.0,36554,5.53
006060,화승인더,2026-08-13,2485.0,169705,5.45
006060,화승인더,2026-08-14,2515.0,123287,5.52
006060,화승인더,2026-08-18,2405.0,181019,5.44
006060,화승인더,2026-08-19,2375.0,62518,5.4
006060,화승인더,2026-08-20,2415.0,66665,5.37
006060,화승인더,2026-08-21,2400.0,81355,5.34
006060,화승인더,2026-08-24,2460.0,46882,5.35
006060,화승인더,2026-08-25,2540.0,56364,5.37
006060,화승인더,2026-08-26,2545.0,44628,5.36
006060,화승인더,2026-08-27,2535.0,72707,5.32
006060,화승인더,2026-08-28,2565.0,89260,5.35
006060,화승인더,2026-08-31,2525.0,51883,5.32
006060,화승인더,2026-09-01,2525.0,39850,5.33
006060,화승인더,2026-09-02,2475.0,52703,5.3
006060,화승인더,2026-09-03,2475.0,38635,5.29
006060,화승인더,2026-09-04,2455.0,43639,5.29
006060,화승인더,2026-09-07,2440.0,25668,5.26
006060,화승인더,2026-09-08,2420.0,30315,5.23
006060,화승인더,2026-09-09,2420.0,60664,5.17
006060,화승인더,2026-09-10,2415.0,55259,5.19
006060,화승인더,2026-09-11,2405.0,45917,5.2
006060,화승인더,2026-09-14,2415.0,24965,5.19
006060,화승인더,2026-09-15,2410.0,17022,5.15
006060,화승인더,2026-09-16,2415.0,47083,5.45
006060,화승인더,2026-09-17,2380.0,56584,5.38
006060,화승인더,2026-09-18,2315.0,233080,5.11
006060,화승인더,2026-09-21,2255.0,153618,5.02
006060,화승인더,2026-09-22,2240.0,89344,4.99
006060,화승인더,2026-09-23,2235.0,37673,4.69
006060,화승인더,2026-09-28,2245.0,12173,4.67
006060,화승인더,2026-09-29,2235.0,48767,4.63
006060,화승인더,2026-09-30,2210.0,44981,4.58
006060,화승인더,2026-10-01,2210.0,39308,4.55
006060,화승인더,2026-10-02,2225.0,32658,4.56
006260,LS,2026-06-09,387500.0,194662,
006260,LS,2026-06-10,390000.0,164141,
006260,LS,2026-06-11,373500.0,213581,
006260,LS,2026-06-12,386500.0,170688,
006260,LS,2026-06-15,419500.0,295009,
006260,LS,2026-06-16,424000.0,170519,
006260,LS,2026-06-17,433000.0,180798,
006260,LS,2026-06-18,417500.0,175864,
006260,LS,2026-06-19,410000.0,250904,
006260,LS,2026-06-22,394000.0,101782,
006260,LS,2026-06-23,361500.0,217994,
006260,LS,2026-06-24,353500.0,316179,
006260,LS,2026-06-25,359500.0,193452,
006260,LS,2026-06-26,334000.0,200220,
006260,LS,2026-06-29,358500.0,244708,
006260,LS,2026-06-30,365500.0,226210,
006260,LS,2026-07-01,399000.0,260834,
006260,LS,2026-07-02,381000.0,223228,
006260,LS,2026-07-03,374000.0,197354,
006260,LS,2026-07-06,353000.0,145508,
006260,LS,2026-07-07,341000.0,145837,
006260,LS,2026-07-08,308500.0,173053,
006260,LS,2026-07-09,313500.0,200187,
006260,LS,2026-07-10,329000.0,114119,
006260,LS,2026-07-13,303500.0,144927,
006260,LS,2026-07-14,292500.0,157275,
006260,LS,2026-07-15,305000.0,145637,
006260,LS,2026-07-16,288000.0,149766,
006260,LS,2026-07-20,265500.0,130399,
006260,LS,2026-07-21,275000.0,135964,
006260,LS,2026-07-22,284500.0,135989,
006260,LS,2026-07-23,321500.0,170807,
006260,LS,2026-07-24,307000.0,139033,18.28
006260,LS,2026-07-27,305000.0,107606,18.08
006260,LS,2026-07-28,268000.0,147308,17.98
006260,LS,2026-07-29,243500.0,209133,17.84
006260,LS,2026-07-30,223500.0,181081,17.84
006260,LS,2026-07-31,267000.0,193549,17.74
006260,LS,2026-08-03,273000.0,119332,17.65
006260,LS,2026-08-04,300500.0,168198,17.38
006260,LS,2026-08-05,329000.0,176261,17.24
006260,LS,2026-08-06,328500.0,219985,16.98
006260,LS,2026-08-07,317000.0,193052,16.92
006260,LS,2026-08-10,330000.0,138588,16.86
006260,LS,2026-08-11,322500.0,130876,16.81
006260,LS,2026-08-12,337000.0,148023,16.7
006260,LS,2026-08-13,326000.0,208349,16.61
006260,LS,2026-08-14,323500.0,258716,16.7
006260,LS,2026-08-18,343500.0,269306,16.75
006260,LS,2026-08-19,333000.0,161876,16.7
006260,LS,2026-08-20,313500.0,226931,16.4
006260,LS,2026-08-21,293500.0,270696,16.5
006260,LS,2026-08-24,288500.0,268700,16.56
006260,LS,2026-08-25,294500.0,114278,16.6
006260,LS,2026-08-26,293500.0,105298,16.64
006260,LS,2026-08-27,313000.0,189929,16.74
006260,LS,2026-08-28,313000.0,111037,16.69
006260,LS,2026-08-31,311500.0,87934,16.72
006260,LS,2026-09-01,310000.0,68724,16.74
006260,LS,2026-09-02,296500.0,89114,16.76
006260,LS,2026-09-03,292000.0,75632,16.78
006260,LS,2026-09-04,299500.0,110255,16.8
006260,LS,2026-09-07,316500.0,89020,16.84
006260,LS,2026-09-08,302500.0,117715,16.88
006260,LS,2026-09-09,330000.0,202945,17.01
006260,LS,2026-09-10,321500.0,134585,16.9
006260,LS,2026-09-11,319500.0,91830,16.89
006260,LS,2026-09-14,308000.0,62867,16.89
006260,LS,2026-09-15,305500.0,63961,16.83
006260,LS,2026-09-16,303500.0,81492,16.87
006260,LS,2026-09-17,307500.0,84266,16.9
006260,LS,2026-09-18,324000.0,181594,16.83
006260,LS,2026-09-21,326500.0,90301,16.75
006260,LS,2026-09-22,326500.0,116161,16.69
006260,LS,2026-09-23,322500.0,71796,16.65
006260,LS,2026-09-28,312000.0,102188,16.7
006260,LS,2026-09-29,318000.0,82428,16.77
006260,LS,2026-09-30,310000.0,94147,16.69
006260,LS,2026-10-01,298500.0,186912,16.51
006260,LS,2026-10-02,299000.0,107849,16.53
006400,삼성SDI,2026-06-09,515000.0,590666,
006400,삼성SDI,2026-06-10,496500.0,514326,
006400,삼성SDI,2026-06-11,498500.0,498703,
006400,삼성SDI,2026-06-12,539000.0,677491,
006400,삼성SDI,2026-06-15,553000.0,531797,
006400,삼성SDI,2026-06-16,549000.0,352915,
006400,삼성SDI,2026-06-17,550000.0,257980,
006400,삼성SDI,2026-06-18,522000.0,391100,
006400,삼성SDI,2026-06-19,555000.0,964995,
006400,삼성SDI,2026-06-22,533000.0,435643,
006400,삼성SDI,2026-06-23,469000.0,712421,
006400,삼성SDI,2026-06-24,489000.0,580727,
006400,삼성SDI,2026-06-25,481000.0,430322,
006400,삼성SDI,2026-06-26,455000.0,580098,
006400,삼성SDI,2026-06-29,512000.0,737533,
006400,삼성SDI,2026-06-30,487000.0,564868,
006400,삼성SDI,2026-07-01,491000.0,431232,
006400,삼성SDI,2026-07-02,470500.0,451674,
006400,삼성SDI,2026-07-03,467500.0,498975,
006400,삼성SDI,2026-07-06,451500.0,412053,
006400,삼성SDI,2026-07-07,445000.0,486461,
006400,삼성SDI,2026-07-08,412000.0,549542,
006400,삼성SDI,2026-07-09,401500.0,595813,
006400,삼성SDI,2026-07-10,434000.0,481772,
006400,삼성SDI,2026-07-13,440000.0,849490,
006400,삼성SDI,2026-07-14,427500.0,713492,
006400,삼성SDI,2026-07-15,454000.0,607682,
006400,삼성SDI,2026-07-16,434500.0,484964,
006400,삼성SDI,2026-07-20,401000.0,371550,
006400,삼성SDI,2026-07-21,416500.0,343674,
006400,삼성SDI,2026-07-22,419000.0,321001,
006400,삼성SDI,2026-07-23,467000.0,450675,
006400,삼성SDI,2026-07-24,428000.0,385322,26.41
006400,삼성SDI,2026-07-27,431000.0,211006,26.38
006400,삼성SDI,2026-07-28,382000.0,469337,26.32
006400,삼성SDI,2026-07-29,364000.0,584630,26.41
006400,삼성SDI,2026-07-30,358500.0,766793,26.34
006400,삼성SDI,2026-07-31,397000.0,675830,26.45
006400,삼성SDI,2026-08-03,389500.0,318802,26.46
006400,삼성SDI,2026-08-04,419500.0,401740,26.5
006400,삼성SDI,2026-08-05,429000.0,301925,26.48
006400,삼성SDI,2026-08-06,427000.0,346534,26.46
006400,삼성SDI,2026-08-07,459000.0,689155,26.47
006400,삼성SDI,2026-08-10,481500.0,423653,26.43
006400,삼성SDI,2026-08-11,459500.0,354160,26.3
006400,삼성SDI,2026-08-12,485500.0,479152,26.4
006400,삼성SDI,2026-08-13,487000.0,321399,26.4
006400,삼성SDI,2026-08-14,516000.0,463047,26.45
006400,삼성SDI,2026-08-18,488000.0,487629,26.31
006400,삼성SDI,2026-08-19,487000.0,394552,26.33
006400,삼성SDI,2026-08-20,499500.0,390207,26.35
006400,삼성SDI,2026-08-21,478000.0,286477,26.27
006400,삼성SDI,2026-08-24,515000.0,677653,26.27
006400,삼성SDI,2026-08-25,519000.0,384401,26.3
006400,삼성SDI,2026-08-26,516000.0,205414,26.18
006400,삼성SDI,2026-08-27,569000.0,940535,26.48
006400,삼성SDI,2026-08-28,571000.0,443235,26.31
006400,삼성SDI,2026-08-31,577000.0,826685,26.02
006400,삼성SDI,2026-09-01,569000.0,579230,25.86
006400,삼성SDI,2026-09-02,538000.0,462183,25.84
006400,삼성SDI,2026-09-03,539000.0,437603,25.71
006400,삼성SDI,2026-09-04,548000.0,259044,25.62
006400,삼성SDI,2026-09-07,541000.0,362006,25.51
006400,삼성SDI,2026-09-08,530000.0,340796,25.47
006400,삼성SDI,2026-09-09,574000.0,636357,25.58
006400,삼성SDI,2026-09-10,561000.0,503271,25.58
006400,삼성SDI,2026-09-11,545000.0,300655,25.6
006400,삼성SDI,2026-09-14,531000.0,332982,25.65
006400,삼성SDI,2026-09-15,551000.0,404777,25.77
006400,삼성SDI,2026-09-16,546000.0,303354,25.69
006400,삼성SDI,2026-09-17,545000.0,189730,25.64
006400,삼성SDI,2026-09-18,542000.0,316231,25.57
006400,삼성SDI,2026-09-21,536000.0,290033,25.48
006400,삼성SDI,2026-09-22,531000.0,209039,25.46
006400,삼성SDI,2026-09-23,521000.0,376430,25.48
006400,삼성SDI,2026-09-28,528000.0,324344,25.64
006400,삼성SDI,2026-09-29,517000.0,362398,25.69
006400,삼성SDI,2026-09-30,513000.0,241594,25.67
006400,삼성SDI,2026-10-01,517000.0,202916,25.53
006400,삼성SDI,2026-10-02,529000.0,235435,25.56
007070,GS리테일,2026-06-09,23400.0,141656,
007070,GS리테일,2026-06-10,23300.0,128069,
007070,GS리테일,2026-06-11,23750.0,197590,
007070,GS리테일,2026-06-12,24550.0,260418,
007070,GS리테일,2026-06-15,24850.0,234998,
007070,GS리테일,2026-06-16,25600.0,224813,
007070,GS리테일,2026-06-17,23900.0,138454,
007070,GS리테일,2026-06-18,23050.0,194743,
007070,GS리테일,2026-06-19,23250.0,233473,
007070,GS리테일,2026-06-22,22100.0,180042,
007070,GS리테일,2026-06-23,22900.0,287559,
007070,GS리테일,2026-06-24,22900.0,193284,
007070,GS리테일,2026-06-25,22300.0,157903,
007070,GS리테일,2026-06-26,21450.0,182131,
007070,GS리테일,2026-06-29,23250.0,237107,
007070,GS리테일,2026-06-30,23500.0,126556,
007070,GS리테일,2026-07-01,23600.0,98188,
007070,GS리테일,2026-07-02,25050.0,295509,
007070,GS리테일,2026-07-03,25000.0,112897,
007070,GS리테일,2026-07-06,24950.0,173934,
007070,GS리테일,2026-07-07,25800.0,225267,
007070,GS리테일,2026-07-08,25050.0,186392,
007070,GS리테일,2026-07-09,25000.0,183856,
007070,GS리테일,2026-07-10,25950.0,211875,
007070,GS리테일,2026-07-13,26600.0,234154,
007070,GS리테일,2026-07-14,25500.0,151658,
007070,GS리테일,2026-07-15,25700.0,146245,
007070,GS리테일,2026-07-16,26400.0,213212,
007070,GS리테일,2026-07-20,25850.0,185170,
007070,GS리테일,2026-07-21,25750.0,168501,
007070,GS리테일,2026-07-22,24450.0,255986,
007070,GS리테일,2026-07-23,25450.0,115121,
007070,GS리테일,2026-07-24,25750.0,126589,13.55
007070,GS리테일,2026-07-27,25500.0,109175,13.6
007070,GS리테일,2026-07-28,24500.0,164109,13.6
007070,GS리테일,2026-07-29,24550.0,275831,13.57
007070,GS리테일,2026-07-30,24600.0,223422,13.56
007070,GS리테일,2026-07-31,24750.0,294766,13.53
007070,GS리테일,2026-08-03,24400.0,204434,13.55
007070,GS리테일,2026-08-04,25050.0,126637,13.55
007070,GS리테일,2026-08-05,24800.0,238369,13.67
007070,GS리테일,2026-08-06,26450.0,314521,13.67
007070,GS리테일,2026-08-07,28350.0,596701,13.48
007070,GS리테일,2026-08-10,28400.0,407540,13.52
007070,GS리테일,2026-08-11,27550.0,170291,13.53
007070,GS리테일,2026-08-12,27000.0,238272,13.6
007070,GS리테일,2026-08-13,26750.0,226950,13.64
007070,GS리테일,2026-08-14,27700.0,163137,13.62
007070,GS리테일,2026-08-18,27250.0,122014,13.63
007070,GS리테일,2026-08-19,26900.0,138189,13.67
007070,GS리테일,2026-08-20,26700.0,110315,13.67
007070,GS리테일,2026-08-21,25800.0,217734,13.77
007070,GS리테일,2026-08-24,27000.0,101406,13.77
007070,GS리테일,2026-08-25,26600.0,86723,13.77
007070,GS리테일,2026-08-26,27250.0,94618,13.76
007070,GS리테일,2026-08-27,25750.0,194540,13.76
007070,GS리테일,2026-08-28,26650.0,176212,13.81
007070,GS리테일,2026-08-31,26350.0,190569,13.71
007070,GS리테일,2026-09-01,26350.0,95899,13.74
007070,GS리테일,2026-09-02,25950.0,107046,13.79
007070,GS리테일,2026-09-03,25650.0,160869,13.85
007070,GS리테일,2026-09-04,25400.0,246492,13.92
007070,GS리테일,2026-09-07,25100.0,219995,13.93
007070,GS리테일,2026-09-08,25150.0,135777,13.97
007070,GS리테일,2026-09-09,25050.0,159984,14.04
007070,GS리테일,2026-09-10,25100.0,124437,14.07
007070,GS리테일,2026-09-11,25050.0,131605,14.12
007070,GS리테일,2026-09-14,25800.0,203101,14.17
007070,GS리테일,2026-09-15,24500.0,336999,14.05
007070,GS리테일,2026-09-16,24050.0,141152,14.09
007070,GS리테일,2026-09-17,24050.0,171899,14.15
007070,GS리테일,2026-09-18,23400.0,770499,14.09
007070,GS리테일,2026-09-21,23300.0,136853,14.16
007070,GS리테일,2026-09-22,23200.0,134792,14.21
007070,GS리테일,2026-09-23,22800.0,132360,14.24
007070,GS리테일,2026-09-28,23050.0,128198,14.3
007070,GS리테일,2026-09-29,22850.0,129697,14.31
007070,GS리테일,2026-09-30,22500.0,124123,14.32
007070,GS리테일,2026-10-01,22200.0,119412,14.33
007070,GS리테일,2026-10-02,22200.0,68904,14.32
007160,사조산업,2026-06-09,43500.0,5844,
007160,사조산업,2026-06-10,42150.0,4638,
007160,사조산업,2026-06-11,42150.0,4224,
007160,사조산업,2026-06-12,43450.0,2371,
007160,사조산업,2026-06-15,44400.0,1846,
007160,사조산업,2026-06-16,43950.0,2426,
007160,사조산업,2026-06-17,43650.0,1969,
007160,사조산업,2026-06-18,43200.0,3719,
007160,사조산업,2026-06-19,42800.0,7407,
007160,사조산업,2026-06-22,41800.0,3889,
007160,사조산업,2026-06-23,40500.0,8890,
007160,사조산업,2026-06-24,41150.0,2664,
007160,사조산업,2026-06-25,41050.0,1294,
007160,사조산업,2026-06-26,41000.0,7571,
007160,사조산업,2026-06-29,43500.0,6299,
007160,사조산업,2026-06-30,48500.0,44018,
007160,사조산업,2026-07-01,47700.0,6223,
007160,사조산업,2026-07-02,46000.0,3191,
007160,사조산업,2026-07-03,46100.0,5240,
007160,사조산업,2026-07-06,48950.0,14892,
007160,사조산업,2026-07-07,48500.0,4001,
007160,사조산업,2026-07-08,47900.0,3980,
007160,사조산업,2026-07-09,45100.0,4797,
007160,사조산업,2026-07-10,48450.0,13068,
007160,사조산업,2026-07-13,47900.0,3598,
007160,사조산업,2026-07-14,47700.0,5660,
007160,사조산업,2026-07-15,47800.0,1378,
007160,사조산업,2026-07-16,48150.0,5976,
007160,사조산업,2026-07-20,45950.0,2141,
007160,사조산업,2026-07-21,45900.0,3277,
007160,사조산업,2026-07-22,45400.0,2577,
007160,사조산업,2026-07-23,46800.0,1990,
007160,사조산업,2026-07-24,47000.0,1755,0.94
007160,사조산업,2026-07-27,48000.0,1611,0.96
007160,사조산업,2026-07-28,46200.0,6419,0.98
007160,사조산업,2026-07-29,44400.0,6078,0.98
007160,사조산업,2026-07-30,45250.0,2633,1.0
007160,사조산업,2026-07-31,47450.0,2981,1.05
007160,사조산업,2026-08-03,48450.0,4305,1.05
007160,사조산업,2026-08-04,52000.0,30248,1.15
007160,사조산업,2026-08-05,52900.0,7097,1.17
007160,사조산업,2026-08-06,53100.0,5962,1.21
007160,사조산업,2026-08-07,52700.0,13594,1.37
007160,사조산업,2026-08-10,54300.0,16745,1.34
007160,사조산업,2026-08-11,55200.0,7234,1.35
007160,사조산업,2026-08-12,51400.0,21728,1.29
007160,사조산업,2026-08-13,48900.0,15301,1.2
007160,사조산업,2026-08-14,49500.0,4820,1.21
007160,사조산업,2026-08-18,50100.0,3804,1.19
007160,사조산업,2026-08-19,49900.0,3174,1.12
007160,사조산업,2026-08-20,49350.0,3674,1.16
007160,사조산업,2026-08-21,49200.0,3028,1.11
007160,사조산업,2026-08-24,49150.0,1176,1.11
007160,사조산업,2026-08-25,49350.0,1016,1.11
007160,사조산업,2026-08-26,50900.0,5782,1.12
007160,사조산업,2026-08-27,51300.0,4282,1.1
007160,사조산업,2026-08-28,52500.0,31302,1.17
007160,사조산업,2026-08-31,51500.0,4214,1.15
007160,사조산업,2026-09-01,51700.0,2564,1.15
007160,사조산업,2026-09-02,50200.0,2493,1.16
007160,사조산업,2026-09-03,49900.0,2293,1.2
007160,사조산업,2026-09-04,50300.0,872,1.2
007160,사조산업,2026-09-07,50500.0,1956,1.23
007160,사조산업,2026-09-08,49950.0,1215,1.23
007160,사조산업,2026-09-09,50100.0,1711,1.16
007160,사조산업,2026-09-10,50700.0,472,1.17
007160,사조산업,2026-09-11,51300.0,2155,1.17
007160,사조산업,2026-09-14,50400.0,2285,1.19
007160,사조산업,2026-09-15,50000.0,2720,1.18
007160,사조산업,2026-09-16,48700.0,2416,1.15
007160,사조산업,2026-09-17,49300.0,2434,1.08
007160,사조산업,2026-09-18,48950.0,1490,1.07
007160,사조산업,2026-09-21,49350.0,887,1.06
007160,사조산업,2026-09-22,49450.0,649,1.06
007160,사조산업,2026-09-23,49000.0,1444,1.05
007160,사조산업,2026-09-28,48750.0,442,1.05
007160,사조산업,2026-09-29,48050.0,2225,1.05
007160,사조산업,2026-09-30,46750.0,2643,1.05
007160,사조산업,2026-10-01,47250.0,1694,1.03
007160,사조산업,2026-10-02,47800.0,1328,1.04
007210,벽산,2026-06-09,1580.0,198641,
007210,벽산,2026-06-10,1540.0,178042,
007210,벽산,2026-06-11,1534.0,196931,
007210,벽산,2026-06-12,1639.0,289164,
007210,벽산,2026-06-15,1644.0,156671,
007210,벽산,2026-06-16,1682.0,138768,
007210,벽산,2026-06-17,1657.0,254312,
007210,벽산,2026-06-18,1626.0,172624,
007210,벽산,2026-06-19,1598.0,216254,
007210,벽산,2026-06-22,1556.0,191921,
007210,벽산,2026-06-23,1450.0,367783,
007210,벽산,2026-06-24,1432.0,210991,
007210,벽산,2026-06-25,1402.0,266506,
007210,벽산,2026-06-26,1372.0,271761,
007210,벽산,2026-06-29,1512.0,301040,
007210,벽산,2026-06-30,1469.0,93911,
007210,벽산,2026-07-01,1527.0,95378,
007210,벽산,2026-07-02,1528.0,154051,
007210,벽산,2026-07-03,1517.0,126510,
007210,벽산,2026-07-06,1519.0,140832,
007210,벽산,2026-07-07,1518.0,100061,
007210,벽산,2026-07-08,1466.0,135422,
007210,벽산,2026-07-09,1439.0,117934,
007210,벽산,2026-07-10,1512.0,132646,
007210,벽산,2026-07-13,1475.0,175016,
007210,벽산,2026-07-14,1478.0,245469,
007210,벽산,2026-07-15,1500.0,128731,
007210,벽산,2026-07-16,1524.0,105220,
007210,벽산,2026-07-20,1505.0,39801,
007210,벽산,2026-07-21,1496.0,62271,
007210,벽산,2026-07-22,1492.0,123661,
007210,벽산,2026-07-23,1530.0,89457,
007210,벽산,2026-07-24,1436.0,372483,2.47
007210,벽산,2026-07-27,1460.0,142891,2.53
007210,벽산,2026-07-28,1403.0,123997,2.55
007210,벽산,2026-07-29,1347.0,306746,2.57
007210,벽산,2026-07-30,1360.0,137032,2.65
007210,벽산,2026-07-31,1430.0,150832,2.69
007210,벽산,2026-08-03,1407.0,130527,2.7
007210,벽산,2026-08-04,1450.0,113830,2.81
007210,벽산,2026-08-05,1484.0,180656,2.87
007210,벽산,2026-08-06,1470.0,128489,2.84
007210,벽산,2026-08-07,1473.0,95872,2.91
007210,벽산,2026-08-10,1497.0,104501,2.92
007210,벽산,2026-08-11,1524.0,91165,2.94
007210,벽산,2026-08-12,1524.0,64768,2.93
007210,벽산,2026-08-13,1495.0,130404,2.87
007210,벽산,2026-08-14,1506.0,102371,2.9
007210,벽산,2026-08-18,1470.0,68689,2.85
007210,벽산,2026-08-19,1462.0,34542,2.83
007210,벽산,2026-08-20,1468.0,74336,2.78
007210,벽산,2026-08-21,1444.0,89866,2.78
007210,벽산,2026-08-24,1454.0,111054,2.85
007210,벽산,2026-08-25,1468.0,66009,2.85
007210,벽산,2026-08-26,1472.0,58933,2.88
007210,벽산,2026-08-27,1452.0,57345,2.86
007210,벽산,2026-08-28,1471.0,88396,2.89
007210,벽산,2026-08-31,1444.0,111268,2.82
007210,벽산,2026-09-01,1449.0,34852,2.81
007210,벽산,2026-09-02,1425.0,111181,2.8
007210,벽산,2026-09-03,1424.0,94307,2.75
007210,벽산,2026-09-04,1430.0,64845,2.75
007210,벽산,2026-09-07,1453.0,51654,2.76
007210,벽산,2026-09-08,1427.0,99752,2.63
007210,벽산,2026-09-09,1418.0,100539,2.54
007210,벽산,2026-09-10,1418.0,45850,2.52
007210,벽산,2026-09-11,1423.0,34958,2.55
007210,벽산,2026-09-14,1412.0,58580,2.6
007210,벽산,2026-09-15,1409.0,66509,2.52
007210,벽산,2026-09-16,1420.0,64649,2.69
007210,벽산,2026-09-17,1430.0,56453,2.66
007210,벽산,2026-09-18,1460.0,35131,2.67
007210,벽산,2026-09-21,1430.0,27458,2.66
007210,벽산,2026-09-22,1425.0,57832,2.66
007210,벽산,2026-09-23,1427.0,73792,2.54
007210,벽산,2026-09-28,1429.0,39743,2.56
007210,벽산,2026-09-29,1433.0,26253,2.55
007210,벽산,2026-09-30,1421.0,33545,2.56
007210,벽산,2026-10-01,1430.0,42987,2.57
007210,벽산,2026-10-02,1439.0,50651,2.61
007540,샘표,2026-06-09,42250.0,11169,
007540,샘표,2026-06-10,41950.0,8212,
007540,샘표,2026-06-11,42550.0,10163,
007540,샘표,2026-06-12,43350.0,9700,
007540,샘표,2026-06-15,42850.0,5712,
007540,샘표,2026-06-16,43100.0,1694,
007540,샘표,2026-06-17,43000.0,2258,
007540,샘표,2026-06-18,42100.0,3064,
007540,샘표,2026-06-19,41450.0,5799,
007540,샘표,2026-06-22,40800.0,6998,
007540,샘표,2026-06-23,40750.0,6540,
007540,샘표,2026-06-24,41350.0,8810,
007540,샘표,2026-06-25,40600.0,4127,
007540,샘표,2026-06-26,39850.0,7188,
007540,샘표,2026-06-29,42450.0,5378,
007540,샘표,2026-06-30,41800.0,2445,
007540,샘표,2026-07-01,42000.0,1998,
007540,샘표,2026-07-02,42650.0,2542,
007540,샘표,2026-07-03,43200.0,3445,
007540,샘표,2026-07-06,44300.0,4274,
007540,샘표,2026-07-07,43700.0,3002,
007540,샘표,2026-07-08,42900.0,6196,
007540,샘표,2026-07-09,43150.0,3406,
007540,샘표,2026-07-10,43850.0,3041,
007540,샘표,2026-07-13,43350.0,3118,
007540,샘표,2026-07-14,42850.0,4920,
007540,샘표,2026-07-15,43500.0,10626,
007540,샘표,2026-07-16,42850.0,34359,
007540,샘표,2026-07-20,42200.0,6939,
007540,샘표,2026-07-21,42000.0,4334,
007540,샘표,2026-07-22,42050.0,4113,
007540,샘표,2026-07-23,43000.0,2895,
007540,샘표,2026-07-24,43250.0,4080,4.74
007540,샘표,2026-07-27,43950.0,2111,4.75
007540,샘표,2026-07-28,43000.0,5149,4.79
007540,샘표,2026-07-29,42850.0,8750,4.77
007540,샘표,2026-07-30,42850.0,6408,4.79
007540,샘표,2026-07-31,43400.0,4850,4.77
007540,샘표,2026-08-03,43300.0,1068,4.78
007540,샘표,2026-08-04,44050.0,5091,4.77
007540,샘표,2026-08-05,44200.0,3675,4.77
007540,샘표,2026-08-06,43850.0,1978,4.77
007540,샘표,2026-08-07,44750.0,4078,4.79
007540,샘표,2026-08-10,45700.0,5006,4.79
007540,샘표,2026-08-11,46050.0,3475,4.8
007540,샘표,2026-08-12,45150.0,5332,4.77
007540,샘표,2026-08-13,44600.0,2773,4.74
007540,샘표,2026-08-14,45850.0,9331,4.8
007540,샘표,2026-08-18,44700.0,2235,4.75
007540,샘표,2026-08-19,44250.0,3118,4.71
007540,샘표,2026-08-20,44200.0,2195,4.67
007540,샘표,2026-08-21,44100.0,1649,4.65
007540,샘표,2026-08-24,44450.0,2744,4.65
007540,샘표,2026-08-25,44750.0,3031,4.63
007540,샘표,2026-08-26,44400.0,1936,4.63
007540,샘표,2026-08-27,43600.0,2936,4.58
007540,샘표,2026-08-28,43950.0,2493,4.6
007540,샘표,2026-08-31,43900.0,2130,4.59
007540,샘표,2026-09-01,44200.0,1598,4.59
007540,샘표,2026-09-02,43350.0,1794,4.55
007540,샘표,2026-09-03,42900.0,1946,4.5
007540,샘표,2026-09-04,43000.0,2062,4.5
007540,샘표,2026-09-07,43000.0,1643,4.49
007540,샘표,2026-09-08,42950.0,1076,4.48
007540,샘표,2026-09-09,42850.0,939,4.47
007540,샘표,2026-09-10,55700.0,44524,4.47
007540,샘표,2026-09-11,57500.0,961727,3.98
007540,샘표,2026-09-14,52400.0,155047,3.9
007540,샘표,2026-09-15,50500.0,83097,3.87
007540,샘표,2026-09-16,48900.0,37618,3.97
007540,샘표,2026-09-17,49100.0,35329,3.99
007540,샘표,2026-09-18,47950.0,53211,4.07
007540,샘표,2026-09-21,47650.0,26368,4.14
007540,샘표,2026-09-22,46650.0,24417,4.12
007540,샘표,2026-09-23,47350.0,18741,3.97
007540,샘표,2026-09-28,47050.0,14522,5.73
007540,샘표,2026-09-29,46600.0,12066,5.8
007540,샘표,2026-09-30,46350.0,11330,5.82
007540,샘표,2026-10-01,46200.0,6019,5.82
007540,샘표,2026-10-02,46550.0,7496,5.77
008260,NI스틸,2026-06-09,2965.0,50754,
008260,NI스틸,2026-06-10,2985.0,46761,
008260,NI스틸,2026-06-11,2960.0,58982,
008260,NI스틸,2026-06-12,3090.0,112084,
008260,NI스틸,2026-06-15,3135.0,42458,
008260,NI스틸,2026-06-16,3120.0,25611,
008260,NI스틸,2026-06-17,3145.0,482135,
008260,NI스틸,2026-06-18,3080.0,81975,
008260,NI스틸,2026-06-19,2985.0,121283,
008260,NI스틸,2026-06-22,2900.0,176128,
008260,NI스틸,2026-06-23,2800.0,132288,
008260,NI스틸,2026-06-24,2880.0,75975,
008260,NI스틸,2026-06-25,2870.0,55626,
008260,NI스틸,2026-06-26,2850.0,73036,
008260,NI스틸,2026-06-29,3040.0,82582,
008260,NI스틸,2026-06-30,2990.0,64611,
008260,NI스틸,2026-07-01,3105.0,132336,
008260,NI스틸,2026-07-02,3165.0,133931,
008260,NI스틸,2026-07-03,3110.0,42326,
008260,NI스틸,2026-07-06,3160.0,72331,
008260,NI스틸,2026-07-07,3120.0,103661,
008260,NI스틸,2026-07-08,3090.0,75450,
008260,NI스틸,2026-07-09,3025.0,94845,
008260,NI스틸,2026-07-10,3120.0,65087,
008260,NI스틸,2026-07-13,3045.0,68898,
008260,NI스틸,2026-07-14,2990.0,202145,
008260,NI스틸,2026-07-15,3050.0,18778,
008260,NI스틸,2026-07-16,3040.0,39114,
008260,NI스틸,2026-07-20,2980.0,47786,
008260,NI스틸,2026-07-21,3045.0,28953,
008260,NI스틸,2026-07-22,2965.0,16472,
008260,NI스틸,2026-07-23,3085.0,22224,
008260,NI스틸,2026-07-24,3115.0,70533,0.3
008260,NI스틸,2026-07-27,3170.0,144313,0.23
008260,NI스틸,2026-07-28,3105.0,66023,0.3
008260,NI스틸,2026-07-29,3045.0,132772,0.42
008260,NI스틸,2026-07-30,3110.0,129610,0.55
008260,NI스틸,2026-07-31,3105.0,78716,0.69
008260,NI스틸,2026-08-03,3175.0,55160,0.72
008260,NI스틸,2026-08-04,3195.0,39086,0.73
008260,NI스틸,2026-08-05,3210.0,72577,0.77
008260,NI스틸,2026-08-06,3325.0,102563,0.8
008260,NI스틸,2026-08-07,3250.0,79423,0.84
008260,NI스틸,2026-08-10,3280.0,57545,0.82
008260,NI스틸,2026-08-11,3290.0,145124,0.98
008260,NI스틸,2026-08-12,3205.0,309846,1.26
008260,NI스틸,2026-08-13,3155.0,89660,1.27
008260,NI스틸,2026-08-14,3230.0,81023,1.33
008260,NI스틸,2026-08-18,3240.0,97087,1.27
008260,NI스틸,2026-08-19,3155.0,99960,1.24
008260,NI스틸,2026-08-20,3460.0,599029,1.33
008260,NI스틸,2026-08-21,3595.0,637429,1.37
008260,NI스틸,2026-08-24,3460.0,96898,1.37
008260,NI스틸,2026-08-25,3440.0,224696,1.61
008260,NI스틸,2026-08-26,3420.0,67536,1.61
008260,NI스틸,2026-08-27,3410.0,29858,1.57
008260,NI스틸,2026-08-28,3585.0,161955,1.57
008260,NI스틸,2026-08-31,3455.0,53197,1.48
008260,NI스틸,2026-09-01,3580.0,188592,1.14
008260,NI스틸,2026-09-02,3420.0,111179,1.14
008260,NI스틸,2026-09-03,3515.0,293409,1.05
008260,NI스틸,2026-09-04,3420.0,68752,1.01
008260,NI스틸,2026-09-07,3405.0,64745,1.03
008260,NI스틸,2026-09-08,3415.0,74519,1.02
008260,NI스틸,2026-09-09,3460.0,94500,0.91
008260,NI스틸,2026-09-10,3450.0,47631,0.91
008260,NI스틸,2026-09-11,3370.0,43186,0.87
008260,NI스틸,2026-09-14,3335.0,169345,1.09
008260,NI스틸,2026-09-15,3395.0,34510,1.06
008260,NI스틸,2026-09-16,3270.0,47853,0.97
008260,NI스틸,2026-09-17,3280.0,88133,1.05
008260,NI스틸,2026-09-18,3390.0,139274,1.09
008260,NI스틸,2026-09-21,3330.0,69265,1.0
008260,NI스틸,2026-09-22,3285.0,26045,0.97
008260,NI스틸,2026-09-23,3275.0,42290,0.93
008260,NI스틸,2026-09-28,3300.0,49793,0.98
008260,NI스틸,2026-09-29,3275.0,16933,0.95
008260,NI스틸,2026-09-30,3390.0,88826,0.9
008260,NI스틸,2026-10-01,3310.0,120362,0.82
008260,NI스틸,2026-10-02,3325.0,45899,0.85
008490,서흥,2026-06-09,18570.0,25524,
008490,서흥,2026-06-10,18000.0,20635,
008490,서흥,2026-06-11,18140.0,12521,
008490,서흥,2026-06-12,18750.0,13392,
008490,서흥,2026-06-15,19340.0,16559,
008490,서흥,2026-06-16,18940.0,23857,
008490,서흥,2026-06-17,19150.0,8809,
008490,서흥,2026-06-18,18750.0,11025,
008490,서흥,2026-06-19,18140.0,16874,
008490,서흥,2026-06-22,18180.0,12314,
008490,서흥,2026-06-23,17200.0,26677,
008490,서흥,2026-06-24,17240.0,27333,
008490,서흥,2026-06-25,17010.0,28241,
008490,서흥,2026-06-26,16200.0,45285,
008490,서흥,2026-06-29,17430.0,56705,
008490,서흥,2026-06-30,17010.0,16228,
008490,서흥,2026-07-01,17520.0,12027,
008490,서흥,2026-07-02,18360.0,70229,
008490,서흥,2026-07-03,19180.0,30248,
008490,서흥,2026-07-06,20250.0,46127,
008490,서흥,2026-07-07,20450.0,68981,
008490,서흥,2026-07-08,20200.0,37038,
008490,서흥,2026-07-09,19190.0,26580,
008490,서흥,2026-07-10,19800.0,10131,
008490,서흥,2026-07-13,20100.0,34120,
008490,서흥,2026-07-14,20750.0,93922,
008490,서흥,2026-07-15,21350.0,47835,
008490,서흥,2026-07-16,20300.0,22274,
008490,서흥,2026-07-20,19950.0,32075,
008490,서흥,2026-07-21,21000.0,33347,
008490,서흥,2026-07-22,20200.0,19355,
008490,서흥,2026-07-23,20500.0,14075,
008490,서흥,2026-07-24,20750.0,33120,6.33
008490,서흥,2026-07-27,20800.0,13185,6.26
008490,서흥,2026-07-28,20100.0,31229,6.3
008490,서흥,2026-07-29,19610.0,33008,6.28
008490,서흥,2026-07-30,19910.0,18440,6.32
008490,서흥,2026-07-31,21150.0,56884,6.35
008490,서흥,2026-08-03,20850.0,33312,6.25
008490,서흥,2026-08-04,22300.0,57005,6.42
008490,서흥,2026-08-05,22100.0,30360,6.41
008490,서흥,2026-08-06,22850.0,61151,6.48
008490,서흥,2026-08-07,23650.0,27004,6.5
008490,서흥,2026-08-10,28600.0,390425,7.1
008490,서흥,2026-08-11,28650.0,239169,7.55
008490,서흥,2026-08-12,27350.0,135112,7.52
008490,서흥,2026-08-13,27300.0,122193,6.77
008490,서흥,2026-08-14,24850.0,165340,6.72
008490,서흥,2026-08-18,23850.0,130288,6.75
008490,서흥,2026-08-19,23200.0,88930,6.9
008490,서흥,2026-08-20,23600.0,50877,6.7
008490,서흥,2026-08-21,22500.0,72257,6.5
008490,서흥,2026-08-24,22550.0,20495,6.48
008490,서흥,2026-08-25,22600.0,24866,6.38
008490,서흥,2026-08-26,22850.0,15540,6.29
008490,서흥,2026-08-27,21900.0,25268,6.19
008490,서흥,2026-08-28,22900.0,14684,6.17
008490,서흥,2026-08-31,22850.0,15556,6.1
008490,서흥,2026-09-01,22300.0,9216,6.07
008490,서흥,2026-09-02,21400.0,14095,6.11
008490,서흥,2026-09-03,21350.0,20303,6.09
008490,서흥,2026-09-04,21250.0,12795,6.05
008490,서흥,2026-09-07,21300.0,19470,6.03
008490,서흥,2026-09-08,21000.0,23259,6.04
008490,서흥,2026-09-09,21250.0,17977,6.07
008490,서흥,2026-09-10,21000.0,10808,6.06
008490,서흥,2026-09-11,20750.0,6257,6.05
008490,서흥,2026-09-14,20150.0,13111,6.02
008490,서흥,2026-09-15,20150.0,7616,6.0
008490,서흥,2026-09-16,20100.0,15407,5.98
008490,서흥,2026-09-17,20250.0,12504,5.97
008490,서흥,2026-09-18,20450.0,9048,5.96
008490,서흥,2026-09-21,20000.0,14890,5.92
008490,서흥,2026-09-22,20200.0,11462,5.91
008490,서흥,2026-09-23,19880.0,18980,5.87
008490,서흥,2026-09-28,20250.0,18410,5.91
008490,서흥,2026-09-29,20050.0,21521,5.91
008490,서흥,2026-09-30,19970.0,11171,5.93
008490,서흥,2026-10-01,20050.0,8153,5.94
008490,서흥,2026-10-02,20300.0,8128,5.93
009410,태영건설,2026-06-09,1622.0,192359,
009410,태영건설,2026-06-10,1660.0,207836,
009410,태영건설,2026-06-11,1745.0,553764,
009410,태영건설,2026-06-12,1770.0,585181,
009410,태영건설,2026-06-15,1829.0,441859,
009410,태영건설,2026-06-16,1838.0,816522,
009410,태영건설,2026-06-17,1836.0,469123,
009410,태영건설,2026-06-18,1759.0,296205,
009410,태영건설,2026-06-19,1706.0,307811,
009410,태영건설,2026-06-22,1670.0,256326,
009410,태영건설,2026-06-23,1581.0,456345,
009410,태영건설,2026-06-24,1650.0,265378,
009410,태영건설,2026-06-25,1615.0,217151,
009410,태영건설,2026-06-26,1592.0,281247,
009410,태영건설,2026-06-29,1710.0,272187,
009410,태영건설,2026-06-30,1675.0,143620,
009410,태영건설,2026-07-01,1745.0,444487,
009410,태영건설,2026-07-02,1696.0,491181,
009410,태영건설,2026-07-03,1714.0,351291,
009410,태영건설,2026-07-06,1716.0,286981,
009410,태영건설,2026-07-07,1659.0,328334,
009410,태영건설,2026-07-08,1616.0,546499,
009410,태영건설,2026-07-09,1605.0,323082,
009410,태영건설,2026-07-10,1690.0,368287,
009410,태영건설,2026-07-13,1595.0,473795,
009410,태영건설,2026-07-14,1586.0,365998,
009410,태영건설,2026-07-15,1611.0,217671,
009410,태영건설,2026-07-16,1602.0,203197,
009410,태영건설,2026-07-20,1574.0,211789,
009410,태영건설,2026-07-21,1577.0,129208,
009410,태영건설,2026-07-22,1606.0,273454,
009410,태영건설,2026-07-23,1723.0,462453,
009410,태영건설,2026-07-24,1694.0,248421,0.53
009410,태영건설,2026-07-27,1693.0,253705,0.53
009410,태영건설,2026-07-28,1625.0,345666,0.55
009410,태영건설,2026-07-29,1560.0,604999,0.52
009410,태영건설,2026-07-30,1601.0,428054,0.56
009410,태영건설,2026-07-31,1615.0,415379,0.59
009410,태영건설,2026-08-03,1619.0,403221,0.6
009410,태영건설,2026-08-04,1623.0,217100,0.59
009410,태영건설,2026-08-05,1628.0,186091,0.58
009410,태영건설,2026-08-06,1647.0,207898,0.62
009410,태영건설,2026-08-07,1621.0,177166,0.62
009410,태영건설,2026-08-10,1622.0,322531,0.6
009410,태영건설,2026-08-11,1640.0,228293,0.61
009410,태영건설,2026-08-12,1645.0,347598,0.59
009410,태영건설,2026-08-13,1612.0,384817,0.55
009410,태영건설,2026-08-14,1636.0,319315,0.56
009410,태영건설,2026-08-18,1615.0,432142,0.54
009410,태영건설,2026-08-19,1605.0,222456,0.52
009410,태영건설,2026-08-20,1603.0,142817,0.51
009410,태영건설,2026-08-21,1598.0,185051,0.49
009410,태영건설,2026-08-24,1605.0,181804,0.49
009410,태영건설,2026-08-25,1628.0,263728,0.52
009410,태영건설,2026-08-26,1667.0,383602,0.58
009410,태영건설,2026-08-27,1640.0,290596,0.57
009410,태영건설,2026-08-28,1693.0,900143,0.57
009410,태영건설,2026-08-31,1709.0,880481,0.51
009410,태영건설,2026-09-01,1671.0,276029,0.49
009410,태영건설,2026-09-02,1658.0,171119,0.49
009410,태영건설,2026-09-03,1675.0,321713,0.54
009410,태영건설,2026-09-04,1687.0,271063,0.52
009410,태영건설,2026-09-07,1699.0,286797,0.55
009410,태영건설,2026-09-08,1700.0,255918,0.58
009410,태영건설,2026-09-09,1701.0,228328,0.58
009410,태영건설,2026-09-10,1698.0,154329,0.58
009410,태영건설,2026-09-11,1699.0,172146,0.57
009410,태영건설,2026-09-14,1679.0,245731,0.53
009410,태영건설,2026-09-15,1680.0,118493,0.52
009410,태영건설,2026-09-16,1683.0,207317,0.52
009410,태영건설,2026-09-17,1684.0,52649,0.52
009410,태영건설,2026-09-18,1673.0,95737,0.51
009410,태영건설,2026-09-21,1664.0,224995,0.44
009410,태영건설,2026-09-22,1641.0,134727,0.43
009410,태영건설,2026-09-23,1627.0,177156,0.42
009410,태영건설,2026-09-28,1630.0,123801,0.43
009410,태영건설,2026-09-29,1622.0,206506,0.4
009410,태영건설,2026-09-30,1671.0,1633698,0.39
009410,태영건설,2026-10-01,1645.0,500281,0.39
009410,태영건설,2026-10-02,1635.0,221896,0.36
009780,엠에스씨,2026-06-09,6150.0,24168,
009780,엠에스씨,2026-06-10,5990.0,15212,
009780,엠에스씨,2026-06-11,6160.0,6387,
009780,엠에스씨,2026-06-12,6230.0,11989,
009780,엠에스씨,2026-06-15,6250.0,12511,
009780,엠에스씨,2026-06-16,6220.0,6394,
009780,엠에스씨,2026-06-17,6330.0,13166,
009780,엠에스씨,2026-06-18,6140.0,14285,
009780,엠에스씨,2026-06-19,6080.0,26483,
009780,엠에스씨,2026-06-22,5920.0,25824,
009780,엠에스씨,2026-06-23,5810.0,39983,
009780,엠에스씨,2026-06-24,5850.0,20012,
009780,엠에스씨,2026-06-25,6100.0,21266,
009780,엠에스씨,2026-06-26,6000.0,32831,
009780,엠에스씨,2026-06-29,6270.0,22599,
009780,엠에스씨,2026-06-30,6490.0,15429,
009780,엠에스씨,2026-07-01,6390.0,10761,
009780,엠에스씨,2026-07-02,6240.0,9007,
009780,엠에스씨,2026-07-03,6290.0,5838,
009780,엠에스씨,2026-07-06,6200.0,18036,
009780,엠에스씨,2026-07-07,6210.0,6042,
009780,엠에스씨,2026-07-08,6010.0,17574,
009780,엠에스씨,2026-07-09,6080.0,8403,
009780,엠에스씨,2026-07-10,6250.0,10123,
009780,엠에스씨,2026-07-13,6060.0,8277,
009780,엠에스씨,2026-07-14,6060.0,15206,
009780,엠에스씨,2026-07-15,6060.0,9690,
009780,엠에스씨,2026-07-16,6040.0,6231,
009780,엠에스씨,2026-07-20,5940.0,16447,
009780,엠에스씨,2026-07-21,6040.0,23114,
009780,엠에스씨,2026-07-22,6020.0,2822,
009780,엠에스씨,2026-07-23,6050.0,7353,
009780,엠에스씨,2026-07-24,6060.0,9951,2.17
009780,엠에스씨,2026-07-27,6050.0,10272,2.18
009780,엠에스씨,2026-07-28,5990.0,21818,2.2
009780,엠에스씨,2026-07-29,5870.0,51673,2.18
009780,엠에스씨,2026-07-30,5860.0,25946,2.2
009780,엠에스씨,2026-07-31,6140.0,15441,2.23
009780,엠에스씨,2026-08-03,6220.0,5161,2.24
009780,엠에스씨,2026-08-04,6280.0,10404,2.21
009780,엠에스씨,2026-08-05,6220.0,15537,2.19
009780,엠에스씨,2026-08-06,6200.0,6306,2.19
009780,엠에스씨,2026-08-07,6290.0,9933,2.17
009780,엠에스씨,2026-08-10,6350.0,17195,2.18
009780,엠에스씨,2026-08-11,6430.0,21491,2.19
009780,엠에스씨,2026-08-12,6460.0,15302,2.17
009780,엠에스씨,2026-08-13,6470.0,12087,2.15
009780,엠에스씨,2026-08-14,7260.0,459321,2.31
009780,엠에스씨,2026-08-18,7150.0,57645,2.26
009780,엠에스씨,2026-08-19,6800.0,49994,2.27
009780,엠에스씨,2026-08-20,6970.0,24116,2.24
009780,엠에스씨,2026-08-21,6960.0,23865,2.22
009780,엠에스씨,2026-08-24,7050.0,21514,2.19
009780,엠에스씨,2026-08-25,7050.0,21459,2.15
009780,엠에스씨,2026-08-26,7290.0,26844,2.12
009780,엠에스씨,2026-08-27,7240.0,19988,2.08
009780,엠에스씨,2026-08-28,7300.0,14721,2.07
009780,엠에스씨,2026-08-31,7330.0,15409,2.07
009780,엠에스씨,2026-09-01,7340.0,11826,2.06
009780,엠에스씨,2026-09-02,7150.0,11362,2.05
009780,엠에스씨,2026-09-03,7090.0,11591,2.05
009780,엠에스씨,2026-09-04,7140.0,2808,2.05
009780,엠에스씨,2026-09-07,6940.0,15034,2.01
009780,엠에스씨,2026-09-08,6880.0,10987,2.01
009780,엠에스씨,2026-09-09,6760.0,10571,1.98
009780,엠에스씨,2026-09-10,6820.0,8871,2.03
009780,엠에스씨,2026-09-11,6810.0,6159,2.03
009780,엠에스씨,2026-09-14,6770.0,4306,2.03
009780,엠에스씨,2026-09-15,6710.0,8015,2.0
009780,엠에스씨,2026-09-16,6720.0,2426,2.14
009780,엠에스씨,2026-09-17,6760.0,4650,2.0
009780,엠에스씨,2026-09-18,6770.0,3214,1.99
009780,엠에스씨,2026-09-21,6770.0,5150,1.98
009780,엠에스씨,2026-09-22,6750.0,7914,1.95
009780,엠에스씨,2026-09-23,6790.0,4041,1.96
009780,엠에스씨,2026-09-28,6840.0,4874,1.96
009780,엠에스씨,2026-09-29,6830.0,2550,1.96
009780,엠에스씨,2026-09-30,7010.0,18949,1.93
009780,엠에스씨,2026-10-01,7080.0,10246,1.91
009780,엠에스씨,2026-10-02,7480.0,64071,2.08
009970,영원무역홀딩스,2026-06-09,182400.0,15392,
009970,영원무역홀딩스,2026-06-10,185500.0,20419,
009970,영원무역홀딩스,2026-06-11,185300.0,30544,
009970,영원무역홀딩스,2026-06-12,186500.0,17845,
009970,영원무역홀딩스,2026-06-15,190400.0,8984,
009970,영원무역홀딩스,2026-06-16,188300.0,9130,
009970,영원무역홀딩스,2026-06-17,184800.0,8972,
009970,영원무역홀딩스,2026-06-18,176100.0,12913,
009970,영원무역홀딩스,2026-06-19,181000.0,13135,
009970,영원무역홀딩스,2026-06-22,166700.0,20287,
009970,영원무역홀딩스,2026-06-23,167800.0,14652,
009970,영원무역홀딩스,2026-06-24,161000.0,23294,
009970,영원무역홀딩스,2026-06-25,170000.0,18997,
009970,영원무역홀딩스,2026-06-26,164600.0,16503,
009970,영원무역홀딩스,2026-06-29,176500.0,18303,
009970,영원무역홀딩스,2026-06-30,163100.0,19421,
009970,영원무역홀딩스,2026-07-01,168200.0,15790,
009970,영원무역홀딩스,2026-07-02,180000.0,23253,
009970,영원무역홀딩스,2026-07-03,181800.0,11213,
009970,영원무역홀딩스,2026-07-06,181900.0,7424,
009970,영원무역홀딩스,2026-07-07,190000.0,11897,
009970,영원무역홀딩스,2026-07-08,185200.0,21181,
009970,영원무역홀딩스,2026-07-09,188000.0,20542,
009970,영원무역홀딩스,2026-07-10,189300.0,12512,
009970,영원무역홀딩스,2026-07-13,193100.0,13338,
009970,영원무역홀딩스,2026-07-14,185800.0,25052,
009970,영원무역홀딩스,2026-07-15,188200.0,13532,
009970,영원무역홀딩스,2026-07-16,191200.0,12482,
009970,영원무역홀딩스,2026-07-20,187400.0,9844,
009970,영원무역홀딩스,2026-07-21,190900.0,6588,
009970,영원무역홀딩스,2026-07-22,191000.0,8604,
009970,영원무역홀딩스,2026-07-23,196900.0,9938,
009970,영원무역홀딩스,2026-07-24,203500.0,12677,23.19
009970,영원무역홀딩스,2026-07-27,203500.0,7680,23.18
009970,영원무역홀딩스,2026-07-28,201000.0,8915,23.2
009970,영원무역홀딩스,2026-07-29,199800.0,19809,23.2
009970,영원무역홀딩스,2026-07-30,204500.0,17340,23.2
009970,영원무역홀딩스,2026-07-31,192000.0,23185,23.21
009970,영원무역홀딩스,2026-08-03,190100.0,9014,23.22
009970,영원무역홀딩스,2026-08-04,190900.0,12257,23.25
009970,영원무역홀딩스,2026-08-05,189900.0,11429,23.27
009970,영원무역홀딩스,2026-08-06,203000.0,22411,23.32
009970,영원무역홀딩스,2026-08-07,206500.0,9842,23.3
009970,영원무역홀딩스,2026-08-10,201500.0,13510,23.28
009970,영원무역홀딩스,2026-08-11,197000.0,10150,23.28
009970,영원무역홀딩스,2026-08-12,188300.0,17353,23.26
009970,영원무역홀딩스,2026-08-13,190300.0,19170,23.27
009970,영원무역홀딩스,2026-08-14,189400.0,36439,23.35
009970,영원무역홀딩스,2026-08-18,183300.0,20773,23.34
009970,영원무역홀딩스,2026-08-19,174500.0,13131,23.32
009970,영원무역홀딩스,2026-08-20,165300.0,16800,23.31
009970,영원무역홀딩스,2026-08-21,166600.0,7157,23.3
009970,영원무역홀딩스,2026-08-24,172000.0,6996,23.31
009970,영원무역홀딩스,2026-08-25,170600.0,6596,23.3
009970,영원무역홀딩스,2026-08-26,172100.0,7020,23.29
009970,영원무역홀딩스,2026-08-27,168100.0,8325,23.27
009970,영원무역홀딩스,2026-08-28,171500.0,7605,23.28
009970,영원무역홀딩스,2026-08-31,168500.0,14566,23.28
009970,영원무역홀딩스,2026-09-01,167000.0,11738,23.29
009970,영원무역홀딩스,2026-09-02,168400.0,7737,23.31
009970,영원무역홀딩스,2026-09-03,171400.0,9150,23.33
009970,영원무역홀딩스,2026-09-04,170900.0,6888,23.3
009970,영원무역홀딩스,2026-09-07,170700.0,9556,23.27
009970,영원무역홀딩스,2026-09-08,171600.0,7346,23.27
009970,영원무역홀딩스,2026-09-09,169100.0,6220,23.27
009970,영원무역홀딩스,2026-09-10,171000.0,17371,23.28
009970,영원무역홀딩스,2026-09-11,171000.0,8146,23.28
009970,영원무역홀딩스,2026-09-14,170400.0,8884,23.3
009970,영원무역홀딩스,2026-09-15,167400.0,8672,23.28
009970,영원무역홀딩스,2026-09-16,166300.0,5128,23.24
009970,영원무역홀딩스,2026-09-17,169600.0,7001,23.22
009970,영원무역홀딩스,2026-09-18,167900.0,18069,23.21
009970,영원무역홀딩스,2026-09-21,167100.0,6034,23.2
009970,영원무역홀딩스,2026-09-22,166000.0,12176,23.19
009970,영원무역홀딩스,2026-09-23,165900.0,6590,23.12
009970,영원무역홀딩스,2026-09-28,167000.0,8015,23.13
009970,영원무역홀딩스,2026-09-29,165300.0,7415,23.12
009970,영원무역홀딩스,2026-09-30,162400.0,10976,23.1
009970,영원무역홀딩스,2026-10-01,162000.0,5890,23.1
009970,영원무역홀딩스,2026-10-02,164600.0,9442,23.08
010060,OCI홀딩스,2026-06-09,256000.0,466625,
010060,OCI홀딩스,2026-06-10,263500.0,381514,
010060,OCI홀딩스,2026-06-11,283500.0,400497,
010060,OCI홀딩스,2026-06-12,300000.0,404519,
010060,OCI홀딩스,2026-06-15,283000.0,284716,
010060,OCI홀딩스,2026-06-16,318000.0,531256,
010060,OCI홀딩스,2026-06-17,299500.0,261895,
010060,OCI홀딩스,2026-06-18,271500.0,253353,
010060,OCI홀딩스,2026-06-19,256500.0,266854,
010060,OCI홀딩스,2026-06-22,247000.0,186112,
010060,OCI홀딩스,2026-06-23,216000.0,432450,
010060,OCI홀딩스,2026-06-24,212000.0,273141,
010060,OCI홀딩스,2026-06-25,211000.0,177107,
010060,OCI홀딩스,2026-06-26,194000.0,288330,
010060,OCI홀딩스,2026-06-29,215500.0,177784,
010060,OCI홀딩스,2026-06-30,214500.0,149908,
010060,OCI홀딩스,2026-07-01,240000.0,258991,
010060,OCI홀딩스,2026-07-02,219000.0,255663,
010060,OCI홀딩스,2026-07-03,213000.0,161275,
010060,OCI홀딩스,2026-07-06,198700.0,168584,
010060,OCI홀딩스,2026-07-07,197900.0,161907,
010060,OCI홀딩스,2026-07-08,180500.0,153209,
010060,OCI홀딩스,2026-07-09,183200.0,170485,
010060,OCI홀딩스,2026-07-10,197800.0,145808,
010060,OCI홀딩스,2026-07-13,204500.0,235398,
010060,OCI홀딩스,2026-07-14,184000.0,239278,
010060,OCI홀딩스,2026-07-15,203500.0,117911,
010060,OCI홀딩스,2026-07-16,194300.0,94779,
010060,OCI홀딩스,2026-07-20,199700.0,189942,
010060,OCI홀딩스,2026-07-21,195000.0,158172,
010060,OCI홀딩스,2026-07-22,190000.0,221381,
010060,OCI홀딩스,2026-07-23,247000.0,478314,
010060,OCI홀딩스,2026-07-24,250000.0,1253831,16.96
010060,OCI홀딩스,2026-07-27,206000.0,524417,16.03
010060,OCI홀딩스,2026-07-28,184500.0,291117,16.02
010060,OCI홀딩스,2026-07-29,170100.0,438481,15.87
010060,OCI홀딩스,2026-07-30,175400.0,349391,15.64
010060,OCI홀딩스,2026-07-31,190300.0,329660,15.34
010060,OCI홀딩스,2026-08-03,196900.0,236881,15.55
010060,OCI홀딩스,2026-08-04,225000.0,531248,15.61
010060,OCI홀딩스,2026-08-05,246000.0,415641,15.42
010060,OCI홀딩스,2026-08-06,244000.0,328612,14.95
010060,OCI홀딩스,2026-08-07,272500.0,1122836,14.79
010060,OCI홀딩스,2026-08-10,284500.0,578403,14.6
010060,OCI홀딩스,2026-08-11,273500.0,284631,14.34
010060,OCI홀딩스,2026-08-12,256000.0,410731,14.45
010060,OCI홀딩스,2026-08-13,278000.0,481626,15.08
010060,OCI홀딩스,2026-08-14,279000.0,218591,14.93
010060,OCI홀딩스,2026-08-18,272500.0,225165,14.95
010060,OCI홀딩스,2026-08-19,277500.0,325349,15.26
010060,OCI홀딩스,2026-08-20,290000.0,348474,15.29
010060,OCI홀딩스,2026-08-21,265000.0,276693,14.81
010060,OCI홀딩스,2026-08-24,269000.0,154293,14.9
010060,OCI홀딩스,2026-08-25,275000.0,187381,14.95
010060,OCI홀딩스,2026-08-26,275500.0,167523,14.96
010060,OCI홀딩스,2026-08-27,276000.0,188591,15.08
010060,OCI홀딩스,2026-08-28,274500.0,175999,15.0
010060,OCI홀딩스,2026-08-31,277500.0,123858,15.33
010060,OCI홀딩스,2026-09-01,263500.0,194710,14.92
010060,OCI홀딩스,2026-09-02,241000.0,309483,15.18
010060,OCI홀딩스,2026-09-03,227500.0,477229,15.86
010060,OCI홀딩스,2026-09-04,227500.0,234036,16.03
010060,OCI홀딩스,2026-09-07,222000.0,523246,15.95
010060,OCI홀딩스,2026-09-08,215500.0,368570,15.9
010060,OCI홀딩스,2026-09-09,226500.0,245613,16.22
010060,OCI홀딩스,2026-09-10,221500.0,206570,16.3
010060,OCI홀딩스,2026-09-11,218500.0,134477,16.08
010060,OCI홀딩스,2026-09-14,203500.0,174103,16.23
010060,OCI홀딩스,2026-09-15,204000.0,133153,16.38
010060,OCI홀딩스,2026-09-16,201500.0,117790,16.61
010060,OCI홀딩스,2026-09-17,203000.0,99733,16.62
010060,OCI홀딩스,2026-09-18,203500.0,124656,16.45
010060,OCI홀딩스,2026-09-21,193000.0,410941,15.95
010060,OCI홀딩스,2026-09-22,188200.0,307520,15.79
010060,OCI홀딩스,2026-09-23,206500.0,435108,15.9
010060,OCI홀딩스,2026-09-28,232000.0,560041,16.3
010060,OCI홀딩스,2026-09-29,219000.0,331130,15.8
010060,OCI홀딩스,2026-09-30,221500.0,231971,16.2
010060,OCI홀딩스,2026-10-01,221500.0,142179,16.03
010060,OCI홀딩스,2026-10-02,236000.0,384807,15.89
014280,금강공업,2026-06-09,4080.0,71625,
014280,금강공업,2026-06-10,4080.0,64615,
014280,금강공업,2026-06-11,4095.0,72668,
014280,금강공업,2026-06-12,4520.0,144429,
014280,금강공업,2026-06-15,4525.0,108448,
014280,금강공업,2026-06-16,4670.0,92866,
014280,금강공업,2026-06-17,4590.0,129889,
014280,금강공업,2026-06-18,4370.0,61889,
014280,금강공업,2026-06-19,4190.0,69922,
014280,금강공업,2026-06-22,4120.0,64098,
014280,금강공업,2026-06-23,3875.0,130954,
014280,금강공업,2026-06-24,3890.0,74757,
014280,금강공업,2026-06-25,3910.0,76178,
014280,금강공업,2026-06-26,3795.0,92666,
014280,금강공업,2026-06-29,4135.0,47006,
014280,금강공업,2026-06-30,4080.0,43038,
014280,금강공업,2026-07-01,4150.0,55448,
014280,금강공업,2026-07-02,4135.0,65674,
014280,금강공업,2026-07-03,4155.0,52625,
014280,금강공업,2026-07-06,4195.0,39592,
014280,금강공업,2026-07-07,4185.0,239402,
014280,금강공업,2026-07-08,4035.0,58237,
014280,금강공업,2026-07-09,3910.0,43610,
014280,금강공업,2026-07-10,4035.0,47684,
014280,금강공업,2026-07-13,3755.0,117297,
014280,금강공업,2026-07-14,3770.0,148819,
014280,금강공업,2026-07-15,3890.0,33937,
014280,금강공업,2026-07-16,3900.0,22226,
014280,금강공업,2026-07-20,3780.0,40941,
014280,금강공업,2026-07-21,3870.0,57558,
014280,금강공업,2026-07-22,3860.0,29590,
014280,금강공업,2026-07-23,4050.0,30513,
014280,금강공업,2026-07-24,4050.0,17031,2.59
014280,금강공업,2026-07-27,4000.0,19957,2.59
014280,금강공업,2026-07-28,4005.0,51565,2.57
014280,금강공업,2026-07-29,3680.0,127801,2.61
014280,금강공업,2026-07-30,3700.0,65580,2.67
014280,금강공업,2026-07-31,3930.0,30255,2.71
014280,금강공업,2026-08-03,4010.0,25679,2.68
014280,금강공업,2026-08-04,4040.0,27059,2.69
014280,금강공업,2026-08-05,4060.0,32752,2.73
014280,금강공업,2026-08-06,4115.0,18265,2.74
014280,금강공업,2026-08-07,4150.0,21329,2.7
014280,금강공업,2026-08-10,4265.0,89889,2.66
014280,금강공업,2026-08-11,4245.0,48086,2.6
014280,금강공업,2026-08-12,4230.0,38630,2.59
014280,금강공업,2026-08-13,4220.0,111604,2.59
014280,금강공업,2026-08-14,4480.0,1107796,2.76
014280,금강공업,2026-08-18,4500.0,157527,2.77
014280,금강공업,2026-08-19,4510.0,63121,2.75
014280,금강공업,2026-08-20,4425.0,108374,2.89
014280,금강공업,2026-08-21,4330.0,95953,3.0
014280,금강공업,2026-08-24,4345.0,51018,3.08
014280,금강공업,2026-08-25,4425.0,29362,3.1
014280,금강공업,2026-08-26,4435.0,46050,3.08
014280,금강공업,2026-08-27,4345.0,66056,3.16
014280,금강공업,2026-08-28,4390.0,37048,3.19
014280,금강공업,2026-08-31,4285.0,37233,3.12
014280,금강공업,2026-09-01,4290.0,37965,3.08
014280,금강공업,2026-09-02,4290.0,26125,3.07
014280,금강공업,2026-09-03,4285.0,51393,3.02
014280,금강공업,2026-09-04,4240.0,16671,3.07
014280,금강공업,2026-09-07,4270.0,85396,3.04
014280,금강공업,2026-09-08,4345.0,41798,3.06
014280,금강공업,2026-09-09,4745.0,3325503,2.26
014280,금강공업,2026-09-10,4760.0,613760,2.45
014280,금강공업,2026-09-11,4525.0,830307,2.35
014280,금강공업,2026-09-14,4450.0,312617,2.78
014280,금강공업,2026-09-15,4485.0,95955,2.88
014280,금강공업,2026-09-16,4405.0,68034,2.87
014280,금강공업,2026-09-17,4425.0,57168,2.87
014280,금강공업,2026-09-18,4470.0,69242,2.94
014280,금강공업,2026-09-21,4430.0,48081,2.92
014280,금강공업,2026-09-22,4450.0,1124705,2.38
014280,금강공업,2026-09-23,4405.0,129317,2.36
014280,금강공업,2026-09-28,4845.0,7334486,2.14
014280,금강공업,2026-09-29,4740.0,767794,2.19
014280,금강공업,2026-09-30,4850.0,2367654,2.0
014280,금강공업,2026-10-01,4675.0,595023,2.01
014280,금강공업,2026-10-02,4560.0,192806,2.05
014620,성광벤드,2026-06-09,28000.0,149004,
014620,성광벤드,2026-06-10,28900.0,126852,
014620,성광벤드,2026-06-11,27900.0,451718,
014620,성광벤드,2026-06-12,30050.0,347747,
014620,성광벤드,2026-06-15,32900.0,154384,
014620,성광벤드,2026-06-16,32750.0,181925,
014620,성광벤드,2026-06-17,34050.0,216809,
014620,성광벤드,2026-06-18,31250.0,207084,
014620,성광벤드,2026-06-19,30700.0,124543,
014620,성광벤드,2026-06-22,30500.0,109078,
014620,성광벤드,2026-06-23,30200.0,157657,
014620,성광벤드,2026-06-24,28300.0,161544,
014620,성광벤드,2026-06-25,26200.0,123333,
014620,성광벤드,2026-06-26,25100.0,133361,
014620,성광벤드,2026-06-29,29150.0,184322,
014620,성광벤드,2026-06-30,27900.0,89590,
014620,성광벤드,2026-07-01,30400.0,197873,
014620,성광벤드,2026-07-02,29050.0,82818,
014620,성광벤드,2026-07-03,27400.0,115768,
014620,성광벤드,2026-07-06,26800.0,109619,
014620,성광벤드,2026-07-07,25850.0,158177,
014620,성광벤드,2026-07-08,24800.0,92144,
014620,성광벤드,2026-07-09,25150.0,113219,
014620,성광벤드,2026-07-10,26500.0,96642,
014620,성광벤드,2026-07-13,26500.0,97494,
014620,성광벤드,2026-07-14,25650.0,229340,
014620,성광벤드,2026-07-15,26700.0,103108,
014620,성광벤드,2026-07-16,25900.0,81185,
014620,성광벤드,2026-07-20,24400.0,98188,
014620,성광벤드,2026-07-21,24050.0,149303,
014620,성광벤드,2026-07-22,24700.0,102386,
014620,성광벤드,2026-07-23,27500.0,126180,
014620,성광벤드,2026-07-24,28200.0,178792,36.21
014620,성광벤드,2026-07-27,27800.0,84912,36.12
014620,성광벤드,2026-07-28,26300.0,130507,36.14
014620,성광벤드,2026-07-29,25000.0,209725,36.24
014620,성광벤드,2026-07-30,26150.0,160436,36.37
014620,성광벤드,2026-07-31,26750.0,317952,36.3
014620,성광벤드,2026-08-03,25600.0,122625,36.31
014620,성광벤드,2026-08-04,26600.0,125048,36.22
014620,성광벤드,2026-08-05,27450.0,188870,36.47
014620,성광벤드,2026-08-06,26900.0,127443,36.53
014620,성광벤드,2026-08-07,26650.0,167675,36.59
014620,성광벤드,2026-08-10,28600.0,182658,36.78
014620,성광벤드,2026-08-11,27350.0,224264,36.46
014620,성광벤드,2026-08-12,26950.0,134177,36.21
014620,성광벤드,2026-08-13,26750.0,104117,36.25
014620,성광벤드,2026-08-14,26050.0,209381,35.91
014620,성광벤드,2026-08-18,24600.0,155964,35.68
014620,성광벤드,2026-08-19,23900.0,111922,35.58
014620,성광벤드,2026-08-20,24150.0,63168,35.55
014620,성광벤드,2026-08-21,22950.0,108529,35.46
014620,성광벤드,2026-08-24,24200.0,97379,35.57
014620,성광벤드,2026-08-25,26200.0,191981,35.84
014620,성광벤드,2026-08-26,29750.0,855226,35.91
014620,성광벤드,2026-08-27,30150.0,243628,35.93
014620,성광벤드,2026-08-28,31850.0,475117,35.63
014620,성광벤드,2026-08-31,32100.0,313257,35.34
014620,성광벤드,2026-09-01,30500.0,147699,35.18
014620,성광벤드,2026-09-02,29750.0,101856,35.13
014620,성광벤드,2026-09-03,30400.0,178687,34.9
014620,성광벤드,2026-09-04,30850.0,103199,34.77
014620,성광벤드,2026-09-07,31300.0,113332,34.8
014620,성광벤드,2026-09-08,32500.0,312257,34.36
014620,성광벤드,2026-09-09,34250.0,331059,34.03
014620,성광벤드,2026-09-10,34600.0,263484,33.79
014620,성광벤드,2026-09-11,34300.0,261254,33.76
014620,성광벤드,2026-09-14,34400.0,192156,33.66
014620,성광벤드,2026-09-15,33700.0,220370,33.5
014620,성광벤드,2026-09-16,31900.0,210578,33.58
014620,성광벤드,2026-09-17,32400.0,162594,33.6
014620,성광벤드,2026-09-18,32300.0,109886,33.49
014620,성광벤드,2026-09-21,33150.0,221196,33.42
014620,성광벤드,2026-09-22,32200.0,173010,33.4
014620,성광벤드,2026-09-23,31050.0,200809,33.58
014620,성광벤드,2026-09-28,31150.0,92308,33.69
014620,성광벤드,2026-09-29,30650.0,121729,33.83
014620,성광벤드,2026-09-30,31550.0,225028,33.51
014620,성광벤드,2026-10-01,31100.0,272868,33.2
014620,성광벤드,2026-10-02,30650.0,104775,33.2
016590,신대양제지,2026-06-09,9190.0,27592,
016590,신대양제지,2026-06-10,9200.0,23836,
016590,신대양제지,2026-06-11,9450.0,17831,
016590,신대양제지,2026-06-12,10240.0,19336,
016590,신대양제지,2026-06-15,10580.0,39202,
016590,신대양제지,2026-06-16,10580.0,16944,
016590,신대양제지,2026-06-17,10530.0,15318,
016590,신대양제지,2026-06-18,10000.0,15286,
016590,신대양제지,2026-06-19,9640.0,16711,
016590,신대양제지,2026-06-22,9470.0,18891,
016590,신대양제지,2026-06-23,8760.0,21934,
016590,신대양제지,2026-06-24,9280.0,26585,
016590,신대양제지,2026-06-25,8860.0,12192,
016590,신대양제지,2026-06-26,8630.0,31709,
016590,신대양제지,2026-06-29,9170.0,14715,
016590,신대양제지,2026-06-30,9250.0,9782,
016590,신대양제지,2026-07-01,9690.0,13283,
016590,신대양제지,2026-07-02,9850.0,31930,
016590,신대양제지,2026-07-03,9900.0,12288,
016590,신대양제지,2026-07-06,9750.0,9850,
016590,신대양제지,2026-07-07,9910.0,30868,
016590,신대양제지,2026-07-08,9980.0,22641,
016590,신대양제지,2026-07-09,9740.0,12278,
016590,신대양제지,2026-07-10,9870.0,14966,
016590,신대양제지,2026-07-13,9890.0,11562,
016590,신대양제지,2026-07-14,9520.0,31530,
016590,신대양제지,2026-07-15,9430.0,15949,
016590,신대양제지,2026-07-16,9430.0,11611,
016590,신대양제지,2026-07-20,9290.0,13981,
016590,신대양제지,2026-07-21,9170.0,5601,
016590,신대양제지,2026-07-22,9500.0,27813,
016590,신대양제지,2026-07-23,9940.0,21474,
016590,신대양제지,2026-07-24,10270.0,35751,1.76
016590,신대양제지,2026-07-27,10390.0,17422,1.79
016590,신대양제지,2026-07-28,10000.0,14496,1.78
016590,신대양제지,2026-07-29,9700.0,90835,1.93
016590,신대양제지,2026-07-30,9180.0,24856,1.9
016590,신대양제지,2026-07-31,9260.0,20652,1.93
016590,신대양제지,2026-08-03,9350.0,9529,1.93
016590,신대양제지,2026-08-04,10000.0,12623,1.93
016590,신대양제지,2026-08-05,10030.0,13141,1.92
016590,신대양제지,2026-08-06,9990.0,26301,1.97
016590,신대양제지,2026-08-07,10070.0,7146,1.98
016590,신대양제지,2026-08-10,10080.0,13184,1.98
016590,신대양제지,2026-08-11,10120.0,9161,1.97
016590,신대양제지,2026-08-12,9940.0,9748,1.95
016590,신대양제지,2026-08-13,9810.0,11099,1.95
016590,신대양제지,2026-08-14,10070.0,5944,1.95
016590,신대양제지,2026-08-18,10000.0,6659,1.95
016590,신대양제지,2026-08-19,9860.0,8286,1.94
016590,신대양제지,2026-08-20,9700.0,12616,1.94
016590,신대양제지,2026-08-21,9670.0,9738,1.93
016590,신대양제지,2026-08-24,9760.0,16317,1.94
016590,신대양제지,2026-08-25,10150.0,13809,1.96
016590,신대양제지,2026-08-26,10050.0,4575,1.96
016590,신대양제지,2026-08-27,10050.0,5016,1.96
016590,신대양제지,2026-08-28,10400.0,16872,1.98
016590,신대양제지,2026-08-31,10370.0,6911,1.96
016590,신대양제지,2026-09-01,10550.0,11946,1.95
016590,신대양제지,2026-09-02,10470.0,12462,1.94
016590,신대양제지,2026-09-03,10450.0,8716,1.94
016590,신대양제지,2026-09-04,10500.0,4262,1.94
016590,신대양제지,2026-09-07,10410.0,5278,1.94
016590,신대양제지,2026-09-08,10360.0,6663,1.95
016590,신대양제지,2026-09-09,10160.0,4395,1.93
016590,신대양제지,2026-09-10,10330.0,5535,1.93
016590,신대양제지,2026-09-11,10110.0,8974,1.93
016590,신대양제지,2026-09-14,10090.0,21931,1.93
016590,신대양제지,2026-09-15,9970.0,6157,1.92
016590,신대양제지,2026-09-16,10100.0,2050,1.93
016590,신대양제지,2026-09-17,10010.0,2544,1.92
016590,신대양제지,2026-09-18,9900.0,9583,1.9
016590,신대양제지,2026-09-21,9690.0,7386,1.91
016590,신대양제지,2026-09-22,9790.0,10930,1.92
016590,신대양제지,2026-09-23,9730.0,12918,1.81
016590,신대양제지,2026-09-28,9580.0,6417,1.81
016590,신대양제지,2026-09-29,9410.0,14216,1.8
016590,신대양제지,2026-09-30,9290.0,12286,1.8
016590,신대양제지,2026-10-01,9260.0,5841,1.8
016590,신대양제지,2026-10-02,9180.0,10103,1.79
017670,SK텔레콤,2026-06-09,108100.0,3713310,
017670,SK텔레콤,2026-06-10,105700.0,1890636,
017670,SK텔레콤,2026-06-11,100000.0,1968301,
017670,SK텔레콤,2026-06-12,103000.0,1806259,
017670,SK텔레콤,2026-06-15,105400.0,1019998,
017670,SK텔레콤,2026-06-16,100100.0,1630561,
017670,SK텔레콤,2026-06-17,99000.0,773704,
017670,SK텔레콤,2026-06-18,95900.0,1261804,
017670,SK텔레콤,2026-06-19,94900.0,2656228,
017670,SK텔레콤,2026-06-22,94200.0,1007364,
017670,SK텔레콤,2026-06-23,89900.0,1251966,
017670,SK텔레콤,2026-06-24,91000.0,1054710,
017670,SK텔레콤,2026-06-25,91400.0,752498,
017670,SK텔레콤,2026-06-26,90600.0,1179413,
017670,SK텔레콤,2026-06-29,90200.0,1225012,
017670,SK텔레콤,2026-06-30,88400.0,949247,
017670,SK텔레콤,2026-07-01,88600.0,785469,
017670,SK텔레콤,2026-07-02,87400.0,838511,
017670,SK텔레콤,2026-07-03,86400.0,1025920,
017670,SK텔레콤,2026-07-06,86200.0,816843,
017670,SK텔레콤,2026-07-07,85200.0,784014,
017670,SK텔레콤,2026-07-08,84000.0,861856,
017670,SK텔레콤,2026-07-09,86700.0,1227995,
017670,SK텔레콤,2026-07-10,88700.0,660833,
017670,SK텔레콤,2026-07-13,85700.0,631228,
017670,SK텔레콤,2026-07-14,83900.0,736413,
017670,SK텔레콤,2026-07-15,85000.0,508623,
017670,SK텔레콤,2026-07-16,89700.0,1366866,
017670,SK텔레콤,2026-07-20,84700.0,1094065,
017670,SK텔레콤,2026-07-21,85100.0,853354,
017670,SK텔레콤,2026-07-22,94100.0,1720147,
017670,SK텔레콤,2026-07-23,99500.0,2538901,
017670,SK텔레콤,2026-07-24,100000.0,3988854,36.94
017670,SK텔레콤,2026-07-27,97900.0,3699697,36.41
017670,SK텔레콤,2026-07-28,82200.0,2492935,36.18
017670,SK텔레콤,2026-07-29,78600.0,1950861,36.05
017670,SK텔레콤,2026-07-30,78200.0,1170101,36.09
017670,SK텔레콤,2026-07-31,81400.0,1372869,35.92
017670,SK텔레콤,2026-08-03,82000.0,1440486,35.97
017670,SK텔레콤,2026-08-04,91400.0,2471303,35.85
017670,SK텔레콤,2026-08-05,93000.0,1928895,35.71
017670,SK텔레콤,2026-08-06,91100.0,1413477,35.51
017670,SK텔레콤,2026-08-07,88200.0,1093860,35.55
017670,SK텔레콤,2026-08-10,85000.0,1091311,35.55
017670,SK텔레콤,2026-08-11,86000.0,1039392,35.58
017670,SK텔레콤,2026-08-12,87800.0,1324631,35.49
017670,SK텔레콤,2026-08-13,91100.0,2598747,35.56
017670,SK텔레콤,2026-08-14,100500.0,3102246,35.56
017670,SK텔레콤,2026-08-18,99800.0,1907717,35.43
017670,SK텔레콤,2026-08-19,98000.0,1590159,35.23
017670,SK텔레콤,2026-08-20,96600.0,1473659,35.05
017670,SK텔레콤,2026-08-21,102200.0,2006782,34.9
017670,SK텔레콤,2026-08-24,102300.0,1690723,34.6
017670,SK텔레콤,2026-08-25,98900.0,1300926,34.55
017670,SK텔레콤,2026-08-26,99600.0,811327,34.48
017670,SK텔레콤,2026-08-27,99100.0,922927,34.44
017670,SK텔레콤,2026-08-28,98600.0,1225347,34.28
017670,SK텔레콤,2026-08-31,94200.0,2269430,34.36
017670,SK텔레콤,2026-09-01,94600.0,751318,34.4
017670,SK텔레콤,2026-09-02,91400.0,1068134,34.38
017670,SK텔레콤,2026-09-03,89000.0,1277525,34.28
017670,SK텔레콤,2026-09-04,92500.0,911127,34.3
017670,SK텔레콤,2026-09-07,93800.0,603987,34.28
017670,SK텔레콤,2026-09-08,92400.0,794129,34.33
017670,SK텔레콤,2026-09-09,91300.0,714751,34.36
017670,SK텔레콤,2026-09-10,90400.0,1059228,34.51
017670,SK텔레콤,2026-09-11,90900.0,486467,34.54
017670,SK텔레콤,2026-09-14,88900.0,656882,34.61
017670,SK텔레콤,2026-09-15,88600.0,803025,34.54
017670,SK텔레콤,2026-09-16,88400.0,666685,34.54
017670,SK텔레콤,2026-09-17,87800.0,480042,34.56
017670,SK텔레콤,2026-09-18,89100.0,1768193,34.54
017670,SK텔레콤,2026-09-21,87400.0,766120,34.5
017670,SK텔레콤,2026-09-22,87200.0,795394,34.63
017670,SK텔레콤,2026-09-23,87000.0,567429,34.72
017670,SK텔레콤,2026-09-28,87700.0,468993,34.79
017670,SK텔레콤,2026-09-29,86200.0,682433,34.74
017670,SK텔레콤,2026-09-30,85700.0,468749,34.78
017670,SK텔레콤,2026-10-01,86200.0,508646,34.85
017670,SK텔레콤,2026-10-02,88600.0,575006,34.88
017940,E1,2026-06-09,83500.0,13847,
017940,E1,2026-06-10,82000.0,12196,
017940,E1,2026-06-11,84900.0,11302,
017940,E1,2026-06-12,87600.0,33798,
017940,E1,2026-06-15,88500.0,11725,
017940,E1,2026-06-16,87600.0,10133,
017940,E1,2026-06-17,85400.0,18848,
017940,E1,2026-06-18,85000.0,16553,
017940,E1,2026-06-19,83300.0,16161,
017940,E1,2026-06-22,79600.0,10708,
017940,E1,2026-06-23,79800.0,17660,
017940,E1,2026-06-24,79500.0,6123,
017940,E1,2026-06-25,78800.0,17281,
017940,E1,2026-06-26,76200.0,20615,
017940,E1,2026-06-29,80500.0,8122,
017940,E1,2026-06-30,79400.0,7350,
017940,E1,2026-07-01,80900.0,4972,
017940,E1,2026-07-02,81200.0,5823,
017940,E1,2026-07-03,83000.0,7481,
017940,E1,2026-07-06,85800.0,6247,
017940,E1,2026-07-07,87100.0,18097,
017940,E1,2026-07-08,85400.0,10634,
017940,E1,2026-07-09,83100.0,9068,
017940,E1,2026-07-10,84700.0,9522,
017940,E1,2026-07-13,84800.0,13110,
017940,E1,2026-07-14,84200.0,10760,
017940,E1,2026-07-15,85300.0,5215,
017940,E1,2026-07-16,87100.0,5401,
017940,E1,2026-07-20,87700.0,8531,
017940,E1,2026-07-21,87000.0,12763,
017940,E1,2026-07-22,87000.0,8111,
017940,E1,2026-07-23,91800.0,20752,
017940,E1,2026-07-24,94600.0,16975,6.8
017940,E1,2026-07-27,89900.0,11261,6.74
017940,E1,2026-07-28,87000.0,11909,6.79
017940,E1,2026-07-29,83500.0,16997,6.91
017940,E1,2026-07-30,85300.0,17050,6.87
017940,E1,2026-07-31,87900.0,10666,6.82
017940,E1,2026-08-03,82400.0,15580,6.96
017940,E1,2026-08-04,83900.0,6348,6.98
017940,E1,2026-08-05,84200.0,3439,6.98
017940,E1,2026-08-06,84800.0,4318,6.98
017940,E1,2026-08-07,87000.0,6066,7.02
017940,E1,2026-08-10,87300.0,6335,7.02
017940,E1,2026-08-11,88100.0,4829,7.04
017940,E1,2026-08-12,87800.0,6913,7.01
017940,E1,2026-08-13,86000.0,5427,6.98
017940,E1,2026-08-14,89500.0,5711,7.01
017940,E1,2026-08-18,92800.0,11403,7.04
017940,E1,2026-08-19,93000.0,9787,7.0
017940,E1,2026-08-20,93200.0,10481,6.91
017940,E1,2026-08-21,92400.0,10762,6.88
017940,E1,2026-08-24,92500.0,6992,6.88
017940,E1,2026-08-25,94400.0,6975,6.83
017940,E1,2026-08-26,97700.0,11447,6.87
017940,E1,2026-08-27,97300.0,7454,6.86
017940,E1,2026-08-28,97700.0,3762,6.88
017940,E1,2026-08-31,97100.0,4699,6.91
017940,E1,2026-09-01,98000.0,7811,6.96
017940,E1,2026-09-02,98600.0,14335,7.06
017940,E1,2026-09-03,98400.0,11989,7.14
017940,E1,2026-09-04,97700.0,7823,7.19
017940,E1,2026-09-07,97500.0,7365,7.21
017940,E1,2026-09-08,97300.0,6773,7.27
017940,E1,2026-09-09,98400.0,11695,7.39
017940,E1,2026-09-10,99100.0,12228,7.46
017940,E1,2026-09-11,99400.0,10084,7.53
017940,E1,2026-09-14,98700.0,5939,7.59
017940,E1,2026-09-15,96000.0,14236,7.6
017940,E1,2026-09-16,94200.0,10693,7.64
017940,E1,2026-09-17,95200.0,7302,7.62
017940,E1,2026-09-18,94900.0,9021,7.63
017940,E1,2026-09-21,93900.0,6477,7.61
017940,E1,2026-09-22,92200.0,9401,7.55
017940,E1,2026-09-23,92400.0,4005,7.56
017940,E1,2026-09-28,92700.0,6832,7.6
017940,E1,2026-09-29,91600.0,5131,7.59
017940,E1,2026-09-30,92000.0,6903,7.55
017940,E1,2026-10-01,88600.0,14274,7.44
017940,E1,2026-10-02,88700.0,8479,7.47
018310,삼목에스폼,2026-06-09,19700.0,16425,
018310,삼목에스폼,2026-06-10,15210.0,264249,
018310,삼목에스폼,2026-06-11,14600.0,63245,
018310,삼목에스폼,2026-06-12,15480.0,44733,
018310,삼목에스폼,2026-06-15,15520.0,18269,
018310,삼목에스폼,2026-06-16,15030.0,21380,
018310,삼목에스폼,2026-06-17,15030.0,44397,
018310,삼목에스폼,2026-06-18,14690.0,19118,
018310,삼목에스폼,2026-06-19,14350.0,20655,
018310,삼목에스폼,2026-06-22,14290.0,10368,
018310,삼목에스폼,2026-06-23,13580.0,52147,
018310,삼목에스폼,2026-06-24,13590.0,19136,
018310,삼목에스폼,2026-06-25,13370.0,9217,
018310,삼목에스폼,2026-06-26,13400.0,58087,
018310,삼목에스폼,2026-06-29,14190.0,21331,
018310,삼목에스폼,2026-06-30,14230.0,10525,
018310,삼목에스폼,2026-07-01,14630.0,3638,
018310,삼목에스폼,2026-07-02,14750.0,15314,
018310,삼목에스폼,2026-07-03,15250.0,12779,
018310,삼목에스폼,2026-07-06,14990.0,9736,
018310,삼목에스폼,2026-07-07,14980.0,5000,
018310,삼목에스폼,2026-07-08,14820.0,19272,
018310,삼목에스폼,2026-07-09,14790.0,31821,
018310,삼목에스폼,2026-07-10,15040.0,3938,
018310,삼목에스폼,2026-07-13,14900.0,7825,
018310,삼목에스폼,2026-07-14,14500.0,10114,
018310,삼목에스폼,2026-07-15,14090.0,16372,
018310,삼목에스폼,2026-07-16,14200.0,7019,
018310,삼목에스폼,2026-07-20,13700.0,4682,
018310,삼목에스폼,2026-07-21,13930.0,5131,
018310,삼목에스폼,2026-07-22,13830.0,5384,
018310,삼목에스폼,2026-07-23,14480.0,6995,
018310,삼목에스폼,2026-07-24,14330.0,3478,2.22
018310,삼목에스폼,2026-07-27,14390.0,4302,2.21
018310,삼목에스폼,2026-07-28,13420.0,16151,2.23
018310,삼목에스폼,2026-07-29,12620.0,27817,2.28
018310,삼목에스폼,2026-07-30,12660.0,18463,2.32
018310,삼목에스폼,2026-07-31,13750.0,17257,2.34
018310,삼목에스폼,2026-08-03,13610.0,8957,2.33
018310,삼목에스폼,2026-08-04,13760.0,6226,2.34
018310,삼목에스폼,2026-08-05,13990.0,5100,2.33
018310,삼목에스폼,2026-08-06,13730.0,11259,2.31
018310,삼목에스폼,2026-08-07,13830.0,5998,2.21
018310,삼목에스폼,2026-08-10,14300.0,5198,2.23
018310,삼목에스폼,2026-08-11,14270.0,8139,2.16
018310,삼목에스폼,2026-08-12,14070.0,9467,2.13
018310,삼목에스폼,2026-08-13,14170.0,19166,2.07
018310,삼목에스폼,2026-08-14,14790.0,20291,2.09
018310,삼목에스폼,2026-08-18,14200.0,11611,2.05
018310,삼목에스폼,2026-08-19,13830.0,10271,2.02
018310,삼목에스폼,2026-08-20,13700.0,26007,1.91
018310,삼목에스폼,2026-08-21,13510.0,10275,1.9
018310,삼목에스폼,2026-08-24,13490.0,2927,1.89
018310,삼목에스폼,2026-08-25,13610.0,4942,1.88
018310,삼목에스폼,2026-08-26,14000.0,11233,1.89
018310,삼목에스폼,2026-08-27,14020.0,7144,1.88
018310,삼목에스폼,2026-08-28,13810.0,2927,1.87
018310,삼목에스폼,2026-08-31,13900.0,5035,1.86
018310,삼목에스폼,2026-09-01,13790.0,2277,1.86
018310,삼목에스폼,2026-09-02,13700.0,10029,1.82
018310,삼목에스폼,2026-09-03,13740.0,2477,1.82
018310,삼목에스폼,2026-09-04,13790.0,2337,1.82
018310,삼목에스폼,2026-09-07,13800.0,1593,1.81
018310,삼목에스폼,2026-09-08,13680.0,4105,1.79
018310,삼목에스폼,2026-09-09,14320.0,98108,1.72
018310,삼목에스폼,2026-09-10,14290.0,28860,1.77
018310,삼목에스폼,2026-09-11,14480.0,21422,1.8
018310,삼목에스폼,2026-09-14,14390.0,12937,1.82
018310,삼목에스폼,2026-09-15,14510.0,17641,1.8
018310,삼목에스폼,2026-09-16,14770.0,19723,1.82
018310,삼목에스폼,2026-09-17,14750.0,12848,1.79
018310,삼목에스폼,2026-09-18,14590.0,11102,1.75
018310,삼목에스폼,2026-09-21,14520.0,9219,1.73
018310,삼목에스폼,2026-09-22,14520.0,12103,1.73
018310,삼목에스폼,2026-09-23,14530.0,12052,1.69
018310,삼목에스폼,2026-09-28,14510.0,11275,1.68
018310,삼목에스폼,2026-09-29,14700.0,9650,1.67
018310,삼목에스폼,2026-09-30,14780.0,9871,1.65
018310,삼목에스폼,2026-10-01,15180.0,8314,1.64
018310,삼목에스폼,2026-10-02,15000.0,9000,1.6
018670,SK가스,2026-06-09,212500.0,10432,
018670,SK가스,2026-06-10,215500.0,8624,
018670,SK가스,2026-06-11,224500.0,28630,
018670,SK가스,2026-06-12,222000.0,12923,
018670,SK가스,2026-06-15,230500.0,24173,
018670,SK가스,2026-06-16,231000.0,7386,
018670,SK가스,2026-06-17,221500.0,17551,
018670,SK가스,2026-06-18,216000.0,9545,
018670,SK가스,2026-06-19,215500.0,11446,
018670,SK가스,2026-06-22,208500.0,6610,
018670,SK가스,2026-06-23,214000.0,19084,
018670,SK가스,2026-06-24,207000.0,14313,
018670,SK가스,2026-06-25,203500.0,7684,
018670,SK가스,2026-06-26,203000.0,14889,
018670,SK가스,2026-06-29,213000.0,13480,
018670,SK가스,2026-06-30,209000.0,10361,
018670,SK가스,2026-07-01,213500.0,11764,
018670,SK가스,2026-07-02,216000.0,13084,
018670,SK가스,2026-07-03,218500.0,7828,
018670,SK가스,2026-07-06,227500.0,24699,
018670,SK가스,2026-07-07,224000.0,16373,
018670,SK가스,2026-07-08,214500.0,7018,
018670,SK가스,2026-07-09,211500.0,7823,
018670,SK가스,2026-07-10,216500.0,12855,
018670,SK가스,2026-07-13,219500.0,12473,
018670,SK가스,2026-07-14,211500.0,14964,
018670,SK가스,2026-07-15,226500.0,23062,
018670,SK가스,2026-07-16,222000.0,13168,
018670,SK가스,2026-07-20,219500.0,11463,
018670,SK가스,2026-07-21,227000.0,8830,
018670,SK가스,2026-07-22,228000.0,11616,
018670,SK가스,2026-07-23,259500.0,33884,
018670,SK가스,2026-07-24,255500.0,33410,6.6
018670,SK가스,2026-07-27,242500.0,11604,6.58
018670,SK가스,2026-07-28,229000.0,13339,6.57
018670,SK가스,2026-07-29,222000.0,15419,6.61
018670,SK가스,2026-07-30,226500.0,9120,6.46
018670,SK가스,2026-07-31,223500.0,17344,6.44
018670,SK가스,2026-08-03,198000.0,47871,6.11
018670,SK가스,2026-08-04,213500.0,23694,6.2
018670,SK가스,2026-08-05,213500.0,11970,6.22
018670,SK가스,2026-08-06,220000.0,13046,6.22
018670,SK가스,2026-08-07,228000.0,11874,6.21
018670,SK가스,2026-08-10,230000.0,9384,6.23
018670,SK가스,2026-08-11,238500.0,15258,6.21
018670,SK가스,2026-08-12,231000.0,12147,6.19
018670,SK가스,2026-08-13,228000.0,9265,6.14
018670,SK가스,2026-08-14,244000.0,19292,6.16
018670,SK가스,2026-08-18,242000.0,12944,6.15
018670,SK가스,2026-08-19,239500.0,11179,6.12
018670,SK가스,2026-08-20,229500.0,11989,6.05
018670,SK가스,2026-08-21,233500.0,13388,5.98
018670,SK가스,2026-08-24,234000.0,12910,5.94
018670,SK가스,2026-08-25,236000.0,8396,5.92
018670,SK가스,2026-08-26,236000.0,11782,5.87
018670,SK가스,2026-08-27,230500.0,9459,5.83
018670,SK가스,2026-08-28,230000.0,16818,5.83
018670,SK가스,2026-08-31,228000.0,6731,5.82
018670,SK가스,2026-09-01,235000.0,13711,5.78
018670,SK가스,2026-09-02,230000.0,8748,5.73
018670,SK가스,2026-09-03,234000.0,15063,5.72
018670,SK가스,2026-09-04,238500.0,16024,5.72
018670,SK가스,2026-09-07,239500.0,6761,5.72
018670,SK가스,2026-09-08,243000.0,8362,5.7
018670,SK가스,2026-09-09,242500.0,3585,5.71
018670,SK가스,2026-09-10,252000.0,31712,5.65
018670,SK가스,2026-09-11,246500.0,13437,5.66
018670,SK가스,2026-09-14,249000.0,14424,5.66
018670,SK가스,2026-09-15,240000.0,7299,5.62
018670,SK가스,2026-09-16,239000.0,4398,5.62
018670,SK가스,2026-09-17,241500.0,3532,5.62
018670,SK가스,2026-09-18,240500.0,7618,5.61
018670,SK가스,2026-09-21,244500.0,5743,5.6
018670,SK가스,2026-09-22,239500.0,15048,5.6
018670,SK가스,2026-09-23,239000.0,6473,5.61
018670,SK가스,2026-09-28,241500.0,3506,5.63
018670,SK가스,2026-09-29,239500.0,5978,5.63
018670,SK가스,2026-09-30,241000.0,4597,5.61
018670,SK가스,2026-10-01,240000.0,3699,5.59
018670,SK가스,2026-10-02,239500.0,7262,5.62
019210,와이지-원,2026-06-09,13840.0,522983,
019210,와이지-원,2026-06-10,13820.0,532917,
019210,와이지-원,2026-06-11,14260.0,470658,
019210,와이지-원,2026-06-12,15930.0,830105,
019210,와이지-원,2026-06-15,17340.0,822451,
019210,와이지-원,2026-06-16,17880.0,745839,
019210,와이지-원,2026-06-17,20300.0,1740177,
019210,와이지-원,2026-06-18,21900.0,1193294,
019210,와이지-원,2026-06-19,22600.0,2026353,
019210,와이지-원,2026-06-22,20800.0,846488,
019210,와이지-원,2026-06-23,19330.0,650293,
019210,와이지-원,2026-06-24,20150.0,649773,
019210,와이지-원,2026-06-25,18700.0,769686,
019210,와이지-원,2026-06-26,17640.0,526828,
019210,와이지-원,2026-06-29,20950.0,1107739,
019210,와이지-원,2026-06-30,21800.0,871143,
019210,와이지-원,2026-07-01,21150.0,723110,
019210,와이지-원,2026-07-02,21500.0,1195286,
019210,와이지-원,2026-07-03,22600.0,1075410,
019210,와이지-원,2026-07-06,26700.0,3083234,
019210,와이지-원,2026-07-07,22900.0,1690944,
019210,와이지-원,2026-07-08,22000.0,1010109,
019210,와이지-원,2026-07-09,22200.0,1242088,
019210,와이지-원,2026-07-10,22500.0,849053,
019210,와이지-원,2026-07-13,21300.0,760084,
019210,와이지-원,2026-07-14,20050.0,1085381,
019210,와이지-원,2026-07-15,23900.0,1360581,
019210,와이지-원,2026-07-16,23100.0,591276,
019210,와이지-원,2026-07-20,21300.0,735067,
019210,와이지-원,2026-07-21,20650.0,733144,
019210,와이지-원,2026-07-22,19800.0,763587,
019210,와이지-원,2026-07-23,20000.0,549911,
019210,와이지-원,2026-07-24,18390.0,534690,24.83
019210,와이지-원,2026-07-27,20200.0,599419,24.54
019210,와이지-원,2026-07-28,18060.0,644342,24.42
019210,와이지-원,2026-07-29,16110.0,1274866,25.22
019210,와이지-원,2026-07-30,13940.0,1265207,24.72
019210,와이지-원,2026-07-31,16910.0,1435930,24.6
019210,와이지-원,2026-08-03,16180.0,675726,24.22
019210,와이지-원,2026-08-04,17890.0,882199,23.63
019210,와이지-원,2026-08-05,18890.0,681613,23.49
019210,와이지-원,2026-08-06,18980.0,536179,23.48
019210,와이지-원,2026-08-07,18590.0,582154,23.5
019210,와이지-원,2026-08-10,18410.0,571910,23.32
019210,와이지-원,2026-08-11,18160.0,485387,23.16
019210,와이지-원,2026-08-12,18050.0,899546,23.75
019210,와이지-원,2026-08-13,16630.0,1838686,24.15
019210,와이지-원,2026-08-14,18210.0,2100137,23.28
019210,와이지-원,2026-08-18,15770.0,3834663,20.61
019210,와이지-원,2026-08-19,15280.0,1022576,20.39
019210,와이지-원,2026-08-20,15420.0,832383,20.28
019210,와이지-원,2026-08-21,14600.0,645794,20.59
019210,와이지-원,2026-08-24,14290.0,556079,20.83
019210,와이지-원,2026-08-25,14720.0,658280,20.94
019210,와이지-원,2026-08-26,14800.0,311773,20.95
019210,와이지-원,2026-08-27,14530.0,317539,21.02
019210,와이지-원,2026-08-28,14490.0,247932,20.98
019210,와이지-원,2026-08-31,14300.0,245017,20.99
019210,와이지-원,2026-09-01,13720.0,648150,21.15
019210,와이지-원,2026-09-02,12840.0,816691,21.75
019210,와이지-원,2026-09-03,13490.0,931050,21.83
019210,와이지-원,2026-09-04,14260.0,579951,21.56
019210,와이지-원,2026-09-07,14290.0,370718,21.31
019210,와이지-원,2026-09-08,13620.0,406487,21.28
019210,와이지-원,2026-09-09,13530.0,230729,21.4
019210,와이지-원,2026-09-10,13040.0,384768,21.46
019210,와이지-원,2026-09-11,13220.0,609800,21.45
019210,와이지-원,2026-09-14,12520.0,453880,21.42
019210,와이지-원,2026-09-15,12660.0,255645,21.47
019210,와이지-원,2026-09-16,13170.0,428596,21.52
019210,와이지-원,2026-09-17,13140.0,245024,21.39
019210,와이지-원,2026-09-18,13260.0,700435,21.42
019210,와이지-원,2026-09-21,12750.0,691760,21.84
019210,와이지-원,2026-09-22,12670.0,485014,21.95
019210,와이지-원,2026-09-23,12180.0,724942,22.42
019210,와이지-원,2026-09-28,12660.0,642790,22.91
019210,와이지-원,2026-09-29,12300.0,489958,23.25
019210,와이지-원,2026-09-30,12640.0,371122,23.42
019210,와이지-원,2026-10-01,12710.0,476276,23.56
019210,와이지-원,2026-10-02,12880.0,619242,23.7
023160,태광,2026-06-09,27350.0,195575,
023160,태광,2026-06-10,28200.0,124505,
023160,태광,2026-06-11,26100.0,441036,
023160,태광,2026-06-12,29600.0,350560,
023160,태광,2026-06-15,31500.0,322991,
023160,태광,2026-06-16,31500.0,244619,
023160,태광,2026-06-17,33900.0,730461,
023160,태광,2026-06-18,30550.0,374542,
023160,태광,2026-06-19,29150.0,196136,
023160,태광,2026-06-22,28650.0,178308,
023160,태광,2026-06-23,26700.0,254093,
023160,태광,2026-06-24,26600.0,162979,
023160,태광,2026-06-25,25000.0,233927,
023160,태광,2026-06-26,23800.0,245038,
023160,태광,2026-06-29,26850.0,227893,
023160,태광,2026-06-30,24650.0,312716,
023160,태광,2026-07-01,26800.0,246974,
023160,태광,2026-07-02,24900.0,189175,
023160,태광,2026-07-03,24350.0,176308,
023160,태광,2026-07-06,24000.0,193484,
023160,태광,2026-07-07,23550.0,184721,
023160,태광,2026-07-08,23200.0,224979,
023160,태광,2026-07-09,22800.0,154726,
023160,태광,2026-07-10,23750.0,100829,
023160,태광,2026-07-13,22600.0,164747,
023160,태광,2026-07-14,21550.0,135281,
023160,태광,2026-07-15,22600.0,83888,
023160,태광,2026-07-16,22550.0,70626,
023160,태광,2026-07-20,20700.0,120879,
023160,태광,2026-07-21,20500.0,100232,
023160,태광,2026-07-22,21500.0,74552,
023160,태광,2026-07-23,23000.0,84610,
023160,태광,2026-07-24,24050.0,324899,22.8
023160,태광,2026-07-27,22800.0,93422,22.74
023160,태광,2026-07-28,21250.0,66473,22.78
023160,태광,2026-07-29,20050.0,130813,22.93
023160,태광,2026-07-30,20950.0,92124,23.07
023160,태광,2026-07-31,21800.0,214060,22.95
023160,태광,2026-08-03,21400.0,69246,22.94
023160,태광,2026-08-04,22600.0,55345,23.0
023160,태광,2026-08-05,23600.0,73916,23.0
023160,태광,2026-08-06,23100.0,50224,22.99
023160,태광,2026-08-07,23150.0,108225,22.87
023160,태광,2026-08-10,24750.0,104552,22.94
023160,태광,2026-08-11,24400.0,73824,22.86
023160,태광,2026-08-12,23500.0,147828,22.57
023160,태광,2026-08-13,23450.0,105898,22.53
023160,태광,2026-08-14,23200.0,149404,22.45
023160,태광,2026-08-18,22400.0,108252,22.04
023160,태광,2026-08-19,21500.0,59545,22.02
023160,태광,2026-08-20,21250.0,71529,21.85
023160,태광,2026-08-21,20150.0,100392,21.75
023160,태광,2026-08-24,21400.0,110354,21.8
023160,태광,2026-08-25,22350.0,101653,21.92
023160,태광,2026-08-26,24400.0,499762,21.7
023160,태광,2026-08-27,25150.0,326135,21.19
023160,태광,2026-08-28,26600.0,442410,20.69
023160,태광,2026-08-31,26250.0,248215,20.39
023160,태광,2026-09-01,25300.0,128896,20.31
023160,태광,2026-09-02,24700.0,115749,20.28
023160,태광,2026-09-03,25800.0,225238,19.97
023160,태광,2026-09-04,26150.0,127360,19.7
023160,태광,2026-09-07,26500.0,119807,19.5
023160,태광,2026-09-08,26800.0,285541,19.14
023160,태광,2026-09-09,28100.0,304681,18.73
023160,태광,2026-09-10,27800.0,214657,18.51
023160,태광,2026-09-11,28300.0,296848,18.09
023160,태광,2026-09-14,27850.0,333471,17.61
023160,태광,2026-09-15,27300.0,356831,17.71
023160,태광,2026-09-16,25600.0,256176,17.55
023160,태광,2026-09-17,26350.0,188486,17.72
023160,태광,2026-09-18,26550.0,153587,17.86
023160,태광,2026-09-21,27450.0,376676,17.71
023160,태광,2026-09-22,27350.0,205539,17.53
023160,태광,2026-09-23,26600.0,114095,17.41
023160,태광,2026-09-28,27650.0,176340,17.39
023160,태광,2026-09-29,27450.0,123874,17.1
023160,태광,2026-09-30,28150.0,300530,16.59
023160,태광,2026-10-01,28550.0,235566,16.26
023160,태광,2026-10-02,28100.0,79544,16.16
023590,다우기술,2026-06-09,37300.0,63610,
023590,다우기술,2026-06-10,37050.0,67847,
023590,다우기술,2026-06-11,38500.0,80746,
023590,다우기술,2026-06-12,39300.0,117796,
023590,다우기술,2026-06-15,39900.0,72820,
023590,다우기술,2026-06-16,40850.0,49876,
023590,다우기술,2026-06-17,38850.0,56821,
023590,다우기술,2026-06-18,37150.0,65371,
023590,다우기술,2026-06-19,36950.0,128218,
023590,다우기술,2026-06-22,36600.0,74164,
023590,다우기술,2026-06-23,35650.0,99224,
023590,다우기술,2026-06-24,35500.0,76142,
023590,다우기술,2026-06-25,35500.0,69048,
023590,다우기술,2026-06-26,33800.0,67554,
023590,다우기술,2026-06-29,36350.0,54923,
023590,다우기술,2026-06-30,35600.0,51697,
023590,다우기술,2026-07-01,36050.0,30975,
023590,다우기술,2026-07-02,35450.0,41348,
023590,다우기술,2026-07-03,37200.0,33280,
023590,다우기술,2026-07-06,38150.0,49811,
023590,다우기술,2026-07-07,37300.0,38634,
023590,다우기술,2026-07-08,36000.0,45140,
023590,다우기술,2026-07-09,35350.0,54447,
023590,다우기술,2026-07-10,37100.0,74455,
023590,다우기술,2026-07-13,35650.0,58333,
023590,다우기술,2026-07-14,34950.0,60477,
023590,다우기술,2026-07-15,35900.0,63552,
023590,다우기술,2026-07-16,35650.0,47740,
023590,다우기술,2026-07-20,34900.0,63882,
023590,다우기술,2026-07-21,36100.0,34238,
023590,다우기술,2026-07-22,37100.0,80242,
023590,다우기술,2026-07-23,38800.0,43739,
023590,다우기술,2026-07-24,39050.0,63425,27.63
023590,다우기술,2026-07-27,38150.0,43469,27.55
023590,다우기술,2026-07-28,34950.0,72165,27.47
023590,다우기술,2026-07-29,33450.0,74612,27.44
023590,다우기술,2026-07-30,34150.0,71346,27.48
023590,다우기술,2026-07-31,36650.0,105771,27.47
023590,다우기술,2026-08-03,37200.0,38780,27.48
023590,다우기술,2026-08-04,38500.0,30332,27.5
023590,다우기술,2026-08-05,39000.0,34255,27.49
023590,다우기술,2026-08-06,38600.0,20758,27.5
023590,다우기술,2026-08-07,38400.0,33924,27.66
023590,다우기술,2026-08-10,39700.0,33414,27.69
023590,다우기술,2026-08-11,40300.0,22845,27.71
023590,다우기술,2026-08-12,40950.0,43393,27.74
023590,다우기술,2026-08-13,39200.0,40695,27.41
023590,다우기술,2026-08-14,40250.0,22277,27.43
023590,다우기술,2026-08-18,39500.0,38966,27.41
023590,다우기술,2026-08-19,37700.0,26828,27.4
023590,다우기술,2026-08-20,38850.0,18228,27.5
023590,다우기술,2026-08-21,38900.0,38926,27.52
023590,다우기술,2026-08-24,38150.0,16694,27.5
023590,다우기술,2026-08-25,38450.0,32794,27.51
023590,다우기술,2026-08-26,38750.0,22386,27.52
023590,다우기술,2026-08-27,38450.0,16032,27.5
023590,다우기술,2026-08-28,39450.0,24745,27.54
023590,다우기술,2026-08-31,39000.0,85946,27.51
023590,다우기술,2026-09-01,39450.0,15196,27.52
023590,다우기술,2026-09-02,38550.0,32641,27.51
023590,다우기술,2026-09-03,38350.0,13075,27.51
023590,다우기술,2026-09-04,38300.0,17588,27.49
023590,다우기술,2026-09-07,37950.0,27492,27.45
023590,다우기술,2026-09-08,38550.0,33676,27.49
023590,다우기술,2026-09-09,38000.0,40171,27.49
023590,다우기술,2026-09-10,38500.0,43340,27.49
023590,다우기술,2026-09-11,40700.0,179780,27.48
023590,다우기술,2026-09-14,40700.0,70169,27.48
023590,다우기술,2026-09-15,40250.0,30022,27.46
023590,다우기술,2026-09-16,39600.0,36672,27.55
023590,다우기술,2026-09-17,39900.0,24529,27.44
023590,다우기술,2026-09-18,39850.0,49832,27.44
023590,다우기술,2026-09-21,39450.0,15348,27.44
023590,다우기술,2026-09-22,39450.0,29445,27.45
023590,다우기술,2026-09-23,39150.0,36234,27.45
023590,다우기술,2026-09-28,39200.0,30250,27.47
023590,다우기술,2026-09-29,38350.0,53531,27.45
023590,다우기술,2026-09-30,37750.0,34422,27.44
023590,다우기술,2026-10-01,38450.0,27768,27.46
023590,다우기술,2026-10-02,37950.0,30212,27.44
023600,삼보판지,2026-06-09,8620.0,8985,
023600,삼보판지,2026-06-10,8730.0,13555,
023600,삼보판지,2026-06-11,8520.0,13179,
023600,삼보판지,2026-06-12,8700.0,11274,
023600,삼보판지,2026-06-15,8780.0,16937,
023600,삼보판지,2026-06-16,8890.0,13509,
023600,삼보판지,2026-06-17,8890.0,7413,
023600,삼보판지,2026-06-18,8900.0,11056,
023600,삼보판지,2026-06-19,8930.0,19763,
023600,삼보판지,2026-06-22,8660.0,7325,
023600,삼보판지,2026-06-23,8240.0,11394,
023600,삼보판지,2026-06-24,8440.0,24078,
023600,삼보판지,2026-06-25,8560.0,31274,
023600,삼보판지,2026-06-26,8310.0,22149,
023600,삼보판지,2026-06-29,8590.0,6488,
023600,삼보판지,2026-06-30,8510.0,5805,
023600,삼보판지,2026-07-01,8570.0,9939,
023600,삼보판지,2026-07-02,8520.0,5734,
023600,삼보판지,2026-07-03,8400.0,26642,
023600,삼보판지,2026-07-06,8610.0,8153,
023600,삼보판지,2026-07-07,8640.0,5113,
023600,삼보판지,2026-07-08,8320.0,31327,
023600,삼보판지,2026-07-09,8250.0,11267,
023600,삼보판지,2026-07-10,8330.0,19774,
023600,삼보판지,2026-07-13,8280.0,14622,
023600,삼보판지,2026-07-14,8250.0,37115,
023600,삼보판지,2026-07-15,8230.0,11373,
023600,삼보판지,2026-07-16,8250.0,2185,
023600,삼보판지,2026-07-20,8250.0,5928,
023600,삼보판지,2026-07-21,8300.0,3344,
023600,삼보판지,2026-07-22,8370.0,8819,
023600,삼보판지,2026-07-23,8490.0,11873,
023600,삼보판지,2026-07-24,8470.0,4849,3.69
023600,삼보판지,2026-07-27,8480.0,7908,3.71
023600,삼보판지,2026-07-28,8270.0,5402,3.71
023600,삼보판지,2026-07-29,8080.0,10851,3.74
023600,삼보판지,2026-07-30,8210.0,16358,3.8
023600,삼보판지,2026-07-31,8440.0,12366,3.83
023600,삼보판지,2026-08-03,8440.0,2581,3.87
023600,삼보판지,2026-08-04,8590.0,6572,3.88
023600,삼보판지,2026-08-05,8610.0,2297,3.88
023600,삼보판지,2026-08-06,8700.0,9245,3.89
023600,삼보판지,2026-08-07,8780.0,4652,3.9
023600,삼보판지,2026-08-10,8760.0,7243,3.92
023600,삼보판지,2026-08-11,8720.0,20102,3.97
023600,삼보판지,2026-08-12,8760.0,6028,3.97
023600,삼보판지,2026-08-13,8720.0,2712,3.98
023600,삼보판지,2026-08-14,9080.0,40595,4.04
023600,삼보판지,2026-08-18,9400.0,41984,4.07
023600,삼보판지,2026-08-19,9260.0,22094,4.09
023600,삼보판지,2026-08-20,9110.0,26698,4.08
023600,삼보판지,2026-08-21,9230.0,39046,4.09
023600,삼보판지,2026-08-24,9220.0,21811,4.08
023600,삼보판지,2026-08-25,9580.0,91118,4.02
023600,삼보판지,2026-08-26,9420.0,41423,4.08
023600,삼보판지,2026-08-27,9400.0,33172,4.04
023600,삼보판지,2026-08-28,9540.0,12052,4.07
023600,삼보판지,2026-08-31,9570.0,36199,4.21
023600,삼보판지,2026-09-01,9460.0,9708,4.12
023600,삼보판지,2026-09-02,9330.0,13194,4.11
023600,삼보판지,2026-09-03,9330.0,3622,4.12
023600,삼보판지,2026-09-04,9500.0,3262,4.11
023600,삼보판지,2026-09-07,9350.0,10421,4.08
023600,삼보판지,2026-09-08,9320.0,14063,4.02
023600,삼보판지,2026-09-09,9210.0,12400,4.02
023600,삼보판지,2026-09-10,9180.0,44001,4.07
023600,삼보판지,2026-09-11,9160.0,2725,4.07
023600,삼보판지,2026-09-14,9300.0,10904,4.07
023600,삼보판지,2026-09-15,9050.0,7615,4.06
023600,삼보판지,2026-09-16,9150.0,9349,4.03
023600,삼보판지,2026-09-17,9150.0,3234,4.02
023600,삼보판지,2026-09-18,9180.0,2294,4.02
023600,삼보판지,2026-09-21,9400.0,5576,4.02
023600,삼보판지,2026-09-22,9250.0,4912,4.01
023600,삼보판지,2026-09-23,9010.0,3944,4.0
023600,삼보판지,2026-09-28,9110.0,7726,3.98
023600,삼보판지,2026-09-29,9070.0,1804,3.98
023600,삼보판지,2026-09-30,9040.0,9745,3.99
023600,삼보판지,2026-10-01,9010.0,1984,3.99
023600,삼보판지,2026-10-02,9140.0,11701,3.99
023910,대한약품,2026-06-09,26300.0,14905,
023910,대한약품,2026-06-10,26150.0,9309,
023910,대한약품,2026-06-11,26350.0,3632,
023910,대한약품,2026-06-12,26500.0,7884,
023910,대한약품,2026-06-15,26850.0,8561,
023910,대한약품,2026-06-16,26700.0,12961,
023910,대한약품,2026-06-17,26600.0,4507,
023910,대한약품,2026-06-18,25950.0,12451,
023910,대한약품,2026-06-19,25500.0,25344,
023910,대한약품,2026-06-22,25000.0,14773,
023910,대한약품,2026-06-23,24700.0,17646,
023910,대한약품,2026-06-24,24700.0,10309,
023910,대한약품,2026-06-25,24950.0,6295,
023910,대한약품,2026-06-26,24350.0,24403,
023910,대한약품,2026-06-29,25600.0,12436,
023910,대한약품,2026-06-30,25100.0,10524,
023910,대한약품,2026-07-01,25750.0,9443,
023910,대한약품,2026-07-02,25350.0,8781,
023910,대한약품,2026-07-03,25850.0,7461,
023910,대한약품,2026-07-06,25850.0,9022,
023910,대한약품,2026-07-07,25950.0,9374,
023910,대한약품,2026-07-08,25900.0,7440,
023910,대한약품,2026-07-09,25500.0,10697,
023910,대한약품,2026-07-10,25950.0,9935,
023910,대한약품,2026-07-13,25300.0,14683,
023910,대한약품,2026-07-14,25300.0,11229,
023910,대한약품,2026-07-15,25400.0,9424,
023910,대한약품,2026-07-16,25650.0,6627,
023910,대한약품,2026-07-20,25250.0,6552,
023910,대한약품,2026-07-21,25500.0,4480,
023910,대한약품,2026-07-22,25750.0,3761,
023910,대한약품,2026-07-23,25900.0,4422,
023910,대한약품,2026-07-24,25700.0,7148,19.58
023910,대한약품,2026-07-27,26100.0,27026,19.73
023910,대한약품,2026-07-28,26100.0,16086,19.8
023910,대한약품,2026-07-29,25500.0,29032,19.88
023910,대한약품,2026-07-30,25650.0,18546,19.98
023910,대한약품,2026-07-31,26450.0,9878,20.04
023910,대한약품,2026-08-03,26200.0,6049,20.03
023910,대한약품,2026-08-04,26300.0,6542,20.04
023910,대한약품,2026-08-05,26400.0,6698,20.08
023910,대한약품,2026-08-06,26500.0,6051,20.1
023910,대한약품,2026-08-07,27000.0,4084,20.13
023910,대한약품,2026-08-10,26850.0,5492,20.08
023910,대한약품,2026-08-11,27000.0,3411,20.11
023910,대한약품,2026-08-12,27000.0,3798,20.1
023910,대한약품,2026-08-13,26950.0,11501,20.1
023910,대한약품,2026-08-14,26700.0,10602,20.14
023910,대한약품,2026-08-18,26800.0,10615,20.15
023910,대한약품,2026-08-19,26150.0,6147,20.12
023910,대한약품,2026-08-20,26600.0,5271,20.09
023910,대한약품,2026-08-21,26100.0,11106,20.11
023910,대한약품,2026-08-24,26500.0,2472,20.1
023910,대한약품,2026-08-25,26500.0,2490,20.09
023910,대한약품,2026-08-26,26550.0,1522,20.1
023910,대한약품,2026-08-27,26400.0,9821,20.08
023910,대한약품,2026-08-28,27000.0,12474,20.24
023910,대한약품,2026-08-31,27200.0,2818,20.23
023910,대한약품,2026-09-01,27150.0,1370,20.23
023910,대한약품,2026-09-02,26850.0,2578,20.22
023910,대한약품,2026-09-03,27250.0,11067,20.25
023910,대한약품,2026-09-04,27150.0,1973,20.24
023910,대한약품,2026-09-07,26750.0,6048,20.22
023910,대한약품,2026-09-08,26650.0,3532,20.2
023910,대한약품,2026-09-09,26850.0,9591,20.24
023910,대한약품,2026-09-10,26750.0,1866,20.25
023910,대한약품,2026-09-11,26650.0,2361,20.24
023910,대한약품,2026-09-14,26750.0,2710,20.25
023910,대한약품,2026-09-15,26800.0,4031,20.24
023910,대한약품,2026-09-16,26450.0,3097,20.27
023910,대한약품,2026-09-17,26350.0,2677,20.24
023910,대한약품,2026-09-18,26400.0,1665,20.23
023910,대한약품,2026-09-21,26250.0,3728,20.2
023910,대한약품,2026-09-22,26250.0,1133,20.19
023910,대한약품,2026-09-23,26300.0,2085,20.2
023910,대한약품,2026-09-28,26150.0,5373,20.19
023910,대한약품,2026-09-29,26100.0,5717,20.2
023910,대한약품,2026-09-30,26100.0,2830,20.18
023910,대한약품,2026-10-01,26200.0,5448,20.13
023910,대한약품,2026-10-02,26100.0,11092,20.08
025540,한국단자,2026-06-09,72600.0,17533,
025540,한국단자,2026-06-10,74400.0,38978,
025540,한국단자,2026-06-11,76100.0,82955,
025540,한국단자,2026-06-12,72900.0,63232,
025540,한국단자,2026-06-15,76800.0,27344,
025540,한국단자,2026-06-16,77300.0,23796,
025540,한국단자,2026-06-17,77600.0,15045,
025540,한국단자,2026-06-18,74900.0,19202,
025540,한국단자,2026-06-19,72900.0,20316,
025540,한국단자,2026-06-22,70700.0,18324,
025540,한국단자,2026-06-23,68400.0,33105,
025540,한국단자,2026-06-24,67700.0,13233,
025540,한국단자,2026-06-25,67800.0,32036,
025540,한국단자,2026-06-26,66400.0,18374,
025540,한국단자,2026-06-29,72200.0,27941,
025540,한국단자,2026-06-30,69500.0,17607,
025540,한국단자,2026-07-01,70500.0,14008,
025540,한국단자,2026-07-02,68000.0,12615,
025540,한국단자,2026-07-03,69600.0,22229,
025540,한국단자,2026-07-06,70000.0,13214,
025540,한국단자,2026-07-07,68200.0,19188,
025540,한국단자,2026-07-08,65600.0,41188,
025540,한국단자,2026-07-09,66300.0,9571,
025540,한국단자,2026-07-10,66300.0,26839,
025540,한국단자,2026-07-13,65000.0,19238,
025540,한국단자,2026-07-14,64500.0,14319,
025540,한국단자,2026-07-15,63900.0,26669,
025540,한국단자,2026-07-16,64100.0,26515,
025540,한국단자,2026-07-20,61000.0,21287,
025540,한국단자,2026-07-21,61500.0,20176,
025540,한국단자,2026-07-22,61500.0,11713,
025540,한국단자,2026-07-23,64900.0,14259,
025540,한국단자,2026-07-24,63100.0,12154,30.03
025540,한국단자,2026-07-27,63200.0,18501,30.08
025540,한국단자,2026-07-28,60000.0,24534,30.09
025540,한국단자,2026-07-29,59000.0,27441,30.01
025540,한국단자,2026-07-30,58400.0,21735,29.7
025540,한국단자,2026-07-31,61900.0,14679,29.76
025540,한국단자,2026-08-03,60500.0,10138,29.92
025540,한국단자,2026-08-04,61800.0,6188,29.92
025540,한국단자,2026-08-05,63300.0,19530,29.98
025540,한국단자,2026-08-06,63100.0,10699,29.97
025540,한국단자,2026-08-07,62700.0,8454,29.97
025540,한국단자,2026-08-10,63800.0,19463,29.99
025540,한국단자,2026-08-11,64600.0,13588,30.0
025540,한국단자,2026-08-12,65000.0,38234,29.97
025540,한국단자,2026-08-13,64000.0,21806,29.53
025540,한국단자,2026-08-14,64200.0,22636,29.64
025540,한국단자,2026-08-18,58600.0,89348,29.04
025540,한국단자,2026-08-19,55600.0,53574,28.72
025540,한국단자,2026-08-20,55800.0,37903,28.7
025540,한국단자,2026-08-21,54500.0,38193,28.57
025540,한국단자,2026-08-24,55400.0,32225,28.65
025540,한국단자,2026-08-25,56300.0,14127,28.63
025540,한국단자,2026-08-26,56400.0,17414,28.6
025540,한국단자,2026-08-27,55800.0,35426,28.65
025540,한국단자,2026-08-28,55700.0,30795,28.52
025540,한국단자,2026-08-31,54800.0,24015,28.44
025540,한국단자,2026-09-01,55500.0,27218,28.41
025540,한국단자,2026-09-02,54400.0,20785,28.31
025540,한국단자,2026-09-03,54700.0,24128,28.25
025540,한국단자,2026-09-04,55800.0,21907,28.16
025540,한국단자,2026-09-07,56900.0,26025,28.21
025540,한국단자,2026-09-08,55500.0,18303,28.1
025540,한국단자,2026-09-09,56000.0,21481,28.12
025540,한국단자,2026-09-10,55500.0,19183,28.08
025540,한국단자,2026-09-11,56700.0,19478,28.03
025540,한국단자,2026-09-14,55700.0,11878,27.98
025540,한국단자,2026-09-15,56100.0,13180,27.93
025540,한국단자,2026-09-16,56200.0,17701,27.87
025540,한국단자,2026-09-17,56600.0,16353,27.79
025540,한국단자,2026-09-18,56100.0,14112,27.76
025540,한국단자,2026-09-21,56600.0,13299,27.72
025540,한국단자,2026-09-22,56600.0,15709,27.69
025540,한국단자,2026-09-23,56000.0,9513,27.66
025540,한국단자,2026-09-28,56900.0,9171,27.68
025540,한국단자,2026-09-29,55900.0,12979,27.6
025540,한국단자,2026-09-30,55100.0,21884,27.47
025540,한국단자,2026-10-01,56100.0,16211,27.47
025540,한국단자,2026-10-02,56200.0,6628,27.46
029460,케이씨,2026-06-09,30800.0,29403,
029460,케이씨,2026-06-10,29600.0,31773,
029460,케이씨,2026-06-11,31450.0,23176,
029460,케이씨,2026-06-12,33450.0,53895,
029460,케이씨,2026-06-15,33350.0,24817,
029460,케이씨,2026-06-16,33550.0,24697,
029460,케이씨,2026-06-17,33350.0,23592,
029460,케이씨,2026-06-18,33750.0,27125,
029460,케이씨,2026-06-19,31950.0,49252,
029460,케이씨,2026-06-22,32450.0,29519,
029460,케이씨,2026-06-23,29000.0,34135,
029460,케이씨,2026-06-24,28750.0,39760,
029460,케이씨,2026-06-25,29300.0,30470,
029460,케이씨,2026-06-26,28950.0,44194,
029460,케이씨,2026-06-29,30850.0,31738,
029460,케이씨,2026-06-30,35700.0,164630,
029460,케이씨,2026-07-01,35050.0,116132,
029460,케이씨,2026-07-02,31500.0,70746,
029460,케이씨,2026-07-03,31300.0,71118,
029460,케이씨,2026-07-06,30300.0,35428,
029460,케이씨,2026-07-07,28800.0,42101,
029460,케이씨,2026-07-08,27050.0,66212,
029460,케이씨,2026-07-09,27950.0,55823,
029460,케이씨,2026-07-10,30500.0,31595,
029460,케이씨,2026-07-13,29250.0,39044,
029460,케이씨,2026-07-14,29150.0,39191,
029460,케이씨,2026-07-15,31100.0,31519,
029460,케이씨,2026-07-16,29950.0,39746,
029460,케이씨,2026-07-20,27700.0,22984,
029460,케이씨,2026-07-21,28500.0,22719,
029460,케이씨,2026-07-22,28300.0,21845,
029460,케이씨,2026-07-23,28700.0,18612,
029460,케이씨,2026-07-24,27700.0,18745,11.95
029460,케이씨,2026-07-27,28600.0,22777,12.32
029460,케이씨,2026-07-28,28400.0,57362,12.67
029460,케이씨,2026-07-29,25500.0,107216,12.72
029460,케이씨,2026-07-30,25600.0,44405,12.76
029460,케이씨,2026-07-31,28550.0,52489,12.86
029460,케이씨,2026-08-03,28200.0,31996,12.93
029460,케이씨,2026-08-04,28850.0,31820,12.95
029460,케이씨,2026-08-05,31850.0,44618,13.21
029460,케이씨,2026-08-06,30600.0,26485,13.22
029460,케이씨,2026-08-07,31400.0,38755,13.15
029460,케이씨,2026-08-10,34650.0,46849,13.16
029460,케이씨,2026-08-11,34700.0,28001,13.22
029460,케이씨,2026-08-12,35450.0,29867,13.35
029460,케이씨,2026-08-13,34350.0,26804,13.32
029460,케이씨,2026-08-14,34650.0,23144,13.36
029460,케이씨,2026-08-18,34500.0,28930,13.42
029460,케이씨,2026-08-19,34600.0,35492,13.5
029460,케이씨,2026-08-20,35000.0,24958,13.38
029460,케이씨,2026-08-21,34200.0,29533,13.37
029460,케이씨,2026-08-24,35000.0,22654,13.44
029460,케이씨,2026-08-25,36000.0,27184,13.54
029460,케이씨,2026-08-26,36300.0,22472,13.56
029460,케이씨,2026-08-27,38650.0,49614,13.72
029460,케이씨,2026-08-28,40950.0,76161,13.94
029460,케이씨,2026-08-31,41000.0,40668,13.91
029460,케이씨,2026-09-01,39150.0,26345,13.85
029460,케이씨,2026-09-02,37400.0,44198,13.9
029460,케이씨,2026-09-03,36800.0,26231,13.88
029460,케이씨,2026-09-04,38000.0,23546,13.97
029460,케이씨,2026-09-07,38750.0,17465,13.99
029460,케이씨,2026-09-08,38100.0,30067,13.92
029460,케이씨,2026-09-09,38700.0,22786,13.98
029460,케이씨,2026-09-10,41150.0,85457,14.24
029460,케이씨,2026-09-11,39900.0,19590,14.18
029460,케이씨,2026-09-14,38350.0,21095,14.11
029460,케이씨,2026-09-15,39200.0,27992,14.13
029460,케이씨,2026-09-16,39150.0,20882,14.25
029460,케이씨,2026-09-17,39750.0,13645,13.96
029460,케이씨,2026-09-18,40950.0,27775,14.02
029460,케이씨,2026-09-21,44550.0,97294,14.47
029460,케이씨,2026-09-22,43500.0,33597,14.38
029460,케이씨,2026-09-23,43500.0,35375,14.42
029460,케이씨,2026-09-28,43350.0,28454,14.42
029460,케이씨,2026-09-29,46300.0,50543,14.64
029460,케이씨,2026-09-30,44250.0,40489,14.43
029460,케이씨,2026-10-01,45300.0,41849,14.45
029460,케이씨,2026-10-02,44100.0,33974,14.44
032190,다우데이타,2026-06-09,18430.0,110074,
032190,다우데이타,2026-06-10,18340.0,119133,
032190,다우데이타,2026-06-11,18640.0,205220,
032190,다우데이타,2026-06-12,19600.0,133952,
032190,다우데이타,2026-06-15,19820.0,98087,
032190,다우데이타,2026-06-16,20150.0,84531,
032190,다우데이타,2026-06-17,19810.0,60587,
032190,다우데이타,2026-06-18,19360.0,57476,
032190,다우데이타,2026-06-19,18730.0,82787,
032190,다우데이타,2026-06-22,18860.0,64137,
032190,다우데이타,2026-06-23,18070.0,90132,
032190,다우데이타,2026-06-24,17610.0,111645,
032190,다우데이타,2026-06-25,18100.0,103793,
032190,다우데이타,2026-06-26,16780.0,163517,
032190,다우데이타,2026-06-29,18600.0,129846,
032190,다우데이타,2026-06-30,18050.0,49021,
032190,다우데이타,2026-07-01,18320.0,81888,
032190,다우데이타,2026-07-02,17660.0,59004,
032190,다우데이타,2026-07-03,18680.0,72100,
032190,다우데이타,2026-07-06,19060.0,60632,
032190,다우데이타,2026-07-07,18440.0,67759,
032190,다우데이타,2026-07-08,17790.0,110369,
032190,다우데이타,2026-07-09,17520.0,107512,
032190,다우데이타,2026-07-10,18970.0,95874,
032190,다우데이타,2026-07-13,18070.0,92990,
032190,다우데이타,2026-07-14,17800.0,112993,
032190,다우데이타,2026-07-15,18470.0,61818,
032190,다우데이타,2026-07-16,18290.0,55280,
032190,다우데이타,2026-07-20,17450.0,77545,
032190,다우데이타,2026-07-21,17600.0,56664,
032190,다우데이타,2026-07-22,18050.0,78499,
032190,다우데이타,2026-07-23,18680.0,78923,
032190,다우데이타,2026-07-24,18440.0,56413,13.27
032190,다우데이타,2026-07-27,18580.0,77575,13.25
032190,다우데이타,2026-07-28,17460.0,96143,13.26
032190,다우데이타,2026-07-29,16820.0,228742,13.18
032190,다우데이타,2026-07-30,16740.0,223435,13.35
032190,다우데이타,2026-07-31,18770.0,109594,13.49
032190,다우데이타,2026-08-03,18640.0,97349,13.49
032190,다우데이타,2026-08-04,19240.0,134306,13.5
032190,다우데이타,2026-08-05,19250.0,62401,13.56
032190,다우데이타,2026-08-06,19240.0,83023,13.58
032190,다우데이타,2026-08-07,18990.0,83896,13.6
032190,다우데이타,2026-08-10,20200.0,85160,13.62
032190,다우데이타,2026-08-11,20100.0,53214,13.64
032190,다우데이타,2026-08-12,20500.0,37521,13.66
032190,다우데이타,2026-08-13,19930.0,60666,13.6
032190,다우데이타,2026-08-14,20500.0,57760,13.69
032190,다우데이타,2026-08-18,19890.0,59925,13.64
032190,다우데이타,2026-08-19,19170.0,97754,13.59
032190,다우데이타,2026-08-20,19990.0,69572,13.5
032190,다우데이타,2026-08-21,19580.0,73335,13.52
032190,다우데이타,2026-08-24,19580.0,85151,13.63
032190,다우데이타,2026-08-25,20050.0,63179,13.67
032190,다우데이타,2026-08-26,20000.0,59500,13.7
032190,다우데이타,2026-08-27,20000.0,35922,13.69
032190,다우데이타,2026-08-28,20350.0,50556,13.78
032190,다우데이타,2026-08-31,20150.0,52936,13.78
032190,다우데이타,2026-09-01,20200.0,48766,13.85
032190,다우데이타,2026-09-02,20200.0,60434,13.92
032190,다우데이타,2026-09-03,20350.0,39025,13.97
032190,다우데이타,2026-09-04,20000.0,65156,13.89
032190,다우데이타,2026-09-07,20200.0,37043,13.93
032190,다우데이타,2026-09-08,19840.0,43579,13.9
032190,다우데이타,2026-09-09,19430.0,62920,13.85
032190,다우데이타,2026-09-10,19980.0,77702,13.91
032190,다우데이타,2026-09-11,20450.0,75048,13.98
032190,다우데이타,2026-09-14,20250.0,46780,14.01
032190,다우데이타,2026-09-15,20150.0,31071,13.98
032190,다우데이타,2026-09-16,19730.0,35401,13.97
032190,다우데이타,2026-09-17,20050.0,27742,13.86
032190,다우데이타,2026-09-18,20200.0,25557,13.88
032190,다우데이타,2026-09-21,19970.0,40115,13.86
032190,다우데이타,2026-09-22,19830.0,36026,13.88
032190,다우데이타,2026-09-23,19840.0,41356,13.93
032190,다우데이타,2026-09-28,19780.0,55897,13.96
032190,다우데이타,2026-09-29,19300.0,66634,13.92
032190,다우데이타,2026-09-30,19030.0,39093,13.92
032190,다우데이타,2026-10-01,19380.0,64563,13.96
032190,다우데이타,2026-10-02,18910.0,100907,13.92
032500,케이엠더블유,2026-06-09,30250.0,442683,
032500,케이엠더블유,2026-06-10,26450.0,705746,
032500,케이엠더블유,2026-06-11,26500.0,539743,
032500,케이엠더블유,2026-06-12,27650.0,502601,
032500,케이엠더블유,2026-06-15,28400.0,165002,
032500,케이엠더블유,2026-06-16,26700.0,276889,
032500,케이엠더블유,2026-06-17,25750.0,245530,
032500,케이엠더블유,2026-06-18,24350.0,419053,
032500,케이엠더블유,2026-06-19,23450.0,466977,
032500,케이엠더블유,2026-06-22,22950.0,247777,
032500,케이엠더블유,2026-06-23,20600.0,346836,
032500,케이엠더블유,2026-06-24,20850.0,218347,
032500,케이엠더블유,2026-06-25,19410.0,250663,
032500,케이엠더블유,2026-06-26,18070.0,398433,
032500,케이엠더블유,2026-06-29,19460.0,283055,
032500,케이엠더블유,2026-06-30,18990.0,174829,
032500,케이엠더블유,2026-07-01,18830.0,277348,
032500,케이엠더블유,2026-07-02,17530.0,272920,
032500,케이엠더블유,2026-07-03,17160.0,229984,
032500,케이엠더블유,2026-07-06,16240.0,215867,
032500,케이엠더블유,2026-07-07,16000.0,278923,
032500,케이엠더블유,2026-07-08,15110.0,257710,
032500,케이엠더블유,2026-07-09,15120.0,215697,
032500,케이엠더블유,2026-07-10,17560.0,298213,
032500,케이엠더블유,2026-07-13,15700.0,320730,
032500,케이엠더블유,2026-07-14,14960.0,251620,
032500,케이엠더블유,2026-07-15,16430.0,153796,
032500,케이엠더블유,2026-07-16,15080.0,140671,
032500,케이엠더블유,2026-07-20,13890.0,166167,
032500,케이엠더블유,2026-07-21,14150.0,115188,
032500,케이엠더블유,2026-07-22,14710.0,152955,
032500,케이엠더블유,2026-07-23,16880.0,473652,
032500,케이엠더블유,2026-07-24,15290.0,194516,5.96
032500,케이엠더블유,2026-07-27,15680.0,136126,5.86
032500,케이엠더블유,2026-07-28,14550.0,203502,6.07
032500,케이엠더블유,2026-07-29,13300.0,343727,5.98
032500,케이엠더블유,2026-07-30,12360.0,192066,6.05
032500,케이엠더블유,2026-07-31,14320.0,195215,6.21
032500,케이엠더블유,2026-08-03,15050.0,205281,6.36
032500,케이엠더블유,2026-08-04,16250.0,233137,6.28
032500,케이엠더블유,2026-08-05,17090.0,347997,5.87
032500,케이엠더블유,2026-08-06,16610.0,198612,5.75
032500,케이엠더블유,2026-08-07,16560.0,168061,5.83
032500,케이엠더블유,2026-08-10,17900.0,239157,5.95
032500,케이엠더블유,2026-08-11,17200.0,193315,5.8
032500,케이엠더블유,2026-08-12,17090.0,137810,5.79
032500,케이엠더블유,2026-08-13,17370.0,151957,5.92
032500,케이엠더블유,2026-08-14,17240.0,153712,6.12
032500,케이엠더블유,2026-08-18,15950.0,324445,6.14
032500,케이엠더블유,2026-08-19,15270.0,179450,6.3
032500,케이엠더블유,2026-08-20,15500.0,90513,6.33
032500,케이엠더블유,2026-08-21,15010.0,185646,6.23
032500,케이엠더블유,2026-08-24,14660.0,152703,6.15
032500,케이엠더블유,2026-08-25,14540.0,241569,6.09
032500,케이엠더블유,2026-08-26,14440.0,173552,5.94
032500,케이엠더블유,2026-08-27,15360.0,215142,5.97
032500,케이엠더블유,2026-08-28,14660.0,161881,5.72
032500,케이엠더블유,2026-08-31,15210.0,808756,5.97
032500,케이엠더블유,2026-09-01,14620.0,229687,5.93
032500,케이엠더블유,2026-09-02,14390.0,171916,5.98
032500,케이엠더블유,2026-09-03,14170.0,160086,5.94
032500,케이엠더블유,2026-09-04,14650.0,106603,6.03
032500,케이엠더블유,2026-09-07,14730.0,90144,6.08
032500,케이엠더블유,2026-09-08,14680.0,182998,6.09
032500,케이엠더블유,2026-09-09,15350.0,212118,5.93
032500,케이엠더블유,2026-09-10,15770.0,214022,6.01
032500,케이엠더블유,2026-09-11,15450.0,115416,6.02
032500,케이엠더블유,2026-09-14,16190.0,302940,6.1
032500,케이엠더블유,2026-09-15,16470.0,145841,5.94
032500,케이엠더블유,2026-09-16,18120.0,862863,5.69
032500,케이엠더블유,2026-09-17,18200.0,497639,5.24
032500,케이엠더블유,2026-09-18,19650.0,617342,5.75
032500,케이엠더블유,2026-09-21,19380.0,531633,5.2
032500,케이엠더블유,2026-09-22,19340.0,234800,5.3
032500,케이엠더블유,2026-09-23,19540.0,157340,5.29
032500,케이엠더블유,2026-09-28,18710.0,190776,5.4
032500,케이엠더블유,2026-09-29,18970.0,190161,5.38
032500,케이엠더블유,2026-09-30,18960.0,93665,5.4
032500,케이엠더블유,2026-10-01,19420.0,133302,5.43
032500,케이엠더블유,2026-10-02,21000.0,553575,5.38
033270,유나이티드제약,2026-06-09,18110.0,26385,
033270,유나이티드제약,2026-06-10,18080.0,15692,
033270,유나이티드제약,2026-06-11,18250.0,20083,
033270,유나이티드제약,2026-06-12,18500.0,23939,
033270,유나이티드제약,2026-06-15,18650.0,13706,
033270,유나이티드제약,2026-06-16,18640.0,8051,
033270,유나이티드제약,2026-06-17,18590.0,15228,
033270,유나이티드제약,2026-06-18,18210.0,12126,
033270,유나이티드제약,2026-06-19,17720.0,32410,
033270,유나이티드제약,2026-06-22,17600.0,12240,
033270,유나이티드제약,2026-06-23,17010.0,55239,
033270,유나이티드제약,2026-06-24,17130.0,31078,
033270,유나이티드제약,2026-06-25,17050.0,32963,
033270,유나이티드제약,2026-06-26,16600.0,90201,
033270,유나이티드제약,2026-06-29,17790.0,32183,
033270,유나이티드제약,2026-06-30,17450.0,31386,
033270,유나이티드제약,2026-07-01,17550.0,15164,
033270,유나이티드제약,2026-07-02,17520.0,25559,
033270,유나이티드제약,2026-07-03,17400.0,30724,
033270,유나이티드제약,2026-07-06,17450.0,9695,
033270,유나이티드제약,2026-07-07,17410.0,39238,
033270,유나이티드제약,2026-07-08,17210.0,33946,
033270,유나이티드제약,2026-07-09,17160.0,32731,
033270,유나이티드제약,2026-07-10,17730.0,32271,
033270,유나이티드제약,2026-07-13,17390.0,32172,
033270,유나이티드제약,2026-07-14,17440.0,55365,
033270,유나이티드제약,2026-07-15,17770.0,22506,
033270,유나이티드제약,2026-07-16,17580.0,19285,
033270,유나이티드제약,2026-07-20,17180.0,29206,
033270,유나이티드제약,2026-07-21,17010.0,29724,
033270,유나이티드제약,2026-07-22,16980.0,19482,
033270,유나이티드제약,2026-07-23,17410.0,24071,
033270,유나이티드제약,2026-07-24,17490.0,24233,8.41
033270,유나이티드제약,2026-07-27,17510.0,23242,8.44
033270,유나이티드제약,2026-07-28,17300.0,37633,8.49
033270,유나이티드제약,2026-07-29,17080.0,64176,8.66
033270,유나이티드제약,2026-07-30,17500.0,52152,8.85
033270,유나이티드제약,2026-07-31,17850.0,27621,8.86
033270,유나이티드제약,2026-08-03,17730.0,24998,8.86
033270,유나이티드제약,2026-08-04,17880.0,27858,8.88
033270,유나이티드제약,2026-08-05,17780.0,32273,8.82
033270,유나이티드제약,2026-08-06,17970.0,26790,8.83
033270,유나이티드제약,2026-08-07,18300.0,22392,8.83
033270,유나이티드제약,2026-08-10,18350.0,23815,8.82
033270,유나이티드제약,2026-08-11,18410.0,22124,8.83
033270,유나이티드제약,2026-08-12,18400.0,27629,8.74
033270,유나이티드제약,2026-08-13,18170.0,20013,8.7
033270,유나이티드제약,2026-08-14,18360.0,41943,8.79
033270,유나이티드제약,2026-08-18,18300.0,29803,8.73
033270,유나이티드제약,2026-08-19,18010.0,25260,8.69
033270,유나이티드제약,2026-08-20,18160.0,17610,8.67
033270,유나이티드제약,2026-08-21,17910.0,24249,8.64
033270,유나이티드제약,2026-08-24,18060.0,24424,8.64
033270,유나이티드제약,2026-08-25,17880.0,44261,8.57
033270,유나이티드제약,2026-08-26,18050.0,25830,8.63
033270,유나이티드제약,2026-08-27,17720.0,27429,8.47
033270,유나이티드제약,2026-08-28,17860.0,35271,8.49
033270,유나이티드제약,2026-08-31,17780.0,12759,8.47
033270,유나이티드제약,2026-09-01,18160.0,33505,8.72
033270,유나이티드제약,2026-09-02,18260.0,47915,8.82
033270,유나이티드제약,2026-09-03,18470.0,54030,8.99
033270,유나이티드제약,2026-09-04,18500.0,10060,8.98
033270,유나이티드제약,2026-09-07,18230.0,18660,8.93
033270,유나이티드제약,2026-09-08,18270.0,17270,8.91
033270,유나이티드제약,2026-09-09,18470.0,18145,8.93
033270,유나이티드제약,2026-09-10,18380.0,16722,8.93
033270,유나이티드제약,2026-09-11,18110.0,7216,8.92
033270,유나이티드제약,2026-09-14,18130.0,22857,8.93
033270,유나이티드제약,2026-09-15,18000.0,13682,8.89
033270,유나이티드제약,2026-09-16,18040.0,13257,8.87
033270,유나이티드제약,2026-09-17,18010.0,14366,8.93
033270,유나이티드제약,2026-09-18,17930.0,214092,8.95
033270,유나이티드제약,2026-09-21,17930.0,8019,8.92
033270,유나이티드제약,2026-09-22,17670.0,37303,8.71
033270,유나이티드제약,2026-09-23,17600.0,13540,8.68
033270,유나이티드제약,2026-09-28,17590.0,22159,8.7
033270,유나이티드제약,2026-09-29,17660.0,20332,8.66
033270,유나이티드제약,2026-09-30,17720.0,25815,8.71
033270,유나이티드제약,2026-10-01,17780.0,13818,8.68
033270,유나이티드제약,2026-10-02,17640.0,18070,8.62
034120,SBS,2026-06-09,12600.0,14853,
034120,SBS,2026-06-10,12510.0,13223,
034120,SBS,2026-06-11,12290.0,30164,
034120,SBS,2026-06-12,12470.0,24220,
034120,SBS,2026-06-15,12600.0,21044,
034120,SBS,2026-06-16,12870.0,28421,
034120,SBS,2026-06-17,12930.0,9374,
034120,SBS,2026-06-18,12750.0,4548,
034120,SBS,2026-06-19,12300.0,17742,
034120,SBS,2026-06-22,12000.0,28457,
034120,SBS,2026-06-23,11210.0,27373,
034120,SBS,2026-06-24,11100.0,29552,
034120,SBS,2026-06-25,11050.0,11450,
034120,SBS,2026-06-26,10700.0,17847,
034120,SBS,2026-06-29,11140.0,24209,
034120,SBS,2026-06-30,11240.0,10378,
034120,SBS,2026-07-01,12080.0,20600,
034120,SBS,2026-07-02,12860.0,30619,
034120,SBS,2026-07-03,12750.0,13786,
034120,SBS,2026-07-06,12500.0,18053,
034120,SBS,2026-07-07,12490.0,6973,
034120,SBS,2026-07-08,12290.0,6591,
034120,SBS,2026-07-09,12200.0,2553,
034120,SBS,2026-07-10,12360.0,12750,
034120,SBS,2026-07-13,12120.0,9070,
034120,SBS,2026-07-14,12060.0,6285,
034120,SBS,2026-07-15,12180.0,8592,
034120,SBS,2026-07-16,11900.0,17684,
034120,SBS,2026-07-20,11500.0,5657,
034120,SBS,2026-07-21,11410.0,6734,
034120,SBS,2026-07-22,11420.0,8006,
034120,SBS,2026-07-23,11560.0,9607,
034120,SBS,2026-07-24,11480.0,5503,0.0
034120,SBS,2026-07-27,11590.0,3951,0.0
034120,SBS,2026-07-28,11290.0,11744,0.0
034120,SBS,2026-07-29,10880.0,30992,0.0
034120,SBS,2026-07-30,10700.0,12039,0.0
034120,SBS,2026-07-31,11000.0,13831,0.0
034120,SBS,2026-08-03,11170.0,6125,0.0
034120,SBS,2026-08-04,11240.0,7203,0.0
034120,SBS,2026-08-05,11490.0,5463,0.0
034120,SBS,2026-08-06,11570.0,10697,0.0
034120,SBS,2026-08-07,11700.0,8108,0.0
034120,SBS,2026-08-10,11760.0,11862,0.0
034120,SBS,2026-08-11,11800.0,3935,0.0
034120,SBS,2026-08-12,11870.0,6329,0.0
034120,SBS,2026-08-13,11900.0,6194,0.0
034120,SBS,2026-08-14,12020.0,11979,0.0
034120,SBS,2026-08-18,12740.0,31488,0.0
034120,SBS,2026-08-19,12540.0,8462,0.0
034120,SBS,2026-08-20,12580.0,7601,0.0
034120,SBS,2026-08-21,12540.0,6778,0.0
034120,SBS,2026-08-24,12330.0,10738,0.0
034120,SBS,2026-08-25,12340.0,1157,0.0
034120,SBS,2026-08-26,12390.0,2281,0.0
034120,SBS,2026-08-27,12260.0,2767,0.0
034120,SBS,2026-08-28,12260.0,9028,0.0
034120,SBS,2026-08-31,12220.0,4373,0.0
034120,SBS,2026-09-01,12340.0,6185,0.0
034120,SBS,2026-09-02,12180.0,1693,0.0
034120,SBS,2026-09-03,12110.0,1633,0.0
034120,SBS,2026-09-04,12150.0,2422,0.0
034120,SBS,2026-09-07,12120.0,3758,0.0
034120,SBS,2026-09-08,12110.0,8924,0.0
034120,SBS,2026-09-09,12120.0,3968,0.0
034120,SBS,2026-09-10,12060.0,3763,0.0
034120,SBS,2026-09-11,12050.0,1583,0.0
034120,SBS,2026-09-14,11850.0,18922,0.0
034120,SBS,2026-09-15,11950.0,15982,0.0
034120,SBS,2026-09-16,11930.0,2445,0.0
034120,SBS,2026-09-17,11840.0,2672,0.0
034120,SBS,2026-09-18,11910.0,7067,0.0
034120,SBS,2026-09-21,11870.0,4033,0.0
034120,SBS,2026-09-22,11890.0,3207,0.0
034120,SBS,2026-09-23,11800.0,2302,0.0
034120,SBS,2026-09-28,11750.0,4865,0.0
034120,SBS,2026-09-29,11670.0,1997,0.0
034120,SBS,2026-09-30,11680.0,2875,0.0
034120,SBS,2026-10-01,11660.0,4899,0.0
034120,SBS,2026-10-02,11610.0,7542,0.0
034230,파라다이스,2026-06-09,15020.0,1544179,
034230,파라다이스,2026-06-10,15120.0,644681,
034230,파라다이스,2026-06-11,14760.0,916362,
034230,파라다이스,2026-06-12,15000.0,664154,
034230,파라다이스,2026-06-15,14970.0,572570,
034230,파라다이스,2026-06-16,15460.0,591602,
034230,파라다이스,2026-06-17,15100.0,783987,
034230,파라다이스,2026-06-18,14680.0,620996,
034230,파라다이스,2026-06-19,14410.0,635837,
034230,파라다이스,2026-06-22,13960.0,354850,
034230,파라다이스,2026-06-23,12860.0,786148,
034230,파라다이스,2026-06-24,12680.0,675578,
034230,파라다이스,2026-06-25,13070.0,639266,
034230,파라다이스,2026-06-26,12410.0,299498,
034230,파라다이스,2026-06-29,14370.0,1031728,
034230,파라다이스,2026-06-30,13800.0,481215,
034230,파라다이스,2026-07-01,14440.0,357734,
034230,파라다이스,2026-07-02,14530.0,779977,
034230,파라다이스,2026-07-03,12820.0,1698873,
034230,파라다이스,2026-07-06,13090.0,649249,
034230,파라다이스,2026-07-07,13410.0,621754,
034230,파라다이스,2026-07-08,12920.0,496166,
034230,파라다이스,2026-07-09,12210.0,635329,
034230,파라다이스,2026-07-10,12660.0,614277,
034230,파라다이스,2026-07-13,12550.0,453283,
034230,파라다이스,2026-07-14,12080.0,450291,
034230,파라다이스,2026-07-15,10450.0,4534063,
034230,파라다이스,2026-07-16,10190.0,1772630,
034230,파라다이스,2026-07-20,9790.0,825218,
034230,파라다이스,2026-07-21,9670.0,729488,
034230,파라다이스,2026-07-22,9730.0,499936,
034230,파라다이스,2026-07-23,10180.0,524999,
034230,파라다이스,2026-07-24,10030.0,327362,8.13
034230,파라다이스,2026-07-27,10330.0,467228,8.39
034230,파라다이스,2026-07-28,9910.0,390982,8.52
034230,파라다이스,2026-07-29,9630.0,731694,8.72
034230,파라다이스,2026-07-30,9450.0,480467,8.57
034230,파라다이스,2026-07-31,9700.0,292249,8.63
034230,파라다이스,2026-08-03,9520.0,315320,8.62
034230,파라다이스,2026-08-04,10010.0,381633,8.8
034230,파라다이스,2026-08-05,9780.0,556886,8.8
034230,파라다이스,2026-08-06,9990.0,477620,8.94
034230,파라다이스,2026-08-07,10100.0,348295,8.95
034230,파라다이스,2026-08-10,9840.0,731020,8.57
034230,파라다이스,2026-08-11,9860.0,611171,8.63
034230,파라다이스,2026-08-12,9900.0,617343,8.75
034230,파라다이스,2026-08-13,9710.0,723655,8.62
034230,파라다이스,2026-08-14,9890.0,661166,8.55
034230,파라다이스,2026-08-18,9580.0,555120,8.11
034230,파라다이스,2026-08-19,9460.0,361362,7.94
034230,파라다이스,2026-08-20,9480.0,399822,7.92
034230,파라다이스,2026-08-21,9260.0,342133,7.86
034230,파라다이스,2026-08-24,9440.0,184038,7.93
034230,파라다이스,2026-08-25,9620.0,308829,7.87
034230,파라다이스,2026-08-26,9890.0,420461,8.08
034230,파라다이스,2026-08-27,9780.0,286901,8.04
034230,파라다이스,2026-08-28,10030.0,614573,8.28
034230,파라다이스,2026-08-31,10200.0,670512,8.27
034230,파라다이스,2026-09-01,10210.0,423675,8.15
034230,파라다이스,2026-09-02,10040.0,380434,8.1
034230,파라다이스,2026-09-03,9820.0,781136,7.86
034230,파라다이스,2026-09-04,10090.0,378011,7.94
034230,파라다이스,2026-09-07,10030.0,356133,7.91
034230,파라다이스,2026-09-08,10000.0,283875,7.8
034230,파라다이스,2026-09-09,9860.0,351549,7.66
034230,파라다이스,2026-09-10,9840.0,320779,7.69
034230,파라다이스,2026-09-11,9930.0,239440,7.69
034230,파라다이스,2026-09-14,10000.0,293249,7.74
034230,파라다이스,2026-09-15,9930.0,177070,7.57
034230,파라다이스,2026-09-16,9790.0,202340,7.45
034230,파라다이스,2026-09-17,9790.0,198390,7.35
034230,파라다이스,2026-09-18,9670.0,339586,7.18
034230,파라다이스,2026-09-21,9600.0,193155,7.15
034230,파라다이스,2026-09-22,9560.0,170778,7.06
034230,파라다이스,2026-09-23,9550.0,178198,7.0
034230,파라다이스,2026-09-28,9670.0,176678,7.1
034230,파라다이스,2026-09-29,9480.0,247512,6.92
034230,파라다이스,2026-09-30,9390.0,327489,6.9
034230,파라다이스,2026-10-01,9470.0,208326,6.92
034230,파라다이스,2026-10-02,9390.0,294435,6.89
034730,SK,2026-06-09,594000.0,230780,
034730,SK,2026-06-10,579000.0,223590,
034730,SK,2026-06-11,575000.0,268483,
034730,SK,2026-06-12,593000.0,156761,
034730,SK,2026-06-15,646000.0,252100,
034730,SK,2026-06-16,673000.0,166152,
034730,SK,2026-06-17,708000.0,197604,
034730,SK,2026-06-18,687000.0,300794,
034730,SK,2026-06-19,724000.0,465982,
034730,SK,2026-06-22,730000.0,228946,
034730,SK,2026-06-23,705000.0,756245,
034730,SK,2026-06-24,712000.0,298472,
034730,SK,2026-06-25,858000.0,852369,
034730,SK,2026-06-26,815000.0,614504,
034730,SK,2026-06-29,785000.0,435088,
034730,SK,2026-06-30,834000.0,377589,
034730,SK,2026-07-01,763000.0,408059,
034730,SK,2026-07-02,683000.0,368327,
034730,SK,2026-07-03,690000.0,344785,
034730,SK,2026-07-06,667000.0,205147,
034730,SK,2026-07-07,626000.0,362270,
034730,SK,2026-07-08,596000.0,293255,
034730,SK,2026-07-09,610000.0,282269,
034730,SK,2026-07-10,657000.0,263690,
034730,SK,2026-07-13,583000.0,236349,
034730,SK,2026-07-14,562000.0,364873,
034730,SK,2026-07-15,609000.0,275807,
034730,SK,2026-07-16,580000.0,171338,
034730,SK,2026-07-20,579000.0,222985,
034730,SK,2026-07-21,596000.0,172472,
034730,SK,2026-07-22,624000.0,200588,
034730,SK,2026-07-23,655000.0,194686,
034730,SK,2026-07-24,630000.0,233542,29.63
034730,SK,2026-07-27,623000.0,155413,29.62
034730,SK,2026-07-28,541000.0,289456,29.7
034730,SK,2026-07-29,489000.0,410372,29.76
034730,SK,2026-07-30,468500.0,237112,29.78
034730,SK,2026-07-31,557000.0,414213,29.69
034730,SK,2026-08-03,523000.0,221163,29.74
034730,SK,2026-08-04,518000.0,180653,29.74
034730,SK,2026-08-05,562000.0,191224,29.8
034730,SK,2026-08-06,509000.0,159117,29.79
034730,SK,2026-08-07,508000.0,129224,29.81
034730,SK,2026-08-10,513000.0,100421,29.85
034730,SK,2026-08-11,524000.0,116923,29.9
034730,SK,2026-08-12,545000.0,161338,29.91
034730,SK,2026-08-13,553000.0,198957,29.91
034730,SK,2026-08-14,585000.0,214973,29.93
034730,SK,2026-08-18,590000.0,145197,29.92
034730,SK,2026-08-19,551000.0,106571,29.93
034730,SK,2026-08-20,568000.0,184151,29.92
034730,SK,2026-08-21,586000.0,189218,29.93
034730,SK,2026-08-24,549000.0,164141,29.91
034730,SK,2026-08-25,556000.0,139972,29.96
034730,SK,2026-08-26,554000.0,139809,29.99
034730,SK,2026-08-27,556000.0,88987,30.01
034730,SK,2026-08-28,543000.0,126114,30.05
034730,SK,2026-08-31,545000.0,259614,30.08
034730,SK,2026-09-01,586000.0,166124,30.14
034730,SK,2026-09-02,545000.0,119275,30.11
034730,SK,2026-09-03,545000.0,107077,30.13
034730,SK,2026-09-04,573000.0,88794,30.18
034730,SK,2026-09-07,611000.0,143542,30.21
034730,SK,2026-09-08,603000.0,117213,30.23
034730,SK,2026-09-09,602000.0,90018,30.23
034730,SK,2026-09-10,612000.0,199536,30.32
034730,SK,2026-09-11,585000.0,103249,30.31
034730,SK,2026-09-14,558000.0,78276,30.33
034730,SK,2026-09-15,555000.0,87020,30.34
034730,SK,2026-09-16,552000.0,98258,30.32
034730,SK,2026-09-17,546000.0,119898,30.29
034730,SK,2026-09-18,550000.0,260558,30.27
034730,SK,2026-09-21,578000.0,98222,30.29
034730,SK,2026-09-22,588000.0,115181,30.26
034730,SK,2026-09-23,607000.0,129962,30.26
034730,SK,2026-09-28,576000.0,154657,30.17
034730,SK,2026-09-29,587000.0,106987,30.16
034730,SK,2026-09-30,588000.0,158849,30.18
034730,SK,2026-10-01,585000.0,82395,30.16
034730,SK,2026-10-02,578000.0,89870,30.16
035420,NAVER,2026-06-09,257000.0,6918079,
035420,NAVER,2026-06-10,227000.0,3562725,
035420,NAVER,2026-06-11,224000.0,2218764,
035420,NAVER,2026-06-12,247000.0,5215884,
035420,NAVER,2026-06-15,248000.0,2001006,
035420,NAVER,2026-06-16,242000.0,2480043,
035420,NAVER,2026-06-17,243500.0,1156913,
035420,NAVER,2026-06-18,235000.0,1322859,
035420,NAVER,2026-06-19,229500.0,2109401,
035420,NAVER,2026-06-22,222000.0,866623,
035420,NAVER,2026-06-23,202500.0,1683494,
035420,NAVER,2026-06-24,199400.0,1455973,
035420,NAVER,2026-06-25,199700.0,1024898,
035420,NAVER,2026-06-26,196400.0,1473699,
035420,NAVER,2026-06-29,204000.0,1093200,
035420,NAVER,2026-06-30,199000.0,822445,
035420,NAVER,2026-07-01,197400.0,1015743,
035420,NAVER,2026-07-02,199900.0,1162498,
035420,NAVER,2026-07-03,195800.0,1111357,
035420,NAVER,2026-07-06,196600.0,686793,
035420,NAVER,2026-07-07,197200.0,1077802,
035420,NAVER,2026-07-08,192700.0,1090495,
035420,NAVER,2026-07-09,184400.0,1207585,
035420,NAVER,2026-07-10,191300.0,725383,
035420,NAVER,2026-07-13,188000.0,757031,
035420,NAVER,2026-07-14,183200.0,946614,
035420,NAVER,2026-07-15,189600.0,674208,
035420,NAVER,2026-07-16,190000.0,737459,
035420,NAVER,2026-07-20,185900.0,630080,
035420,NAVER,2026-07-21,193000.0,876385,
035420,NAVER,2026-07-22,196900.0,896565,
035420,NAVER,2026-07-23,220000.0,1907827,
035420,NAVER,2026-07-24,207500.0,1048497,35.16
035420,NAVER,2026-07-27,225000.0,2705093,34.74
035420,NAVER,2026-07-28,210000.0,2281917,34.73
035420,NAVER,2026-07-29,201500.0,1978355,34.84
035420,NAVER,2026-07-30,194700.0,1680475,34.88
035420,NAVER,2026-07-31,208000.0,1766586,34.95
035420,NAVER,2026-08-03,207500.0,662318,35.04
035420,NAVER,2026-08-04,226500.0,2278507,35.12
035420,NAVER,2026-08-05,229000.0,1090483,35.16
035420,NAVER,2026-08-06,226000.0,961609,35.18
035420,NAVER,2026-08-07,210000.0,1755934,34.95
035420,NAVER,2026-08-10,211500.0,733171,34.99
035420,NAVER,2026-08-11,214000.0,649296,34.95
035420,NAVER,2026-08-12,215500.0,833014,35.02
035420,NAVER,2026-08-13,226500.0,1834477,35.28
035420,NAVER,2026-08-14,228000.0,750112,35.27
035420,NAVER,2026-08-18,217000.0,824610,35.17
035420,NAVER,2026-08-19,208000.0,733375,35.15
035420,NAVER,2026-08-20,219500.0,961900,35.33
035420,NAVER,2026-08-21,222000.0,987136,35.31
035420,NAVER,2026-08-24,223500.0,1557982,36.29
035420,NAVER,2026-08-25,220500.0,939087,36.12
035420,NAVER,2026-08-26,220000.0,634210,36.1
035420,NAVER,2026-08-27,216500.0,765068,35.95
035420,NAVER,2026-08-28,220500.0,947514,35.96
035420,NAVER,2026-08-31,217000.0,734467,35.93
035420,NAVER,2026-09-01,215000.0,382061,35.93
035420,NAVER,2026-09-02,209000.0,532940,36.02
035420,NAVER,2026-09-03,207500.0,532103,35.99
035420,NAVER,2026-09-04,213500.0,648091,36.1
035420,NAVER,2026-09-07,218000.0,564721,36.15
035420,NAVER,2026-09-08,214500.0,576743,36.14
035420,NAVER,2026-09-09,210000.0,732219,35.96
035420,NAVER,2026-09-10,208000.0,867123,35.86
035420,NAVER,2026-09-11,206500.0,664529,35.99
035420,NAVER,2026-09-14,203000.0,384536,36.03
035420,NAVER,2026-09-15,205500.0,374601,36.07
035420,NAVER,2026-09-16,202000.0,525238,35.96
035420,NAVER,2026-09-17,200500.0,579237,35.84
035420,NAVER,2026-09-18,197500.0,1298902,35.65
035420,NAVER,2026-09-21,198400.0,616968,35.72
035420,NAVER,2026-09-22,201000.0,496158,35.9
035420,NAVER,2026-09-23,196000.0,1148820,35.56
035420,NAVER,2026-09-28,196300.0,660188,35.76
035420,NAVER,2026-09-29,194900.0,564810,35.66
035420,NAVER,2026-09-30,193500.0,497945,35.67
035420,NAVER,2026-10-01,191900.0,660052,35.53
035420,NAVER,2026-10-02,192200.0,436417,35.5
035720,카카오,2026-06-09,39500.0,2013579,
035720,카카오,2026-06-10,38150.0,2127595,
035720,카카오,2026-06-11,39300.0,2013343,
035720,카카오,2026-06-12,41500.0,4079208,
035720,카카오,2026-06-15,40750.0,1908601,
035720,카카오,2026-06-16,40450.0,1427296,
035720,카카오,2026-06-17,40550.0,1138416,
035720,카카오,2026-06-18,39300.0,1196377,
035720,카카오,2026-06-19,37750.0,2414692,
035720,카카오,2026-06-22,36800.0,1352403,
035720,카카오,2026-06-23,34250.0,1929040,
035720,카카오,2026-06-24,34000.0,1655613,
035720,카카오,2026-06-25,34250.0,1678291,
035720,카카오,2026-06-26,33150.0,1776988,
035720,카카오,2026-06-29,35850.0,1802862,
035720,카카오,2026-06-30,34550.0,1238767,
035720,카카오,2026-07-01,34800.0,1541412,
035720,카카오,2026-07-02,35250.0,2227923,
035720,카카오,2026-07-03,35500.0,1867705,
035720,카카오,2026-07-06,35600.0,1289188,
035720,카카오,2026-07-07,35400.0,1704255,
035720,카카오,2026-07-08,34650.0,2205415,
035720,카카오,2026-07-09,33650.0,1897906,
035720,카카오,2026-07-10,35350.0,2167200,
035720,카카오,2026-07-13,34750.0,1677515,
035720,카카오,2026-07-14,33850.0,2147915,
035720,카카오,2026-07-15,34900.0,1890167,
035720,카카오,2026-07-16,35900.0,2680070,
035720,카카오,2026-07-20,35050.0,1867585,
035720,카카오,2026-07-21,35300.0,1324450,
035720,카카오,2026-07-22,35500.0,1749428,
035720,카카오,2026-07-23,37150.0,2251715,
035720,카카오,2026-07-24,36200.0,1679130,28.59
035720,카카오,2026-07-27,37050.0,1800149,28.68
035720,카카오,2026-07-28,35650.0,2003037,28.64
035720,카카오,2026-07-29,35300.0,4912823,28.76
035720,카카오,2026-07-30,36150.0,2599309,28.83
035720,카카오,2026-07-31,37400.0,3029760,28.94
035720,카카오,2026-08-03,37200.0,1702786,28.99
035720,카카오,2026-08-04,37900.0,2281800,28.96
035720,카카오,2026-08-05,38150.0,2573345,28.94
035720,카카오,2026-08-06,38300.0,2375197,28.94
035720,카카오,2026-08-07,39900.0,3984335,29.03
035720,카카오,2026-08-10,39550.0,1963362,28.94
035720,카카오,2026-08-11,40700.0,2642980,29.02
035720,카카오,2026-08-12,39550.0,2365015,28.93
035720,카카오,2026-08-13,40100.0,2630545,29.06
035720,카카오,2026-08-14,40000.0,2102824,29.12
035720,카카오,2026-08-18,38250.0,2398728,28.97
035720,카카오,2026-08-19,37400.0,1405409,28.98
035720,카카오,2026-08-20,38700.0,2130101,29.11
035720,카카오,2026-08-21,35800.0,10109356,28.77
035720,카카오,2026-08-24,35800.0,3756429,29.01
035720,카카오,2026-08-25,36050.0,1763875,28.96
035720,카카오,2026-08-26,36350.0,1483801,29.0
035720,카카오,2026-08-27,36000.0,1259525,28.99
035720,카카오,2026-08-28,36850.0,1489779,29.05
035720,카카오,2026-08-31,36550.0,1428200,29.07
035720,카카오,2026-09-01,36500.0,1086928,29.26
035720,카카오,2026-09-02,35100.0,1501779,29.17
035720,카카오,2026-09-03,35350.0,4093076,29.16
035720,카카오,2026-09-04,36200.0,1535335,29.15
035720,카카오,2026-09-07,36550.0,1295033,29.16
035720,카카오,2026-09-08,35400.0,1587142,29.04
035720,카카오,2026-09-09,35050.0,1299529,28.97
035720,카카오,2026-09-10,34900.0,1752207,28.95
035720,카카오,2026-09-11,34500.0,1185883,28.99
035720,카카오,2026-09-14,34550.0,937161,29.03
035720,카카오,2026-09-15,34700.0,686046,29.05
035720,카카오,2026-09-16,33650.0,1615415,28.86
035720,카카오,2026-09-17,33800.0,1283101,28.88
035720,카카오,2026-09-18,33600.0,1500065,28.83
035720,카카오,2026-09-21,33400.0,1145771,28.76
035720,카카오,2026-09-22,34250.0,1587572,28.84
035720,카카오,2026-09-23,33800.0,1380964,28.9
035720,카카오,2026-09-28,33950.0,1034523,28.94
035720,카카오,2026-09-29,33750.0,1151814,28.83
035720,카카오,2026-09-30,33600.0,876054,28.8
035720,카카오,2026-10-01,33600.0,736254,28.79
035720,카카오,2026-10-02,33400.0,1164476,28.75
036570,NC,2026-06-09,264500.0,183554,
036570,NC,2026-06-10,257000.0,129162,
036570,NC,2026-06-11,260000.0,130729,
036570,NC,2026-06-12,263000.0,136637,
036570,NC,2026-06-15,261500.0,153769,
036570,NC,2026-06-16,261000.0,108095,
036570,NC,2026-06-17,266500.0,105022,
036570,NC,2026-06-18,258500.0,78426,
036570,NC,2026-06-19,277000.0,245967,
036570,NC,2026-06-22,260500.0,87811,
036570,NC,2026-06-23,241500.0,105077,
036570,NC,2026-06-24,243500.0,72488,
036570,NC,2026-06-25,234500.0,144753,
036570,NC,2026-06-26,238000.0,116875,
036570,NC,2026-06-29,259000.0,149521,
036570,NC,2026-06-30,257500.0,98030,
036570,NC,2026-07-01,255500.0,76338,
036570,NC,2026-07-02,265000.0,123319,
036570,NC,2026-07-03,261000.0,66763,
036570,NC,2026-07-06,252500.0,58449,
036570,NC,2026-07-07,255000.0,84626,
036570,NC,2026-07-08,258500.0,91476,
036570,NC,2026-07-09,249500.0,113167,
036570,NC,2026-07-10,248500.0,79422,
036570,NC,2026-07-13,240500.0,82609,
036570,NC,2026-07-14,227500.0,105648,
036570,NC,2026-07-15,226500.0,97712,
036570,NC,2026-07-16,223000.0,86310,
036570,NC,2026-07-20,210500.0,114745,
036570,NC,2026-07-21,213500.0,107449,
036570,NC,2026-07-22,218000.0,49139,
036570,NC,2026-07-23,225000.0,63084,
036570,NC,2026-07-24,228000.0,63403,37.63
036570,NC,2026-07-27,232500.0,49650,37.61
036570,NC,2026-07-28,225000.0,58116,37.68
036570,NC,2026-07-29,222500.0,100004,37.77
036570,NC,2026-07-30,229000.0,91648,37.75
036570,NC,2026-07-31,234500.0,84945,37.87
036570,NC,2026-08-03,232000.0,54463,37.92
036570,NC,2026-08-04,240500.0,43882,37.98
036570,NC,2026-08-05,235000.0,68032,38.0
036570,NC,2026-08-06,239500.0,45617,38.03
036570,NC,2026-08-07,248500.0,59029,38.03
036570,NC,2026-08-10,243500.0,50179,38.05
036570,NC,2026-08-11,255500.0,220264,38.01
036570,NC,2026-08-12,246500.0,125934,37.97
036570,NC,2026-08-13,243500.0,111441,38.07
036570,NC,2026-08-14,247500.0,74476,38.24
036570,NC,2026-08-18,230000.0,151428,38.23
036570,NC,2026-08-19,219500.0,84561,38.2
036570,NC,2026-08-20,220500.0,79376,38.19
036570,NC,2026-08-21,224500.0,55658,38.2
036570,NC,2026-08-24,226000.0,49843,38.16
036570,NC,2026-08-25,225000.0,78073,38.2
036570,NC,2026-08-26,226500.0,77408,38.25
036570,NC,2026-08-27,223000.0,65859,38.25
036570,NC,2026-08-28,225000.0,32455,38.29
036570,NC,2026-08-31,224500.0,38601,38.33
036570,NC,2026-09-01,224000.0,43974,38.41
036570,NC,2026-09-02,219000.0,46747,38.39
036570,NC,2026-09-03,217000.0,55674,38.34
036570,NC,2026-09-04,222000.0,51793,38.3
036570,NC,2026-09-07,223000.0,78434,38.24
036570,NC,2026-09-08,211500.0,129856,38.15
036570,NC,2026-09-09,210500.0,102684,38.25
036570,NC,2026-09-10,209500.0,204024,38.74
036570,NC,2026-09-11,205500.0,94975,38.86
036570,NC,2026-09-14,204000.0,74227,38.96
036570,NC,2026-09-15,203500.0,62033,38.98
036570,NC,2026-09-16,201500.0,68000,38.98
036570,NC,2026-09-17,205000.0,62530,38.97
036570,NC,2026-09-18,209000.0,91782,38.93
036570,NC,2026-09-21,207500.0,51115,38.91
036570,NC,2026-09-22,223500.0,131544,38.94
036570,NC,2026-09-23,213500.0,95499,38.86
036570,NC,2026-09-28,213500.0,61926,38.95
036570,NC,2026-09-29,210500.0,79761,38.79
036570,NC,2026-09-30,214000.0,86975,38.75
036570,NC,2026-10-01,230500.0,254949,38.63
036570,NC,2026-10-02,244500.0,190012,38.31
036670,삼양케이씨아이,2026-06-09,5140.0,23165,
036670,삼양케이씨아이,2026-06-10,5080.0,8356,
036670,삼양케이씨아이,2026-06-11,5280.0,21318,
036670,삼양케이씨아이,2026-06-12,5280.0,7211,
036670,삼양케이씨아이,2026-06-15,5250.0,7827,
036670,삼양케이씨아이,2026-06-16,5270.0,2235,
036670,삼양케이씨아이,2026-06-17,5310.0,21674,
036670,삼양케이씨아이,2026-06-18,5240.0,5580,
036670,삼양케이씨아이,2026-06-19,5250.0,49202,
036670,삼양케이씨아이,2026-06-22,5100.0,8566,
036670,삼양케이씨아이,2026-06-23,4900.0,31521,
036670,삼양케이씨아이,2026-06-24,5020.0,11166,
036670,삼양케이씨아이,2026-06-25,4930.0,6515,
036670,삼양케이씨아이,2026-06-26,4890.0,26852,
036670,삼양케이씨아이,2026-06-29,4975.0,3224,
036670,삼양케이씨아이,2026-06-30,5000.0,5924,
036670,삼양케이씨아이,2026-07-01,5110.0,2186,
036670,삼양케이씨아이,2026-07-02,5270.0,11300,
036670,삼양케이씨아이,2026-07-03,5290.0,6450,
036670,삼양케이씨아이,2026-07-06,5230.0,1545,
036670,삼양케이씨아이,2026-07-07,5280.0,5394,
036670,삼양케이씨아이,2026-07-08,5200.0,10425,
036670,삼양케이씨아이,2026-07-09,5100.0,8900,
036670,삼양케이씨아이,2026-07-10,5240.0,4473,
036670,삼양케이씨아이,2026-07-13,5290.0,3855,
036670,삼양케이씨아이,2026-07-14,5150.0,89502,
036670,삼양케이씨아이,2026-07-15,5270.0,5044,
036670,삼양케이씨아이,2026-07-16,5280.0,8078,
036670,삼양케이씨아이,2026-07-20,5160.0,2986,
036670,삼양케이씨아이,2026-07-21,5170.0,12850,
036670,삼양케이씨아이,2026-07-22,5180.0,6336,
036670,삼양케이씨아이,2026-07-23,5230.0,2362,
036670,삼양케이씨아이,2026-07-24,5180.0,6721,3.23
036670,삼양케이씨아이,2026-07-27,5110.0,4987,3.24
036670,삼양케이씨아이,2026-07-28,5020.0,10694,3.22
036670,삼양케이씨아이,2026-07-29,4970.0,12207,3.23
036670,삼양케이씨아이,2026-07-30,5030.0,8016,3.25
036670,삼양케이씨아이,2026-07-31,5130.0,4012,3.26
036670,삼양케이씨아이,2026-08-03,5020.0,23163,3.32
036670,삼양케이씨아이,2026-08-04,5000.0,20381,3.29
036670,삼양케이씨아이,2026-08-05,5000.0,10633,3.31
036670,삼양케이씨아이,2026-08-06,5000.0,2964,3.3
036670,삼양케이씨아이,2026-08-07,4990.0,13417,3.27
036670,삼양케이씨아이,2026-08-10,5090.0,14149,3.31
036670,삼양케이씨아이,2026-08-11,5130.0,5737,3.3
036670,삼양케이씨아이,2026-08-12,5160.0,8550,3.29
036670,삼양케이씨아이,2026-08-13,5100.0,5068,3.28
036670,삼양케이씨아이,2026-08-14,5160.0,14533,3.28
036670,삼양케이씨아이,2026-08-18,5130.0,6183,3.38
036670,삼양케이씨아이,2026-08-19,5080.0,7666,3.37
036670,삼양케이씨아이,2026-08-20,5120.0,7244,3.36
036670,삼양케이씨아이,2026-08-21,5130.0,18465,3.28
036670,삼양케이씨아이,2026-08-24,5130.0,10662,3.28
036670,삼양케이씨아이,2026-08-25,5180.0,9696,3.26
036670,삼양케이씨아이,2026-08-26,5160.0,1279,3.26
036670,삼양케이씨아이,2026-08-27,5150.0,7674,3.24
036670,삼양케이씨아이,2026-08-28,5200.0,3342,3.24
036670,삼양케이씨아이,2026-08-31,5170.0,4026,3.23
036670,삼양케이씨아이,2026-09-01,5130.0,3483,3.22
036670,삼양케이씨아이,2026-09-02,5120.0,11747,3.22
036670,삼양케이씨아이,2026-09-03,5120.0,1411,3.22
036670,삼양케이씨아이,2026-09-04,5110.0,5556,3.21
036670,삼양케이씨아이,2026-09-07,5070.0,23589,3.2
036670,삼양케이씨아이,2026-09-08,5060.0,5099,3.17
036670,삼양케이씨아이,2026-09-09,5030.0,10503,3.16
036670,삼양케이씨아이,2026-09-10,5020.0,11234,3.13
036670,삼양케이씨아이,2026-09-11,5060.0,5895,3.12
036670,삼양케이씨아이,2026-09-14,5090.0,7729,3.11
036670,삼양케이씨아이,2026-09-15,5050.0,1703,3.11
036670,삼양케이씨아이,2026-09-16,5080.0,8109,3.08
036670,삼양케이씨아이,2026-09-17,5030.0,1687,3.08
036670,삼양케이씨아이,2026-09-18,5080.0,2259,3.07
036670,삼양케이씨아이,2026-09-21,5070.0,14169,3.06
036670,삼양케이씨아이,2026-09-22,5040.0,14095,3.06
036670,삼양케이씨아이,2026-09-23,5090.0,4203,3.06
036670,삼양케이씨아이,2026-09-28,5100.0,9124,3.05
036670,삼양케이씨아이,2026-09-29,5080.0,3917,3.05
036670,삼양케이씨아이,2026-09-30,5120.0,1695,3.04
036670,삼양케이씨아이,2026-10-01,5050.0,10228,3.03
036670,삼양케이씨아이,2026-10-02,5090.0,5346,3.04
038010,제일테크노스,2026-06-09,5770.0,43626,
038010,제일테크노스,2026-06-10,5800.0,14621,
038010,제일테크노스,2026-06-11,5780.0,14897,
038010,제일테크노스,2026-06-12,5980.0,16490,
038010,제일테크노스,2026-06-15,6050.0,23410,
038010,제일테크노스,2026-06-16,6160.0,24022,
038010,제일테크노스,2026-06-17,6190.0,31825,
038010,제일테크노스,2026-06-18,6120.0,18035,
038010,제일테크노스,2026-06-19,5920.0,26801,
038010,제일테크노스,2026-06-22,5820.0,11039,
038010,제일테크노스,2026-06-23,5560.0,28946,
038010,제일테크노스,2026-06-24,5700.0,66704,
038010,제일테크노스,2026-06-25,5570.0,66833,
038010,제일테크노스,2026-06-26,5400.0,79614,
038010,제일테크노스,2026-06-29,5830.0,31090,
038010,제일테크노스,2026-06-30,5890.0,55746,
038010,제일테크노스,2026-07-01,6240.0,111547,
038010,제일테크노스,2026-07-02,5990.0,46174,
038010,제일테크노스,2026-07-03,6030.0,33686,
038010,제일테크노스,2026-07-06,5930.0,25386,
038010,제일테크노스,2026-07-07,5900.0,20228,
038010,제일테크노스,2026-07-08,5570.0,22606,
038010,제일테크노스,2026-07-09,5650.0,9893,
038010,제일테크노스,2026-07-10,5800.0,14364,
038010,제일테크노스,2026-07-13,5510.0,30892,
038010,제일테크노스,2026-07-14,5530.0,29341,
038010,제일테크노스,2026-07-15,5630.0,20739,
038010,제일테크노스,2026-07-16,5720.0,19229,
038010,제일테크노스,2026-07-20,5520.0,15160,
038010,제일테크노스,2026-07-21,5530.0,23961,
038010,제일테크노스,2026-07-22,5460.0,14006,
038010,제일테크노스,2026-07-23,5490.0,23109,
038010,제일테크노스,2026-07-24,5440.0,23663,4.45
038010,제일테크노스,2026-07-27,5460.0,13805,4.45
038010,제일테크노스,2026-07-28,5220.0,18651,4.43
038010,제일테크노스,2026-07-29,5030.0,37126,4.52
038010,제일테크노스,2026-07-30,5000.0,21959,4.51
038010,제일테크노스,2026-07-31,5060.0,29027,4.56
038010,제일테크노스,2026-08-03,5020.0,31377,4.64
038010,제일테크노스,2026-08-04,5160.0,11236,4.67
038010,제일테크노스,2026-08-05,5260.0,8069,4.68
038010,제일테크노스,2026-08-06,5290.0,19414,4.66
038010,제일테크노스,2026-08-07,5330.0,5837,4.65
038010,제일테크노스,2026-08-10,5410.0,10625,4.65
038010,제일테크노스,2026-08-11,5450.0,11957,4.65
038010,제일테크노스,2026-08-12,5500.0,8403,4.63
038010,제일테크노스,2026-08-13,5480.0,12992,4.63
038010,제일테크노스,2026-08-14,5560.0,7602,4.66
038010,제일테크노스,2026-08-18,5490.0,9705,4.65
038010,제일테크노스,2026-08-19,5560.0,11431,4.61
038010,제일테크노스,2026-08-20,5590.0,11013,4.6
038010,제일테크노스,2026-08-21,5520.0,8605,4.59
038010,제일테크노스,2026-08-24,5530.0,8227,4.61
038010,제일테크노스,2026-08-25,5550.0,21928,4.62
038010,제일테크노스,2026-08-26,5550.0,8692,4.61
038010,제일테크노스,2026-08-27,5500.0,14532,4.61
038010,제일테크노스,2026-08-28,5520.0,15208,4.61
038010,제일테크노스,2026-08-31,5490.0,5157,4.55
038010,제일테크노스,2026-09-01,5530.0,7225,4.56
038010,제일테크노스,2026-09-02,5470.0,932,4.55
038010,제일테크노스,2026-09-03,5370.0,11378,4.53
038010,제일테크노스,2026-09-04,5370.0,7633,4.54
038010,제일테크노스,2026-09-07,5300.0,21968,4.54
038010,제일테크노스,2026-09-08,5310.0,9904,4.53
038010,제일테크노스,2026-09-09,5330.0,8672,4.53
038010,제일테크노스,2026-09-10,5320.0,2422,4.53
038010,제일테크노스,2026-09-11,5260.0,6949,4.53
038010,제일테크노스,2026-09-14,5360.0,7787,4.5
038010,제일테크노스,2026-09-15,5190.0,10010,4.46
038010,제일테크노스,2026-09-16,5120.0,18619,4.41
038010,제일테크노스,2026-09-17,5090.0,10688,4.41
038010,제일테크노스,2026-09-18,5090.0,2938,4.42
038010,제일테크노스,2026-09-21,5090.0,6443,4.39
038010,제일테크노스,2026-09-22,5440.0,62688,4.42
038010,제일테크노스,2026-09-23,5230.0,4087,4.39
038010,제일테크노스,2026-09-28,5270.0,4339,4.38
038010,제일테크노스,2026-09-29,5240.0,10187,4.33
038010,제일테크노스,2026-09-30,5150.0,14699,4.32
038010,제일테크노스,2026-10-01,5320.0,20368,4.34
038010,제일테크노스,2026-10-02,5500.0,25403,4.4
041830,인바디,2026-06-09,41350.0,88538,
041830,인바디,2026-06-10,45650.0,208165,
041830,인바디,2026-06-11,46200.0,108899,
041830,인바디,2026-06-12,44350.0,64810,
041830,인바디,2026-06-15,45550.0,54152,
041830,인바디,2026-06-16,45500.0,92408,
041830,인바디,2026-06-17,46700.0,95671,
041830,인바디,2026-06-18,46400.0,65492,
041830,인바디,2026-06-19,46450.0,129378,
041830,인바디,2026-06-22,46350.0,76910,
041830,인바디,2026-06-23,44450.0,97620,
041830,인바디,2026-06-24,46300.0,109039,
041830,인바디,2026-06-25,48000.0,88677,
041830,인바디,2026-06-26,45150.0,106894,
041830,인바디,2026-06-29,52600.0,236090,
041830,인바디,2026-06-30,57800.0,360206,
041830,인바디,2026-07-01,62000.0,264211,
041830,인바디,2026-07-02,58600.0,183764,
041830,인바디,2026-07-03,54000.0,189529,
041830,인바디,2026-07-06,58200.0,130756,
041830,인바디,2026-07-07,56000.0,152248,
041830,인바디,2026-07-08,54200.0,170084,
041830,인바디,2026-07-09,55500.0,113737,
041830,인바디,2026-07-10,52500.0,81079,
041830,인바디,2026-07-13,51600.0,113847,
041830,인바디,2026-07-14,52400.0,65507,
041830,인바디,2026-07-15,55500.0,90584,
041830,인바디,2026-07-16,54200.0,70064,
041830,인바디,2026-07-20,50900.0,65825,
041830,인바디,2026-07-21,53400.0,117050,
041830,인바디,2026-07-22,49700.0,76109,
041830,인바디,2026-07-23,49100.0,112954,
041830,인바디,2026-07-24,47500.0,61918,34.19
041830,인바디,2026-07-27,50500.0,75412,33.98
041830,인바디,2026-07-28,50300.0,74777,33.68
041830,인바디,2026-07-29,49400.0,122605,33.5
041830,인바디,2026-07-30,46650.0,54621,33.49
041830,인바디,2026-07-31,46200.0,91248,33.61
041830,인바디,2026-08-03,50000.0,73343,33.64
041830,인바디,2026-08-04,57400.0,178988,33.34
041830,인바디,2026-08-05,56700.0,99835,33.32
041830,인바디,2026-08-06,70000.0,654579,33.36
041830,인바디,2026-08-07,70800.0,389293,32.49
041830,인바디,2026-08-10,70000.0,223350,32.44
041830,인바디,2026-08-11,69900.0,122875,32.62
041830,인바디,2026-08-12,67400.0,144313,33.03
041830,인바디,2026-08-13,66200.0,130669,33.41
041830,인바디,2026-08-14,64400.0,120176,33.87
041830,인바디,2026-08-18,61100.0,133586,33.83
041830,인바디,2026-08-19,62400.0,98217,33.5
041830,인바디,2026-08-20,62000.0,44575,33.45
041830,인바디,2026-08-21,59800.0,109115,33.6
041830,인바디,2026-08-24,62900.0,114071,33.23
041830,인바디,2026-08-25,60900.0,111229,33.05
041830,인바디,2026-08-26,60300.0,41341,32.93
041830,인바디,2026-08-27,60500.0,89152,32.95
041830,인바디,2026-08-28,60300.0,36158,33.04
041830,인바디,2026-08-31,60200.0,94507,33.23
041830,인바디,2026-09-01,61100.0,223475,32.99
041830,인바디,2026-09-02,58900.0,42873,33.02
041830,인바디,2026-09-03,59600.0,95479,32.87
041830,인바디,2026-09-04,61100.0,48139,32.79
041830,인바디,2026-09-07,60000.0,46110,32.75
041830,인바디,2026-09-08,58400.0,59195,32.9
041830,인바디,2026-09-09,58500.0,39541,33.0
041830,인바디,2026-09-10,58300.0,43372,33.07
041830,인바디,2026-09-11,57600.0,19292,33.1
041830,인바디,2026-09-14,56800.0,58140,33.11
041830,인바디,2026-09-15,59300.0,313864,33.25
041830,인바디,2026-09-16,58000.0,27907,33.22
041830,인바디,2026-09-17,58600.0,61755,33.16
041830,인바디,2026-09-18,57300.0,78350,33.17
041830,인바디,2026-09-21,56900.0,26043,33.25
041830,인바디,2026-09-22,55100.0,146623,33.51
041830,인바디,2026-09-23,53600.0,48547,33.6
041830,인바디,2026-09-28,53800.0,59336,33.68
041830,인바디,2026-09-29,53500.0,60872,33.75
041830,인바디,2026-09-30,52500.0,56419,33.84
041830,인바디,2026-10-01,53700.0,65069,33.86
041830,인바디,2026-10-02,52100.0,90468,33.87
043150,바텍,2026-06-09,18550.0,17118,
043150,바텍,2026-06-10,18620.0,11969,
043150,바텍,2026-06-11,19080.0,13345,
043150,바텍,2026-06-12,19650.0,50561,
043150,바텍,2026-06-15,19360.0,38057,
043150,바텍,2026-06-16,19540.0,21028,
043150,바텍,2026-06-17,19430.0,14587,
043150,바텍,2026-06-18,19300.0,23148,
043150,바텍,2026-06-19,18720.0,34192,
043150,바텍,2026-06-22,18390.0,20513,
043150,바텍,2026-06-23,17810.0,32962,
043150,바텍,2026-06-24,17800.0,16681,
043150,바텍,2026-06-25,17870.0,10052,
043150,바텍,2026-06-26,17130.0,57673,
043150,바텍,2026-06-29,18800.0,33100,
043150,바텍,2026-06-30,18500.0,12711,
043150,바텍,2026-07-01,18760.0,9382,
043150,바텍,2026-07-02,18680.0,10130,
043150,바텍,2026-07-03,18450.0,14161,
043150,바텍,2026-07-06,18440.0,10902,
043150,바텍,2026-07-07,18200.0,22043,
043150,바텍,2026-07-08,17960.0,42197,
043150,바텍,2026-07-09,17680.0,31471,
043150,바텍,2026-07-10,18100.0,26950,
043150,바텍,2026-07-13,17820.0,59563,
043150,바텍,2026-07-14,17470.0,46846,
043150,바텍,2026-07-15,17580.0,37369,
043150,바텍,2026-07-16,17460.0,28952,
043150,바텍,2026-07-20,16800.0,43537,
043150,바텍,2026-07-21,16780.0,21732,
043150,바텍,2026-07-22,16830.0,20004,
043150,바텍,2026-07-23,17400.0,14819,
043150,바텍,2026-07-24,17230.0,30287,22.86
043150,바텍,2026-07-27,17570.0,23176,22.85
043150,바텍,2026-07-28,16760.0,37048,22.69
043150,바텍,2026-07-29,16330.0,57157,22.7
043150,바텍,2026-07-30,17000.0,44236,22.79
043150,바텍,2026-07-31,17350.0,53343,22.82
043150,바텍,2026-08-03,17060.0,45195,22.86
043150,바텍,2026-08-04,17760.0,36435,22.94
043150,바텍,2026-08-05,17880.0,25122,22.99
043150,바텍,2026-08-06,18610.0,50280,22.99
043150,바텍,2026-08-07,19150.0,38625,22.92
043150,바텍,2026-08-10,19740.0,61469,22.89
043150,바텍,2026-08-11,22150.0,372944,22.82
043150,바텍,2026-08-12,20950.0,129577,22.66
043150,바텍,2026-08-13,20850.0,32273,22.59
043150,바텍,2026-08-14,20850.0,46510,22.7
043150,바텍,2026-08-18,20050.0,44793,22.62
043150,바텍,2026-08-19,19190.0,60084,22.69
043150,바텍,2026-08-20,19390.0,82219,22.56
043150,바텍,2026-08-21,19020.0,72767,22.63
043150,바텍,2026-08-24,19400.0,37952,22.59
043150,바텍,2026-08-25,19390.0,40390,22.69
043150,바텍,2026-08-26,19140.0,41608,22.6
043150,바텍,2026-08-27,19020.0,40223,22.52
043150,바텍,2026-08-28,19140.0,42602,22.46
043150,바텍,2026-08-31,18800.0,27556,22.39
043150,바텍,2026-09-01,19140.0,21328,22.42
043150,바텍,2026-09-02,18520.0,18661,22.36
043150,바텍,2026-09-03,18850.0,38597,22.35
043150,바텍,2026-09-04,18450.0,48363,22.27
043150,바텍,2026-09-07,18240.0,20305,22.2
043150,바텍,2026-09-08,17980.0,32214,22.12
043150,바텍,2026-09-09,17950.0,43162,21.96
043150,바텍,2026-09-10,17890.0,29145,21.93
043150,바텍,2026-09-11,17730.0,21749,21.89
043150,바텍,2026-09-14,17700.0,16805,21.91
043150,바텍,2026-09-15,17560.0,18744,21.81
043150,바텍,2026-09-16,17570.0,14786,21.92
043150,바텍,2026-09-17,17600.0,13383,21.84
043150,바텍,2026-09-18,17880.0,28261,21.85
043150,바텍,2026-09-21,17680.0,27147,21.8
043150,바텍,2026-09-22,17650.0,14129,21.76
043150,바텍,2026-09-23,17410.0,18884,21.66
043150,바텍,2026-09-28,17630.0,21925,21.63
043150,바텍,2026-09-29,17430.0,12308,21.59
043150,바텍,2026-09-30,17500.0,18479,21.58
043150,바텍,2026-10-01,17940.0,14700,21.52
043150,바텍,2026-10-02,17870.0,15234,21.51
044340,위닉스,2026-06-09,3590.0,23248,
044340,위닉스,2026-06-10,3560.0,28349,
044340,위닉스,2026-06-11,3595.0,21383,
044340,위닉스,2026-06-12,3845.0,20902,
044340,위닉스,2026-06-15,3985.0,37921,
044340,위닉스,2026-06-16,4025.0,21922,
044340,위닉스,2026-06-17,4135.0,18455,
044340,위닉스,2026-06-18,3975.0,18091,
044340,위닉스,2026-06-19,3785.0,15891,
044340,위닉스,2026-06-22,3700.0,11674,
044340,위닉스,2026-06-23,3500.0,24322,
044340,위닉스,2026-06-24,3450.0,16759,
044340,위닉스,2026-06-25,3325.0,28984,
044340,위닉스,2026-06-26,3135.0,38016,
044340,위닉스,2026-06-29,3465.0,42305,
044340,위닉스,2026-06-30,3310.0,18526,
044340,위닉스,2026-07-01,3435.0,7445,
044340,위닉스,2026-07-02,3490.0,25810,
044340,위닉스,2026-07-03,3590.0,310152,
044340,위닉스,2026-07-06,4130.0,2799356,
044340,위닉스,2026-07-07,3550.0,580351,
044340,위닉스,2026-07-08,3300.0,95061,
044340,위닉스,2026-07-09,3100.0,70498,
044340,위닉스,2026-07-10,3420.0,51078,
044340,위닉스,2026-07-13,4445.0,1438379,
044340,위닉스,2026-07-14,4670.0,7355480,
044340,위닉스,2026-07-15,5410.0,9211183,
044340,위닉스,2026-07-16,5050.0,5740297,
044340,위닉스,2026-07-20,4570.0,1484698,
044340,위닉스,2026-07-21,4135.0,610762,
044340,위닉스,2026-07-22,3850.0,466450,
044340,위닉스,2026-07-23,3775.0,358982,
044340,위닉스,2026-07-24,4905.0,6177354,0.75
044340,위닉스,2026-07-27,5400.0,14990101,0.9
044340,위닉스,2026-07-28,5290.0,8321093,1.6
044340,위닉스,2026-07-29,4490.0,2468624,1.88
044340,위닉스,2026-07-30,4350.0,3627211,1.21
044340,위닉스,2026-07-31,4825.0,4283651,1.82
044340,위닉스,2026-08-03,5860.0,8578973,1.14
044340,위닉스,2026-08-04,5840.0,10519027,0.98
044340,위닉스,2026-08-05,5800.0,2074220,1.07
044340,위닉스,2026-08-06,5120.0,2708427,0.59
044340,위닉스,2026-08-07,4740.0,916916,0.67
044340,위닉스,2026-08-10,4440.0,1084751,0.78
044340,위닉스,2026-08-11,4475.0,550168,0.81
044340,위닉스,2026-08-12,4290.0,438889,0.85
044340,위닉스,2026-08-13,4005.0,459071,0.91
044340,위닉스,2026-08-14,4210.0,1608307,1.04
044340,위닉스,2026-08-18,4010.0,362656,1.06
044340,위닉스,2026-08-19,3775.0,271868,1.03
044340,위닉스,2026-08-20,3695.0,204819,1.17
044340,위닉스,2026-08-21,3530.0,155381,1.35
044340,위닉스,2026-08-24,3490.0,135309,1.27
044340,위닉스,2026-08-25,3525.0,103940,1.44
044340,위닉스,2026-08-26,3525.0,109353,1.55
044340,위닉스,2026-08-27,3475.0,84930,1.39
044340,위닉스,2026-08-28,3495.0,101520,1.51
044340,위닉스,2026-08-31,3440.0,58160,1.56
044340,위닉스,2026-09-01,3400.0,68563,1.53
044340,위닉스,2026-09-02,3325.0,87099,1.57
044340,위닉스,2026-09-03,3300.0,51027,1.6
044340,위닉스,2026-09-04,3335.0,77751,1.62
044340,위닉스,2026-09-07,3270.0,70827,1.57
044340,위닉스,2026-09-08,3230.0,61813,1.5
044340,위닉스,2026-09-09,3135.0,96951,1.31
044340,위닉스,2026-09-10,3155.0,99524,1.34
044340,위닉스,2026-09-11,3080.0,58113,1.2
044340,위닉스,2026-09-14,3025.0,64064,1.3
044340,위닉스,2026-09-15,2990.0,82300,1.11
044340,위닉스,2026-09-16,2875.0,68905,1.12
044340,위닉스,2026-09-17,2950.0,65611,1.12
044340,위닉스,2026-09-18,2850.0,78864,1.01
044340,위닉스,2026-09-21,2815.0,64290,0.99
044340,위닉스,2026-09-22,2770.0,65475,1.11
044340,위닉스,2026-09-23,2725.0,62471,1.07
044340,위닉스,2026-09-28,2785.0,64071,1.12
044340,위닉스,2026-09-29,2695.0,47857,1.0
044340,위닉스,2026-09-30,2720.0,33521,1.01
044340,위닉스,2026-10-01,2790.0,73939,1.24
044340,위닉스,2026-10-02,2930.0,103204,1.36
044450,KSS해운,2026-06-09,9610.0,46070,
044450,KSS해운,2026-06-10,9600.0,41713,
044450,KSS해운,2026-06-11,9610.0,61167,
044450,KSS해운,2026-06-12,9840.0,42800,
044450,KSS해운,2026-06-15,10050.0,70101,
044450,KSS해운,2026-06-16,10070.0,57375,
044450,KSS해운,2026-06-17,10060.0,53409,
044450,KSS해운,2026-06-18,9770.0,68527,
044450,KSS해운,2026-06-19,9530.0,120313,
044450,KSS해운,2026-06-22,9390.0,68719,
044450,KSS해운,2026-06-23,9220.0,56507,
044450,KSS해운,2026-06-24,9390.0,53999,
044450,KSS해운,2026-06-25,9310.0,69382,
044450,KSS해운,2026-06-26,9060.0,142113,
044450,KSS해운,2026-06-29,9270.0,80129,
044450,KSS해운,2026-06-30,9140.0,33166,
044450,KSS해운,2026-07-01,9360.0,31037,
044450,KSS해운,2026-07-02,9170.0,45780,
044450,KSS해운,2026-07-03,9350.0,23730,
044450,KSS해운,2026-07-06,9440.0,35044,
044450,KSS해운,2026-07-07,9660.0,86581,
044450,KSS해운,2026-07-08,9470.0,41036,
044450,KSS해운,2026-07-09,9290.0,29505,
044450,KSS해운,2026-07-10,9510.0,26802,
044450,KSS해운,2026-07-13,9590.0,81128,
044450,KSS해운,2026-07-14,9460.0,77154,
044450,KSS해운,2026-07-15,9670.0,35469,
044450,KSS해운,2026-07-16,9900.0,76051,
044450,KSS해운,2026-07-20,9720.0,91399,
044450,KSS해운,2026-07-21,9740.0,49877,
044450,KSS해운,2026-07-22,10050.0,45300,
044450,KSS해운,2026-07-23,10220.0,54360,
044450,KSS해운,2026-07-24,10130.0,48539,7.4
044450,KSS해운,2026-07-27,9790.0,41010,7.42
044450,KSS해운,2026-07-28,9630.0,48227,7.37
044450,KSS해운,2026-07-29,9610.0,84140,7.37
044450,KSS해운,2026-07-30,9690.0,54648,7.41
044450,KSS해운,2026-07-31,9990.0,31234,7.42
044450,KSS해운,2026-08-03,9670.0,27086,7.37
044450,KSS해운,2026-08-04,10050.0,24112,7.39
044450,KSS해운,2026-08-05,10040.0,21896,7.41
044450,KSS해운,2026-08-06,9980.0,28638,7.41
044450,KSS해운,2026-08-07,9940.0,47999,7.47
044450,KSS해운,2026-08-10,10000.0,23806,7.49
044450,KSS해운,2026-08-11,10050.0,14700,7.5
044450,KSS해운,2026-08-12,10020.0,26226,7.46
044450,KSS해운,2026-08-13,9850.0,31575,7.4
044450,KSS해운,2026-08-14,10360.0,197545,7.64
044450,KSS해운,2026-08-18,10130.0,77160,7.61
044450,KSS해운,2026-08-19,10010.0,55919,7.57
044450,KSS해운,2026-08-20,10060.0,33785,7.49
044450,KSS해운,2026-08-21,9920.0,63026,7.5
044450,KSS해운,2026-08-24,10070.0,50722,7.7
044450,KSS해운,2026-08-25,10160.0,30343,7.74
044450,KSS해운,2026-08-26,10150.0,26968,7.71
044450,KSS해운,2026-08-27,10050.0,21529,7.68
044450,KSS해운,2026-08-28,10060.0,15696,7.69
044450,KSS해운,2026-08-31,9940.0,15949,7.68
044450,KSS해운,2026-09-01,9960.0,26677,7.64
044450,KSS해운,2026-09-02,9920.0,44836,7.57
044450,KSS해운,2026-09-03,10120.0,49895,7.6
044450,KSS해운,2026-09-04,10230.0,56476,7.61
044450,KSS해운,2026-09-07,10190.0,19194,7.61
044450,KSS해운,2026-09-08,10070.0,33915,7.63
044450,KSS해운,2026-09-09,10100.0,11829,7.63
044450,KSS해운,2026-09-10,10100.0,52627,7.58
044450,KSS해운,2026-09-11,10120.0,45009,7.66
044450,KSS해운,2026-09-14,10030.0,45696,7.72
044450,KSS해운,2026-09-15,9920.0,32303,7.68
044450,KSS해운,2026-09-16,10190.0,92090,7.72
044450,KSS해운,2026-09-17,10200.0,18124,7.7
044450,KSS해운,2026-09-18,10080.0,50398,7.64
044450,KSS해운,2026-09-21,9990.0,44909,7.67
044450,KSS해운,2026-09-22,11540.0,658877,7.67
044450,KSS해운,2026-09-23,11730.0,892666,8.55
044450,KSS해운,2026-09-28,12300.0,415519,8.76
044450,KSS해운,2026-09-29,12380.0,181312,8.74
044450,KSS해운,2026-09-30,12520.0,70898,8.87
044450,KSS해운,2026-10-01,12070.0,208625,8.67
044450,KSS해운,2026-10-02,11950.0,97517,8.69
049430,코메론,2026-06-09,18230.0,5673,
049430,코메론,2026-06-10,18000.0,7825,
049430,코메론,2026-06-11,18000.0,8322,
049430,코메론,2026-06-12,18200.0,37511,
049430,코메론,2026-06-15,19630.0,59219,
049430,코메론,2026-06-16,19350.0,15510,
049430,코메론,2026-06-17,19220.0,10331,
049430,코메론,2026-06-18,19320.0,28570,
049430,코메론,2026-06-19,19320.0,18462,
049430,코메론,2026-06-22,20400.0,76115,
049430,코메론,2026-06-23,19300.0,29477,
049430,코메론,2026-06-24,19290.0,41412,
049430,코메론,2026-06-25,19280.0,27117,
049430,코메론,2026-06-26,19260.0,33176,
049430,코메론,2026-06-29,19760.0,56615,
049430,코메론,2026-06-30,19860.0,31721,
049430,코메론,2026-07-01,19910.0,51649,
049430,코메론,2026-07-02,19820.0,32719,
049430,코메론,2026-07-03,20100.0,45065,
049430,코메론,2026-07-06,19990.0,25415,
049430,코메론,2026-07-07,19850.0,28009,
049430,코메론,2026-07-08,19570.0,30050,
049430,코메론,2026-07-09,19510.0,33113,
049430,코메론,2026-07-10,19800.0,28029,
049430,코메론,2026-07-13,19530.0,25916,
049430,코메론,2026-07-14,19180.0,21430,
049430,코메론,2026-07-15,19280.0,20530,
049430,코메론,2026-07-16,19040.0,8581,
049430,코메론,2026-07-20,18270.0,9163,
049430,코메론,2026-07-21,18740.0,7695,
049430,코메론,2026-07-22,18470.0,21078,
049430,코메론,2026-07-23,19490.0,28744,
049430,코메론,2026-07-24,19070.0,28472,23.19
049430,코메론,2026-07-27,19140.0,20958,23.07
049430,코메론,2026-07-28,19100.0,21820,23.07
049430,코메론,2026-07-29,19130.0,37336,23.17
049430,코메론,2026-07-30,19190.0,34292,23.09
049430,코메론,2026-07-31,19660.0,70386,23.03
049430,코메론,2026-08-03,19830.0,27223,22.91
049430,코메론,2026-08-04,19780.0,32137,22.73
049430,코메론,2026-08-05,20000.0,57573,22.83
049430,코메론,2026-08-06,20650.0,74764,22.77
049430,코메론,2026-08-07,21200.0,42839,22.64
049430,코메론,2026-08-10,20450.0,35052,22.56
049430,코메론,2026-08-11,20100.0,16031,22.5
049430,코메론,2026-08-12,19980.0,8842,22.49
049430,코메론,2026-08-13,21150.0,62923,22.44
049430,코메론,2026-08-14,21600.0,59849,22.49
049430,코메론,2026-08-18,21050.0,30182,22.44
049430,코메론,2026-08-19,21100.0,30425,22.58
049430,코메론,2026-08-20,20200.0,24222,22.52
049430,코메론,2026-08-21,19910.0,11536,22.24
049430,코메론,2026-08-24,20100.0,3247,22.25
049430,코메론,2026-08-25,20950.0,8220,22.25
049430,코메론,2026-08-26,20800.0,17232,22.3
049430,코메론,2026-08-27,20800.0,10078,22.33
049430,코메론,2026-08-28,20650.0,14393,22.41
049430,코메론,2026-08-31,20950.0,11383,22.44
049430,코메론,2026-09-01,20800.0,15822,22.44
049430,코메론,2026-09-02,20700.0,12273,22.49
049430,코메론,2026-09-03,21100.0,26082,22.59
049430,코메론,2026-09-04,22450.0,107807,22.54
049430,코메론,2026-09-07,21750.0,43079,22.53
049430,코메론,2026-09-08,21800.0,19857,22.55
049430,코메론,2026-09-09,22650.0,73796,22.56
049430,코메론,2026-09-10,23350.0,39051,22.47
049430,코메론,2026-09-11,22700.0,14112,22.46
049430,코메론,2026-09-14,21900.0,20986,22.51
049430,코메론,2026-09-15,22800.0,43403,22.49
049430,코메론,2026-09-16,22800.0,41834,22.57
049430,코메론,2026-09-17,23200.0,38737,22.59
049430,코메론,2026-09-18,22600.0,36534,22.54
049430,코메론,2026-09-21,23200.0,20931,22.55
049430,코메론,2026-09-22,22900.0,26135,22.55
049430,코메론,2026-09-23,23000.0,18104,22.46
049430,코메론,2026-09-28,22700.0,13504,22.4
049430,코메론,2026-09-29,22550.0,11189,22.4
049430,코메론,2026-09-30,22200.0,25724,22.28
049430,코메론,2026-10-01,22150.0,24966,22.15
049430,코메론,2026-10-02,22300.0,52606,22.26
051500,CJ프레시웨이,2026-06-09,23350.0,39339,
051500,CJ프레시웨이,2026-06-10,23450.0,24249,
051500,CJ프레시웨이,2026-06-11,23600.0,19145,
051500,CJ프레시웨이,2026-06-12,23700.0,37541,
051500,CJ프레시웨이,2026-06-15,24350.0,24296,
051500,CJ프레시웨이,2026-06-16,24300.0,26377,
051500,CJ프레시웨이,2026-06-17,24550.0,12337,
051500,CJ프레시웨이,2026-06-18,23950.0,20798,
051500,CJ프레시웨이,2026-06-19,24200.0,24978,
051500,CJ프레시웨이,2026-06-22,23100.0,17799,
051500,CJ프레시웨이,2026-06-23,21800.0,41044,
051500,CJ프레시웨이,2026-06-24,21750.0,40075,
051500,CJ프레시웨이,2026-06-25,20500.0,26864,
051500,CJ프레시웨이,2026-06-26,20000.0,44942,
051500,CJ프레시웨이,2026-06-29,22750.0,31536,
051500,CJ프레시웨이,2026-06-30,21900.0,16820,
051500,CJ프레시웨이,2026-07-01,22600.0,9669,
051500,CJ프레시웨이,2026-07-02,23300.0,16430,
051500,CJ프레시웨이,2026-07-03,23300.0,15336,
051500,CJ프레시웨이,2026-07-06,23000.0,9410,
051500,CJ프레시웨이,2026-07-07,23850.0,21121,
051500,CJ프레시웨이,2026-07-08,23050.0,16103,
051500,CJ프레시웨이,2026-07-09,22250.0,9738,
051500,CJ프레시웨이,2026-07-10,22650.0,7103,
051500,CJ프레시웨이,2026-07-13,22950.0,11423,
051500,CJ프레시웨이,2026-07-14,22300.0,11309,
051500,CJ프레시웨이,2026-07-15,22400.0,7800,
051500,CJ프레시웨이,2026-07-16,22700.0,8392,
051500,CJ프레시웨이,2026-07-20,22600.0,17002,
051500,CJ프레시웨이,2026-07-21,21750.0,11982,
051500,CJ프레시웨이,2026-07-22,22050.0,9003,
051500,CJ프레시웨이,2026-07-23,22250.0,10568,
051500,CJ프레시웨이,2026-07-24,22300.0,13223,18.2
051500,CJ프레시웨이,2026-07-27,22200.0,4678,18.2
051500,CJ프레시웨이,2026-07-28,21950.0,4833,18.21
051500,CJ프레시웨이,2026-07-29,21950.0,23175,18.29
051500,CJ프레시웨이,2026-07-30,22400.0,9148,18.33
051500,CJ프레시웨이,2026-07-31,22550.0,13067,18.34
051500,CJ프레시웨이,2026-08-03,22550.0,10244,18.37
051500,CJ프레시웨이,2026-08-04,23150.0,11534,18.4
051500,CJ프레시웨이,2026-08-05,23250.0,4497,18.39
051500,CJ프레시웨이,2026-08-06,23500.0,6587,18.39
051500,CJ프레시웨이,2026-08-07,23450.0,9254,18.4
051500,CJ프레시웨이,2026-08-10,24000.0,18174,18.46
051500,CJ프레시웨이,2026-08-11,24400.0,9048,18.47
051500,CJ프레시웨이,2026-08-12,23850.0,7151,18.42
051500,CJ프레시웨이,2026-08-13,24100.0,7985,18.39
051500,CJ프레시웨이,2026-08-14,24850.0,12680,18.43
051500,CJ프레시웨이,2026-08-18,24700.0,8710,18.4
051500,CJ프레시웨이,2026-08-19,23950.0,5354,18.32
051500,CJ프레시웨이,2026-08-20,24000.0,5708,18.32
051500,CJ프레시웨이,2026-08-21,23350.0,12550,18.36
051500,CJ프레시웨이,2026-08-24,24150.0,8439,18.39
051500,CJ프레시웨이,2026-08-25,24500.0,3843,18.38
051500,CJ프레시웨이,2026-08-26,24750.0,7001,18.39
051500,CJ프레시웨이,2026-08-27,23850.0,11042,18.32
051500,CJ프레시웨이,2026-08-28,24200.0,4243,18.33
051500,CJ프레시웨이,2026-08-31,24200.0,4650,18.33
051500,CJ프레시웨이,2026-09-01,24300.0,2463,18.33
051500,CJ프레시웨이,2026-09-02,23950.0,2384,18.33
051500,CJ프레시웨이,2026-09-03,23600.0,7074,18.3
051500,CJ프레시웨이,2026-09-04,23700.0,3476,18.3
051500,CJ프레시웨이,2026-09-07,23550.0,7505,18.31
051500,CJ프레시웨이,2026-09-08,23450.0,8781,18.34
051500,CJ프레시웨이,2026-09-09,23600.0,1524,18.32
051500,CJ프레시웨이,2026-09-10,23300.0,10561,18.34
051500,CJ프레시웨이,2026-09-11,22850.0,7873,18.37
051500,CJ프레시웨이,2026-09-14,22850.0,5420,18.4
051500,CJ프레시웨이,2026-09-15,22450.0,6148,18.4
051500,CJ프레시웨이,2026-09-16,22050.0,9437,18.39
051500,CJ프레시웨이,2026-09-17,22000.0,10532,18.45
051500,CJ프레시웨이,2026-09-18,21950.0,1861,18.45
051500,CJ프레시웨이,2026-09-21,22000.0,6756,18.42
051500,CJ프레시웨이,2026-09-22,21850.0,7649,18.44
051500,CJ프레시웨이,2026-09-23,21700.0,3294,18.43
051500,CJ프레시웨이,2026-09-28,21850.0,2648,18.44
051500,CJ프레시웨이,2026-09-29,21900.0,7322,18.42
051500,CJ프레시웨이,2026-09-30,21700.0,2699,18.41
051500,CJ프레시웨이,2026-10-01,21600.0,7486,18.41
051500,CJ프레시웨이,2026-10-02,21700.0,3092,18.41
054950,제이브이엠,2026-06-09,21400.0,52634,
054950,제이브이엠,2026-06-10,21800.0,62846,
054950,제이브이엠,2026-06-11,22000.0,17347,
054950,제이브이엠,2026-06-12,22200.0,50171,
054950,제이브이엠,2026-06-15,22250.0,23047,
054950,제이브이엠,2026-06-16,22550.0,45122,
054950,제이브이엠,2026-06-17,22500.0,25383,
054950,제이브이엠,2026-06-18,21950.0,31243,
054950,제이브이엠,2026-06-19,21500.0,21269,
054950,제이브이엠,2026-06-22,21450.0,27048,
054950,제이브이엠,2026-06-23,20500.0,47976,
054950,제이브이엠,2026-06-24,20950.0,16121,
054950,제이브이엠,2026-06-25,20650.0,17859,
054950,제이브이엠,2026-06-26,20000.0,35810,
054950,제이브이엠,2026-06-29,21300.0,14129,
054950,제이브이엠,2026-06-30,21050.0,8230,
054950,제이브이엠,2026-07-01,21700.0,13333,
054950,제이브이엠,2026-07-02,21500.0,17195,
054950,제이브이엠,2026-07-03,21550.0,13136,
054950,제이브이엠,2026-07-06,21950.0,19487,
054950,제이브이엠,2026-07-07,21650.0,11842,
054950,제이브이엠,2026-07-08,21550.0,34442,
054950,제이브이엠,2026-07-09,21250.0,13999,
054950,제이브이엠,2026-07-10,21900.0,21608,
054950,제이브이엠,2026-07-13,21850.0,12196,
054950,제이브이엠,2026-07-14,21500.0,20953,
054950,제이브이엠,2026-07-15,21950.0,4124,
054950,제이브이엠,2026-07-16,22050.0,41622,
054950,제이브이엠,2026-07-20,21850.0,17960,
054950,제이브이엠,2026-07-21,22000.0,19309,
054950,제이브이엠,2026-07-22,22200.0,9055,
054950,제이브이엠,2026-07-23,22300.0,8373,
054950,제이브이엠,2026-07-24,22200.0,13476,19.23
054950,제이브이엠,2026-07-27,22150.0,10837,19.21
054950,제이브이엠,2026-07-28,21450.0,11788,19.25
054950,제이브이엠,2026-07-29,20500.0,38549,19.35
054950,제이브이엠,2026-07-30,23050.0,109284,19.7
054950,제이브이엠,2026-07-31,23750.0,27521,19.73
054950,제이브이엠,2026-08-03,23500.0,37607,19.6
054950,제이브이엠,2026-08-04,23650.0,22901,19.63
054950,제이브이엠,2026-08-05,24150.0,12204,19.61
054950,제이브이엠,2026-08-06,24550.0,16589,19.61
054950,제이브이엠,2026-08-07,24800.0,21297,19.65
054950,제이브이엠,2026-08-10,24950.0,44193,19.71
054950,제이브이엠,2026-08-11,24850.0,32435,19.82
054950,제이브이엠,2026-08-12,24250.0,13652,19.81
054950,제이브이엠,2026-08-13,24100.0,13160,19.81
054950,제이브이엠,2026-08-14,24100.0,8247,19.84
054950,제이브이엠,2026-08-18,24100.0,14118,19.81
054950,제이브이엠,2026-08-19,23850.0,18998,19.85
054950,제이브이엠,2026-08-20,24050.0,9941,19.72
054950,제이브이엠,2026-08-21,23500.0,17765,19.76
054950,제이브이엠,2026-08-24,24300.0,30479,19.77
054950,제이브이엠,2026-08-25,24350.0,11874,19.79
054950,제이브이엠,2026-08-26,24200.0,8651,19.81
054950,제이브이엠,2026-08-27,23800.0,8464,19.79
054950,제이브이엠,2026-08-28,24050.0,6470,19.81
054950,제이브이엠,2026-08-31,24000.0,9137,19.81
054950,제이브이엠,2026-09-01,24050.0,9943,19.83
054950,제이브이엠,2026-09-02,23800.0,10379,19.84
054950,제이브이엠,2026-09-03,23550.0,12849,19.83
054950,제이브이엠,2026-09-04,23250.0,12484,19.77
054950,제이브이엠,2026-09-07,23400.0,10476,19.79
054950,제이브이엠,2026-09-08,23400.0,21148,19.8
054950,제이브이엠,2026-09-09,23550.0,11717,19.85
054950,제이브이엠,2026-09-10,23200.0,39035,19.87
054950,제이브이엠,2026-09-11,23400.0,35003,19.84
054950,제이브이엠,2026-09-14,23400.0,17805,19.83
054950,제이브이엠,2026-09-15,23200.0,19387,19.77
054950,제이브이엠,2026-09-16,23100.0,9354,19.8
054950,제이브이엠,2026-09-17,23200.0,6544,19.77
054950,제이브이엠,2026-09-18,23250.0,11285,19.75
054950,제이브이엠,2026-09-21,23050.0,13609,19.76
054950,제이브이엠,2026-09-22,23200.0,8615,19.83
054950,제이브이엠,2026-09-23,23150.0,8672,19.8
054950,제이브이엠,2026-09-28,23300.0,5111,19.82
054950,제이브이엠,2026-09-29,23850.0,13564,19.87
054950,제이브이엠,2026-09-30,23900.0,8260,19.88
054950,제이브이엠,2026-10-01,24050.0,10834,19.89
054950,제이브이엠,2026-10-02,24350.0,15744,19.88
058650,세아홀딩스,2026-06-09,133900.0,6962,
058650,세아홀딩스,2026-06-10,124500.0,26853,
058650,세아홀딩스,2026-06-11,124700.0,5535,
058650,세아홀딩스,2026-06-12,131000.0,13763,
058650,세아홀딩스,2026-06-15,132400.0,5515,
058650,세아홀딩스,2026-06-16,130000.0,2498,
058650,세아홀딩스,2026-06-17,129800.0,6148,
058650,세아홀딩스,2026-06-18,126100.0,6213,
058650,세아홀딩스,2026-06-19,123000.0,8211,
058650,세아홀딩스,2026-06-22,119200.0,3651,
058650,세아홀딩스,2026-06-23,115000.0,6471,
058650,세아홀딩스,2026-06-24,114500.0,2125,
058650,세아홀딩스,2026-06-25,114500.0,1587,
058650,세아홀딩스,2026-06-26,110500.0,4551,
058650,세아홀딩스,2026-06-29,117100.0,1427,
058650,세아홀딩스,2026-06-30,111800.0,2253,
058650,세아홀딩스,2026-07-01,112500.0,1239,
058650,세아홀딩스,2026-07-02,111000.0,4333,
058650,세아홀딩스,2026-07-03,112200.0,3706,
058650,세아홀딩스,2026-07-06,110700.0,3366,
058650,세아홀딩스,2026-07-07,119500.0,3875,
058650,세아홀딩스,2026-07-08,118900.0,3835,
058650,세아홀딩스,2026-07-09,115500.0,2083,
058650,세아홀딩스,2026-07-10,116600.0,984,
058650,세아홀딩스,2026-07-13,116900.0,653,
058650,세아홀딩스,2026-07-14,115600.0,5333,
058650,세아홀딩스,2026-07-15,117000.0,581,
058650,세아홀딩스,2026-07-16,118300.0,433,
058650,세아홀딩스,2026-07-20,116000.0,2909,
058650,세아홀딩스,2026-07-21,117800.0,1509,
058650,세아홀딩스,2026-07-22,115500.0,734,
058650,세아홀딩스,2026-07-23,119500.0,1760,
058650,세아홀딩스,2026-07-24,117300.0,504,1.35
058650,세아홀딩스,2026-07-27,120100.0,1012,1.34
058650,세아홀딩스,2026-07-28,116400.0,997,1.4
058650,세아홀딩스,2026-07-29,115000.0,1600,1.4
058650,세아홀딩스,2026-07-30,116700.0,298,1.4
058650,세아홀딩스,2026-07-31,116800.0,854,1.41
058650,세아홀딩스,2026-08-03,118300.0,466,1.41
058650,세아홀딩스,2026-08-04,120800.0,823,1.41
058650,세아홀딩스,2026-08-05,120800.0,326,1.41
058650,세아홀딩스,2026-08-06,121000.0,669,1.41
058650,세아홀딩스,2026-08-07,124700.0,551,1.41
058650,세아홀딩스,2026-08-10,125200.0,595,1.41
058650,세아홀딩스,2026-08-11,125500.0,319,1.41
058650,세아홀딩스,2026-08-12,122000.0,2792,1.41
058650,세아홀딩스,2026-08-13,124500.0,256,1.41
058650,세아홀딩스,2026-08-14,128000.0,1761,1.43
058650,세아홀딩스,2026-08-18,125100.0,2122,1.42
058650,세아홀딩스,2026-08-19,127100.0,634,1.41
058650,세아홀딩스,2026-08-20,128400.0,562,1.34
058650,세아홀딩스,2026-08-21,127300.0,1076,1.33
058650,세아홀딩스,2026-08-24,132600.0,1864,1.34
058650,세아홀딩스,2026-08-25,132900.0,937,1.34
058650,세아홀딩스,2026-08-26,135500.0,1241,1.37
058650,세아홀딩스,2026-08-27,133400.0,806,1.37
058650,세아홀딩스,2026-08-28,134700.0,730,1.38
058650,세아홀딩스,2026-08-31,136400.0,751,1.37
058650,세아홀딩스,2026-09-01,138200.0,844,1.37
058650,세아홀딩스,2026-09-02,136900.0,753,1.37
058650,세아홀딩스,2026-09-03,134200.0,912,1.37
058650,세아홀딩스,2026-09-04,133600.0,364,1.37
058650,세아홀딩스,2026-09-07,130800.0,760,1.36
058650,세아홀딩스,2026-09-08,132100.0,588,1.36
058650,세아홀딩스,2026-09-09,132600.0,589,1.37
058650,세아홀딩스,2026-09-10,133600.0,1192,1.37
058650,세아홀딩스,2026-09-11,133800.0,1665,1.36
058650,세아홀딩스,2026-09-14,133700.0,266,1.36
058650,세아홀딩스,2026-09-15,131900.0,492,1.36
058650,세아홀딩스,2026-09-16,131800.0,525,1.36
058650,세아홀딩스,2026-09-17,131300.0,450,1.35
058650,세아홀딩스,2026-09-18,130500.0,831,1.41
058650,세아홀딩스,2026-09-21,130200.0,1352,1.41
058650,세아홀딩스,2026-09-22,130300.0,903,1.42
058650,세아홀딩스,2026-09-23,127600.0,847,1.42
058650,세아홀딩스,2026-09-28,126000.0,1592,1.41
058650,세아홀딩스,2026-09-29,126200.0,1505,1.42
058650,세아홀딩스,2026-09-30,129000.0,611,1.42
058650,세아홀딩스,2026-10-01,130000.0,222,1.42
058650,세아홀딩스,2026-10-02,127800.0,566,1.42
063570,NICE인프라,2026-06-09,3285.0,71312,
063570,NICE인프라,2026-06-10,3280.0,23758,
063570,NICE인프라,2026-06-11,3365.0,22447,
063570,NICE인프라,2026-06-12,3415.0,38849,
063570,NICE인프라,2026-06-15,3450.0,53937,
063570,NICE인프라,2026-06-16,3475.0,39582,
063570,NICE인프라,2026-06-17,3520.0,38990,
063570,NICE인프라,2026-06-18,3410.0,36878,
063570,NICE인프라,2026-06-19,3305.0,65675,
063570,NICE인프라,2026-06-22,3205.0,80771,
063570,NICE인프라,2026-06-23,3015.0,134615,
063570,NICE인프라,2026-06-24,3070.0,67451,
063570,NICE인프라,2026-06-25,2950.0,47960,
063570,NICE인프라,2026-06-26,2875.0,99316,
063570,NICE인프라,2026-06-29,2975.0,128858,
063570,NICE인프라,2026-06-30,3000.0,47286,
063570,NICE인프라,2026-07-01,3115.0,73263,
063570,NICE인프라,2026-07-02,3075.0,57048,
063570,NICE인프라,2026-07-03,3140.0,38172,
063570,NICE인프라,2026-07-06,3130.0,45884,
063570,NICE인프라,2026-07-07,3070.0,66121,
063570,NICE인프라,2026-07-08,3030.0,45857,
063570,NICE인프라,2026-07-09,3040.0,38909,
063570,NICE인프라,2026-07-10,3110.0,20045,
063570,NICE인프라,2026-07-13,3080.0,51772,
063570,NICE인프라,2026-07-14,3085.0,29861,
063570,NICE인프라,2026-07-15,3140.0,16976,
063570,NICE인프라,2026-07-16,3180.0,27132,
063570,NICE인프라,2026-07-20,3080.0,45713,
063570,NICE인프라,2026-07-21,3105.0,12533,
063570,NICE인프라,2026-07-22,3080.0,27674,
063570,NICE인프라,2026-07-23,3125.0,72189,
063570,NICE인프라,2026-07-24,3075.0,111678,2.69
063570,NICE인프라,2026-07-27,3165.0,18975,2.7
063570,NICE인프라,2026-07-28,3095.0,32996,2.72
063570,NICE인프라,2026-07-29,2975.0,79454,2.72
063570,NICE인프라,2026-07-30,3050.0,45268,2.75
063570,NICE인프라,2026-07-31,3110.0,15878,2.77
063570,NICE인프라,2026-08-03,3115.0,19075,2.77
063570,NICE인프라,2026-08-04,3180.0,25673,2.78
063570,NICE인프라,2026-08-05,3190.0,15247,2.77
063570,NICE인프라,2026-08-06,3180.0,23660,2.77
063570,NICE인프라,2026-08-07,3240.0,20646,2.78
063570,NICE인프라,2026-08-10,3280.0,17712,2.78
063570,NICE인프라,2026-08-11,3310.0,23556,2.77
063570,NICE인프라,2026-08-12,3330.0,11002,2.77
063570,NICE인프라,2026-08-13,3325.0,19025,2.76
063570,NICE인프라,2026-08-14,3350.0,24374,2.74
063570,NICE인프라,2026-08-18,3250.0,54860,2.7
063570,NICE인프라,2026-08-19,3325.0,24980,2.69
063570,NICE인프라,2026-08-20,3290.0,36852,2.64
063570,NICE인프라,2026-08-21,3270.0,11195,2.63
063570,NICE인프라,2026-08-24,3270.0,15032,2.63
063570,NICE인프라,2026-08-25,3320.0,8996,2.64
063570,NICE인프라,2026-08-26,3360.0,12257,2.64
063570,NICE인프라,2026-08-27,3400.0,11333,2.64
063570,NICE인프라,2026-08-28,3425.0,8744,2.64
063570,NICE인프라,2026-08-31,3465.0,51356,2.62
063570,NICE인프라,2026-09-01,3490.0,31202,2.62
063570,NICE인프라,2026-09-02,3450.0,14207,2.62
063570,NICE인프라,2026-09-03,3465.0,9617,2.6
063570,NICE인프라,2026-09-04,3450.0,6213,2.6
063570,NICE인프라,2026-09-07,3435.0,18617,2.61
063570,NICE인프라,2026-09-08,3385.0,13907,2.61
063570,NICE인프라,2026-09-09,3395.0,10543,2.61
063570,NICE인프라,2026-09-10,3420.0,5385,2.62
063570,NICE인프라,2026-09-11,3430.0,3896,2.61
063570,NICE인프라,2026-09-14,3390.0,15202,2.6
063570,NICE인프라,2026-09-15,3390.0,3164,2.6
063570,NICE인프라,2026-09-16,3320.0,14841,2.6
063570,NICE인프라,2026-09-17,3360.0,8563,2.57
063570,NICE인프라,2026-09-18,3320.0,15350,2.54
063570,NICE인프라,2026-09-21,3255.0,12988,2.53
063570,NICE인프라,2026-09-22,3200.0,16236,2.52
063570,NICE인프라,2026-09-23,3245.0,27480,2.49
063570,NICE인프라,2026-09-28,3190.0,15243,2.47
063570,NICE인프라,2026-09-29,3210.0,13747,2.46
063570,NICE인프라,2026-09-30,3270.0,26690,2.45
063570,NICE인프라,2026-10-01,3295.0,4032,2.45
063570,NICE인프라,2026-10-02,3310.0,6090,2.44
066620,국보디자인,2026-06-09,24250.0,17738,
066620,국보디자인,2026-06-10,23000.0,64787,
066620,국보디자인,2026-06-11,24700.0,20274,
066620,국보디자인,2026-06-12,24850.0,17411,
066620,국보디자인,2026-06-15,25100.0,22520,
066620,국보디자인,2026-06-16,25050.0,5700,
066620,국보디자인,2026-06-17,24900.0,10587,
066620,국보디자인,2026-06-18,24300.0,15795,
066620,국보디자인,2026-06-19,23650.0,13090,
066620,국보디자인,2026-06-22,23200.0,6658,
066620,국보디자인,2026-06-23,23350.0,16029,
066620,국보디자인,2026-06-24,23200.0,7527,
066620,국보디자인,2026-06-25,24200.0,24018,
066620,국보디자인,2026-06-26,24000.0,21312,
066620,국보디자인,2026-06-29,24000.0,4564,
066620,국보디자인,2026-06-30,23650.0,3203,
066620,국보디자인,2026-07-01,24500.0,2981,
066620,국보디자인,2026-07-02,23850.0,6719,
066620,국보디자인,2026-07-03,23850.0,3031,
066620,국보디자인,2026-07-06,23500.0,11202,
066620,국보디자인,2026-07-07,23550.0,10944,
066620,국보디자인,2026-07-08,23750.0,9073,
066620,국보디자인,2026-07-09,24350.0,12897,
066620,국보디자인,2026-07-10,24450.0,2990,
066620,국보디자인,2026-07-13,24900.0,13330,
066620,국보디자인,2026-07-14,24800.0,7353,
066620,국보디자인,2026-07-15,24550.0,21495,
066620,국보디자인,2026-07-16,23900.0,13802,
066620,국보디자인,2026-07-20,23150.0,40362,
066620,국보디자인,2026-07-21,23850.0,3509,
066620,국보디자인,2026-07-22,23350.0,3145,
066620,국보디자인,2026-07-23,23250.0,2084,
066620,국보디자인,2026-07-24,23300.0,5077,13.77
066620,국보디자인,2026-07-27,23550.0,3522,13.77
066620,국보디자인,2026-07-28,23200.0,15695,13.83
066620,국보디자인,2026-07-29,23100.0,15698,13.79
066620,국보디자인,2026-07-30,23200.0,3818,13.79
066620,국보디자인,2026-07-31,23000.0,6150,13.78
066620,국보디자인,2026-08-03,23200.0,2549,13.79
066620,국보디자인,2026-08-04,23500.0,1158,13.79
066620,국보디자인,2026-08-05,24050.0,3673,13.82
066620,국보디자인,2026-08-06,24250.0,1725,13.83
066620,국보디자인,2026-08-07,24100.0,4132,13.82
066620,국보디자인,2026-08-10,24450.0,2871,13.84
066620,국보디자인,2026-08-11,24850.0,2865,13.84
066620,국보디자인,2026-08-12,24150.0,4650,13.82
066620,국보디자인,2026-08-13,24750.0,7118,13.81
066620,국보디자인,2026-08-14,25200.0,6768,13.8
066620,국보디자인,2026-08-18,24350.0,12979,13.77
066620,국보디자인,2026-08-19,23850.0,4403,13.76
066620,국보디자인,2026-08-20,24150.0,2361,13.73
066620,국보디자인,2026-08-21,24350.0,16451,13.73
066620,국보디자인,2026-08-24,25350.0,3066,13.74
066620,국보디자인,2026-08-25,24950.0,4831,13.71
066620,국보디자인,2026-08-26,25500.0,7986,13.66
066620,국보디자인,2026-08-27,24950.0,6700,13.63
066620,국보디자인,2026-08-28,25350.0,5049,13.61
066620,국보디자인,2026-08-31,25800.0,7055,13.64
066620,국보디자인,2026-09-01,26500.0,9613,13.63
066620,국보디자인,2026-09-02,26000.0,20130,13.67
066620,국보디자인,2026-09-03,25850.0,5920,13.67
066620,국보디자인,2026-09-04,26500.0,2524,13.66
066620,국보디자인,2026-09-07,25800.0,4885,13.65
066620,국보디자인,2026-09-08,26100.0,3820,13.67
066620,국보디자인,2026-09-09,25650.0,2640,13.67
066620,국보디자인,2026-09-10,25550.0,2387,13.66
066620,국보디자인,2026-09-11,25700.0,2283,13.67
066620,국보디자인,2026-09-14,25400.0,2868,13.67
066620,국보디자인,2026-09-15,25000.0,7415,13.71
066620,국보디자인,2026-09-16,25150.0,4589,13.72
066620,국보디자인,2026-09-17,25350.0,437,13.71
066620,국보디자인,2026-09-18,25750.0,1284,13.71
066620,국보디자인,2026-09-21,24550.0,2530,13.69
066620,국보디자인,2026-09-22,25000.0,2836,13.7
066620,국보디자인,2026-09-23,25200.0,3420,13.67
066620,국보디자인,2026-09-28,25050.0,4634,13.69
066620,국보디자인,2026-09-29,24850.0,3401,13.69
066620,국보디자인,2026-09-30,24750.0,3192,13.68
066620,국보디자인,2026-10-01,25100.0,4967,13.65
066620,국보디자인,2026-10-02,24600.0,2641,13.63
068790,DMS,2026-06-09,5180.0,122583,
068790,DMS,2026-06-10,5020.0,59292,
068790,DMS,2026-06-11,5070.0,69522,
068790,DMS,2026-06-12,5250.0,40198,
068790,DMS,2026-06-15,5320.0,66083,
068790,DMS,2026-06-16,5230.0,37977,
068790,DMS,2026-06-17,5210.0,50467,
068790,DMS,2026-06-18,5020.0,49703,
068790,DMS,2026-06-19,4905.0,97470,
068790,DMS,2026-06-22,4780.0,48509,
068790,DMS,2026-06-23,4465.0,58416,
068790,DMS,2026-06-24,4360.0,76565,
068790,DMS,2026-06-25,4425.0,78790,
068790,DMS,2026-06-26,4670.0,95514,
068790,DMS,2026-06-29,5270.0,182419,
068790,DMS,2026-06-30,5110.0,47106,
068790,DMS,2026-07-01,5180.0,38826,
068790,DMS,2026-07-02,5400.0,63542,
068790,DMS,2026-07-03,5850.0,104475,
068790,DMS,2026-07-06,6070.0,115908,
068790,DMS,2026-07-07,6100.0,56780,
068790,DMS,2026-07-08,6230.0,69302,
068790,DMS,2026-07-09,6260.0,37211,
068790,DMS,2026-07-10,6890.0,117613,
068790,DMS,2026-07-13,6450.0,60627,
068790,DMS,2026-07-14,6550.0,77784,
068790,DMS,2026-07-15,7070.0,93883,
068790,DMS,2026-07-16,7190.0,74988,
068790,DMS,2026-07-20,7650.0,377621,
068790,DMS,2026-07-21,8530.0,410837,
068790,DMS,2026-07-22,8320.0,185773,
068790,DMS,2026-07-23,8230.0,141622,
068790,DMS,2026-07-24,8010.0,283640,5.1
068790,DMS,2026-07-27,7580.0,208291,5.17
068790,DMS,2026-07-28,7370.0,257842,4.82
068790,DMS,2026-07-29,7190.0,249167,4.79
068790,DMS,2026-07-30,7800.0,147170,4.88
068790,DMS,2026-07-31,8150.0,239690,4.83
068790,DMS,2026-08-03,8150.0,106719,4.9
068790,DMS,2026-08-04,8100.0,94285,4.84
068790,DMS,2026-08-05,8120.0,137799,4.86
068790,DMS,2026-08-06,8240.0,221598,4.89
068790,DMS,2026-08-07,8100.0,101099,4.72
068790,DMS,2026-08-10,8110.0,79669,4.69
068790,DMS,2026-08-11,8160.0,69428,4.63
068790,DMS,2026-08-12,7570.0,172950,4.53
068790,DMS,2026-08-13,7440.0,112610,4.55
068790,DMS,2026-08-14,7280.0,209061,4.67
068790,DMS,2026-08-18,7430.0,94507,4.67
068790,DMS,2026-08-19,7440.0,71834,4.61
068790,DMS,2026-08-20,7650.0,96281,4.58
068790,DMS,2026-08-21,7560.0,92926,4.48
068790,DMS,2026-08-24,7610.0,86540,4.5
068790,DMS,2026-08-25,7620.0,74349,4.46
068790,DMS,2026-08-26,7410.0,62637,4.38
068790,DMS,2026-08-27,7290.0,20411,4.38
068790,DMS,2026-08-28,7250.0,11137,4.36
068790,DMS,2026-08-31,7230.0,12257,4.33
068790,DMS,2026-09-01,7170.0,8950,4.31
068790,DMS,2026-09-02,6550.0,69960,4.29
068790,DMS,2026-09-03,6660.0,91015,4.26
068790,DMS,2026-09-04,6670.0,18468,4.24
068790,DMS,2026-09-07,6700.0,18409,4.28
068790,DMS,2026-09-08,6610.0,20394,4.24
068790,DMS,2026-09-09,6740.0,14924,4.26
068790,DMS,2026-09-10,7190.0,45317,4.24
068790,DMS,2026-09-11,6880.0,22580,4.18
068790,DMS,2026-09-14,6860.0,28453,4.2
068790,DMS,2026-09-15,6800.0,20510,4.18
068790,DMS,2026-09-16,6990.0,13690,4.29
068790,DMS,2026-09-17,7160.0,37361,4.29
068790,DMS,2026-09-18,7300.0,36639,4.33
068790,DMS,2026-09-21,7260.0,15835,4.3
068790,DMS,2026-09-22,7800.0,192367,4.66
068790,DMS,2026-09-23,7820.0,27995,4.54
068790,DMS,2026-09-28,7980.0,97341,4.68
068790,DMS,2026-09-29,8110.0,36886,4.66
068790,DMS,2026-09-30,8020.0,56165,4.52
068790,DMS,2026-10-01,8140.0,98799,4.6
068790,DMS,2026-10-02,8070.0,34717,4.59
069260,TKG휴켐스,2026-06-09,15400.0,110239,
069260,TKG휴켐스,2026-06-10,15210.0,259977,
069260,TKG휴켐스,2026-06-11,16060.0,531941,
069260,TKG휴켐스,2026-06-12,15690.0,314933,
069260,TKG휴켐스,2026-06-15,16700.0,311155,
069260,TKG휴켐스,2026-06-16,16710.0,98680,
069260,TKG휴켐스,2026-06-17,17290.0,156083,
069260,TKG휴켐스,2026-06-18,16840.0,135225,
069260,TKG휴켐스,2026-06-19,16150.0,123245,
069260,TKG휴켐스,2026-06-22,15920.0,80624,
069260,TKG휴켐스,2026-06-23,15340.0,104813,
069260,TKG휴켐스,2026-06-24,15480.0,122803,
069260,TKG휴켐스,2026-06-25,15250.0,109348,
069260,TKG휴켐스,2026-06-26,14950.0,107571,
069260,TKG휴켐스,2026-06-29,15580.0,116937,
069260,TKG휴켐스,2026-06-30,15200.0,83819,
069260,TKG휴켐스,2026-07-01,15820.0,83296,
069260,TKG휴켐스,2026-07-02,16060.0,76807,
069260,TKG휴켐스,2026-07-03,15850.0,102013,
069260,TKG휴켐스,2026-07-06,15660.0,49672,
069260,TKG휴켐스,2026-07-07,15720.0,73088,
069260,TKG휴켐스,2026-07-08,15620.0,69922,
069260,TKG휴켐스,2026-07-09,16040.0,200544,
069260,TKG휴켐스,2026-07-10,15440.0,109488,
069260,TKG휴켐스,2026-07-13,15520.0,73855,
069260,TKG휴켐스,2026-07-14,15190.0,77835,
069260,TKG휴켐스,2026-07-15,15540.0,56023,
069260,TKG휴켐스,2026-07-16,15450.0,49246,
069260,TKG휴켐스,2026-07-20,15270.0,52890,
069260,TKG휴켐스,2026-07-21,15110.0,51889,
069260,TKG휴켐스,2026-07-22,15000.0,38325,
069260,TKG휴켐스,2026-07-23,15360.0,51984,
069260,TKG휴켐스,2026-07-24,15210.0,38185,8.32
069260,TKG휴켐스,2026-07-27,15170.0,47480,8.28
069260,TKG휴켐스,2026-07-28,14640.0,105814,8.19
069260,TKG휴켐스,2026-07-29,14440.0,125250,8.13
069260,TKG휴켐스,2026-07-30,14650.0,71301,8.12
069260,TKG휴켐스,2026-07-31,14890.0,69531,8.14
069260,TKG휴켐스,2026-08-03,14710.0,68700,8.09
069260,TKG휴켐스,2026-08-04,15020.0,71885,8.12
069260,TKG휴켐스,2026-08-05,15270.0,52523,8.13
069260,TKG휴켐스,2026-08-06,15700.0,54558,8.17
069260,TKG휴켐스,2026-08-07,16450.0,135484,8.18
069260,TKG휴켐스,2026-08-10,16200.0,59443,8.16
069260,TKG휴켐스,2026-08-11,16260.0,49249,8.18
069260,TKG휴켐스,2026-08-12,16120.0,73871,8.19
069260,TKG휴켐스,2026-08-13,16060.0,89853,8.17
069260,TKG휴켐스,2026-08-14,16350.0,48319,8.18
069260,TKG휴켐스,2026-08-18,16130.0,42806,8.16
069260,TKG휴켐스,2026-08-19,15910.0,40042,8.14
069260,TKG휴켐스,2026-08-20,15880.0,42137,8.07
069260,TKG휴켐스,2026-08-21,15730.0,40054,8.07
069260,TKG휴켐스,2026-08-24,15980.0,32735,8.09
069260,TKG휴켐스,2026-08-25,16120.0,40899,8.11
069260,TKG휴켐스,2026-08-26,16230.0,32506,8.13
069260,TKG휴켐스,2026-08-27,16170.0,34066,8.11
069260,TKG휴켐스,2026-08-28,16390.0,47163,8.16
069260,TKG휴켐스,2026-08-31,16430.0,34204,8.16
069260,TKG휴켐스,2026-09-01,16420.0,38471,8.15
069260,TKG휴켐스,2026-09-02,16160.0,35113,8.13
069260,TKG휴켐스,2026-09-03,16330.0,52141,8.15
069260,TKG휴켐스,2026-09-04,16320.0,51221,8.06
069260,TKG휴켐스,2026-09-07,16460.0,51841,8.02
069260,TKG휴켐스,2026-09-08,16440.0,32678,7.99
069260,TKG휴켐스,2026-09-09,16520.0,29470,8.0
069260,TKG휴켐스,2026-09-10,16610.0,79714,8.08
069260,TKG휴켐스,2026-09-11,16430.0,41699,8.08
069260,TKG휴켐스,2026-09-14,16500.0,31409,8.08
069260,TKG휴켐스,2026-09-15,16340.0,43797,8.07
069260,TKG휴켐스,2026-09-16,16290.0,33077,8.21
069260,TKG휴켐스,2026-09-17,16540.0,31353,8.02
069260,TKG휴켐스,2026-09-18,16210.0,49769,7.95
069260,TKG휴켐스,2026-09-21,16240.0,29197,7.93
069260,TKG휴켐스,2026-09-22,16190.0,31074,7.89
069260,TKG휴켐스,2026-09-23,16200.0,33108,7.87
069260,TKG휴켐스,2026-09-28,16360.0,191829,7.88
069260,TKG휴켐스,2026-09-29,16120.0,72387,7.87
069260,TKG휴켐스,2026-09-30,15750.0,89076,7.78
069260,TKG휴켐스,2026-10-01,15730.0,47157,7.73
069260,TKG휴켐스,2026-10-02,15990.0,28959,7.74
069960,현대백화점,2026-06-09,166800.0,363083,
069960,현대백화점,2026-06-10,170900.0,249098,
069960,현대백화점,2026-06-11,187100.0,427583,
069960,현대백화점,2026-06-12,177300.0,408818,
069960,현대백화점,2026-06-15,183200.0,208923,
069960,현대백화점,2026-06-16,198400.0,178645,
069960,현대백화점,2026-06-17,207000.0,162888,
069960,현대백화점,2026-06-18,204000.0,181256,
069960,현대백화점,2026-06-19,194700.0,232419,
069960,현대백화점,2026-06-22,196000.0,114716,
069960,현대백화점,2026-06-23,191600.0,159306,
069960,현대백화점,2026-06-24,189100.0,128672,
069960,현대백화점,2026-06-25,195500.0,145932,
069960,현대백화점,2026-06-26,200500.0,191716,
069960,현대백화점,2026-06-29,193700.0,211210,
069960,현대백화점,2026-06-30,193700.0,263538,
069960,현대백화점,2026-07-01,194000.0,227799,
069960,현대백화점,2026-07-02,186300.0,117569,
069960,현대백화점,2026-07-03,179400.0,200060,
069960,현대백화점,2026-07-06,176500.0,168416,
069960,현대백화점,2026-07-07,176300.0,161199,
069960,현대백화점,2026-07-08,168700.0,153479,
069960,현대백화점,2026-07-09,167600.0,163905,
069960,현대백화점,2026-07-10,167100.0,104116,
069960,현대백화점,2026-07-13,157900.0,172300,
069960,현대백화점,2026-07-14,153700.0,164879,
069960,현대백화점,2026-07-15,159100.0,208401,
069960,현대백화점,2026-07-16,157400.0,71162,
069960,현대백화점,2026-07-20,136400.0,191295,
069960,현대백화점,2026-07-21,140100.0,147277,
069960,현대백화점,2026-07-22,139100.0,159081,
069960,현대백화점,2026-07-23,139600.0,185388,
069960,현대백화점,2026-07-24,129600.0,155562,26.76
069960,현대백화점,2026-07-27,137100.0,95424,26.84
069960,현대백화점,2026-07-28,127400.0,92096,26.98
069960,현대백화점,2026-07-29,118900.0,161918,27.19
069960,현대백화점,2026-07-30,113300.0,146776,27.12
069960,현대백화점,2026-07-31,118800.0,132674,27.19
069960,현대백화점,2026-08-03,116000.0,158436,27.27
069960,현대백화점,2026-08-04,118400.0,178548,27.62
069960,현대백화점,2026-08-05,110100.0,456795,27.53
069960,현대백화점,2026-08-06,106400.0,368408,28.11
069960,현대백화점,2026-08-07,101800.0,217326,28.3
069960,현대백화점,2026-08-10,103800.0,181087,28.46
069960,현대백화점,2026-08-11,101300.0,126546,28.52
069960,현대백화점,2026-08-12,97800.0,283271,28.64
069960,현대백화점,2026-08-13,99700.0,316916,28.83
069960,현대백화점,2026-08-14,102200.0,117886,28.76
069960,현대백화점,2026-08-18,100000.0,182793,28.42
069960,현대백화점,2026-08-19,94800.0,103859,28.41
069960,현대백화점,2026-08-20,94500.0,124106,28.44
069960,현대백화점,2026-08-21,93400.0,98224,28.5
069960,현대백화점,2026-08-24,93700.0,102482,28.46
069960,현대백화점,2026-08-25,93100.0,128932,28.54
069960,현대백화점,2026-08-26,95500.0,182369,28.7
069960,현대백화점,2026-08-27,95200.0,133994,28.66
069960,현대백화점,2026-08-28,93400.0,94673,28.64
069960,현대백화점,2026-08-31,95400.0,132397,28.67
069960,현대백화점,2026-09-01,97800.0,204451,28.6
069960,현대백화점,2026-09-02,92700.0,170820,28.07
069960,현대백화점,2026-09-03,94600.0,172755,27.8
069960,현대백화점,2026-09-04,96200.0,126294,27.62
069960,현대백화점,2026-09-07,97700.0,160258,27.45
069960,현대백화점,2026-09-08,100500.0,225891,27.32
069960,현대백화점,2026-09-09,97400.0,139180,26.82
069960,현대백화점,2026-09-10,99300.0,170291,26.62
069960,현대백화점,2026-09-11,99000.0,110708,26.4
069960,현대백화점,2026-09-14,99000.0,124175,26.12
069960,현대백화점,2026-09-15,98300.0,86271,25.93
069960,현대백화점,2026-09-16,98200.0,144924,25.52
069960,현대백화점,2026-09-17,101100.0,118603,25.37
069960,현대백화점,2026-09-18,99100.0,106972,25.09
069960,현대백화점,2026-09-21,100200.0,60505,25.18
069960,현대백화점,2026-09-22,99000.0,78908,25.01
069960,현대백화점,2026-09-23,96900.0,110035,24.94
069960,현대백화점,2026-09-28,91200.0,144269,24.87
069960,현대백화점,2026-09-29,89500.0,123738,25.01
069960,현대백화점,2026-09-30,89400.0,84467,25.05
069960,현대백화점,2026-10-01,89000.0,49738,24.98
069960,현대백화점,2026-10-02,88800.0,55212,25.0
074600,원익QnC,2026-06-09,33700.0,762933,
074600,원익QnC,2026-06-10,33450.0,447370,
074600,원익QnC,2026-06-11,36200.0,656809,
074600,원익QnC,2026-06-12,42150.0,1897400,
074600,원익QnC,2026-06-15,41100.0,557925,
074600,원익QnC,2026-06-16,40000.0,427406,
074600,원익QnC,2026-06-17,40250.0,427700,
074600,원익QnC,2026-06-18,37850.0,410788,
074600,원익QnC,2026-06-19,35650.0,474133,
074600,원익QnC,2026-06-22,39050.0,644335,
074600,원익QnC,2026-06-23,34450.0,377098,
074600,원익QnC,2026-06-24,34000.0,354189,
074600,원익QnC,2026-06-25,34300.0,353524,
074600,원익QnC,2026-06-26,32600.0,370646,
074600,원익QnC,2026-06-29,35300.0,369714,
074600,원익QnC,2026-06-30,35150.0,313274,
074600,원익QnC,2026-07-01,36850.0,693704,
074600,원익QnC,2026-07-02,31700.0,289010,
074600,원익QnC,2026-07-03,31200.0,399962,
074600,원익QnC,2026-07-06,31150.0,346388,
074600,원익QnC,2026-07-07,30750.0,321780,
074600,원익QnC,2026-07-08,28300.0,461265,
074600,원익QnC,2026-07-09,29000.0,507858,
074600,원익QnC,2026-07-10,31150.0,282000,
074600,원익QnC,2026-07-13,30250.0,296322,
074600,원익QnC,2026-07-14,29450.0,255209,
074600,원익QnC,2026-07-15,31950.0,270555,
074600,원익QnC,2026-07-16,29000.0,207288,
074600,원익QnC,2026-07-20,27600.0,197177,
074600,원익QnC,2026-07-21,27500.0,307335,
074600,원익QnC,2026-07-22,26850.0,231609,
074600,원익QnC,2026-07-23,27650.0,248883,
074600,원익QnC,2026-07-24,25850.0,201319,10.9
074600,원익QnC,2026-07-27,26750.0,173314,10.99
074600,원익QnC,2026-07-28,22950.0,487683,11.64
074600,원익QnC,2026-07-29,21550.0,659530,11.94
074600,원익QnC,2026-07-30,20650.0,438960,11.77
074600,원익QnC,2026-07-31,24700.0,373391,11.66
074600,원익QnC,2026-08-03,25550.0,269580,11.58
074600,원익QnC,2026-08-04,26700.0,258119,11.46
074600,원익QnC,2026-08-05,27900.0,180991,11.48
074600,원익QnC,2026-08-06,27800.0,236170,11.51
074600,원익QnC,2026-08-07,27700.0,161893,11.43
074600,원익QnC,2026-08-10,29950.0,241554,11.57
074600,원익QnC,2026-08-11,30150.0,140617,11.56
074600,원익QnC,2026-08-12,31750.0,334130,11.64
074600,원익QnC,2026-08-13,30200.0,430631,11.1
074600,원익QnC,2026-08-14,29150.0,413692,11.08
074600,원익QnC,2026-08-18,27800.0,418164,11.51
074600,원익QnC,2026-08-19,27350.0,186442,11.86
074600,원익QnC,2026-08-20,27850.0,191912,12.1
074600,원익QnC,2026-08-21,26300.0,169219,12.07
074600,원익QnC,2026-08-24,26100.0,156349,12.12
074600,원익QnC,2026-08-25,26900.0,248353,12.38
074600,원익QnC,2026-08-26,26700.0,174014,12.35
074600,원익QnC,2026-08-27,26700.0,182302,12.27
074600,원익QnC,2026-08-28,26150.0,159085,12.23
074600,원익QnC,2026-08-31,26250.0,171158,12.25
074600,원익QnC,2026-09-01,25750.0,148949,12.18
074600,원익QnC,2026-09-02,25400.0,175261,12.25
074600,원익QnC,2026-09-03,25250.0,181693,12.24
074600,원익QnC,2026-09-04,25750.0,115420,12.21
074600,원익QnC,2026-09-07,27100.0,148745,12.23
074600,원익QnC,2026-09-08,26450.0,169482,12.25
074600,원익QnC,2026-09-09,26650.0,191382,12.23
074600,원익QnC,2026-09-10,26900.0,225661,12.43
074600,원익QnC,2026-09-11,26200.0,140788,12.53
074600,원익QnC,2026-09-14,25400.0,115859,12.59
074600,원익QnC,2026-09-15,26500.0,170593,12.61
074600,원익QnC,2026-09-16,26800.0,146896,12.7
074600,원익QnC,2026-09-17,27550.0,191958,12.74
074600,원익QnC,2026-09-18,28150.0,175088,12.79
074600,원익QnC,2026-09-21,29150.0,203825,12.88
074600,원익QnC,2026-09-22,28750.0,188519,12.76
074600,원익QnC,2026-09-23,29450.0,204853,12.9
074600,원익QnC,2026-09-28,28300.0,103435,12.95
074600,원익QnC,2026-09-29,29950.0,232832,13.13
074600,원익QnC,2026-09-30,30550.0,304924,12.94
074600,원익QnC,2026-10-01,32600.0,320248,12.94
074600,원익QnC,2026-10-02,32650.0,220936,12.75
075580,세진중공업,2026-06-09,13240.0,161357,
075580,세진중공업,2026-06-10,13930.0,145808,
075580,세진중공업,2026-06-11,14890.0,553982,
075580,세진중공업,2026-06-12,14690.0,198374,
075580,세진중공업,2026-06-15,15920.0,172693,
075580,세진중공업,2026-06-16,16160.0,190647,
075580,세진중공업,2026-06-17,16400.0,222318,
075580,세진중공업,2026-06-18,15350.0,170495,
075580,세진중공업,2026-06-19,14630.0,178011,
075580,세진중공업,2026-06-22,14310.0,151739,
075580,세진중공업,2026-06-23,13100.0,196549,
075580,세진중공업,2026-06-24,14240.0,173282,
075580,세진중공업,2026-06-25,13730.0,97044,
075580,세진중공업,2026-06-26,13100.0,167710,
075580,세진중공업,2026-06-29,13940.0,109142,
075580,세진중공업,2026-06-30,13210.0,154443,
075580,세진중공업,2026-07-01,13780.0,98080,
075580,세진중공업,2026-07-02,13160.0,116056,
075580,세진중공업,2026-07-03,13430.0,105890,
075580,세진중공업,2026-07-06,13320.0,95543,
075580,세진중공업,2026-07-07,12310.0,192630,
075580,세진중공업,2026-07-08,11390.0,195599,
075580,세진중공업,2026-07-09,11330.0,119795,
075580,세진중공업,2026-07-10,12000.0,83469,
075580,세진중공업,2026-07-13,11350.0,78577,
075580,세진중공업,2026-07-14,10750.0,227151,
075580,세진중공업,2026-07-15,11460.0,146668,
075580,세진중공업,2026-07-16,12170.0,388043,
075580,세진중공업,2026-07-20,12060.0,574477,
075580,세진중공업,2026-07-21,11520.0,308860,
075580,세진중공업,2026-07-22,11540.0,326893,
075580,세진중공업,2026-07-23,12300.0,363971,
075580,세진중공업,2026-07-24,12230.0,1746018,2.38
075580,세진중공업,2026-07-27,11770.0,291128,2.33
075580,세진중공업,2026-07-28,10360.0,215796,2.27
075580,세진중공업,2026-07-29,9210.0,403368,2.5
075580,세진중공업,2026-07-30,9270.0,249118,2.62
075580,세진중공업,2026-07-31,10120.0,309085,2.64
075580,세진중공업,2026-08-03,9930.0,140572,2.61
075580,세진중공업,2026-08-04,10480.0,201434,2.67
075580,세진중공업,2026-08-05,11210.0,223193,2.73
075580,세진중공업,2026-08-06,11000.0,218648,2.5
075580,세진중공업,2026-08-07,10860.0,129754,2.45
075580,세진중공업,2026-08-10,11580.0,174506,2.57
075580,세진중공업,2026-08-11,11290.0,134778,2.5
075580,세진중공업,2026-08-12,11510.0,121568,2.62
075580,세진중공업,2026-08-13,11500.0,133195,2.62
075580,세진중공업,2026-08-14,11960.0,230728,2.79
075580,세진중공업,2026-08-18,11090.0,230823,2.57
075580,세진중공업,2026-08-19,10770.0,96791,2.54
075580,세진중공업,2026-08-20,10720.0,131508,2.49
075580,세진중공업,2026-08-21,10110.0,112374,2.45
075580,세진중공업,2026-08-24,10110.0,76714,2.45
075580,세진중공업,2026-08-25,10550.0,98833,2.5
075580,세진중공업,2026-08-26,10680.0,94873,2.47
075580,세진중공업,2026-08-27,10710.0,79052,2.48
075580,세진중공업,2026-08-28,10660.0,79451,2.46
075580,세진중공업,2026-08-31,10380.0,528538,2.41
075580,세진중공업,2026-09-01,10440.0,87839,2.41
075580,세진중공업,2026-09-02,9880.0,127286,2.27
075580,세진중공업,2026-09-03,10190.0,142697,2.39
075580,세진중공업,2026-09-04,10280.0,46514,2.4
075580,세진중공업,2026-09-07,10360.0,87031,2.43
075580,세진중공업,2026-09-08,10310.0,78101,2.46
075580,세진중공업,2026-09-09,10450.0,68237,2.46
075580,세진중공업,2026-09-10,10380.0,102463,2.52
075580,세진중공업,2026-09-11,10390.0,90524,2.53
075580,세진중공업,2026-09-14,10290.0,111181,2.47
075580,세진중공업,2026-09-15,10110.0,132760,2.38
075580,세진중공업,2026-09-16,10050.0,56887,2.36
075580,세진중공업,2026-09-17,10410.0,120686,2.55
075580,세진중공업,2026-09-18,10350.0,55154,2.51
075580,세진중공업,2026-09-21,10210.0,64430,2.43
075580,세진중공업,2026-09-22,10090.0,83966,2.38
075580,세진중공업,2026-09-23,10020.0,110652,2.3
075580,세진중공업,2026-09-28,9990.0,49269,2.32
075580,세진중공업,2026-09-29,9700.0,369677,2.37
075580,세진중공업,2026-09-30,9770.0,96498,2.44
075580,세진중공업,2026-10-01,9960.0,88844,2.5
075580,세진중공업,2026-10-02,10010.0,111307,2.6
079430,현대리바트,2026-06-09,6230.0,55061,
079430,현대리바트,2026-06-10,6300.0,37054,
079430,현대리바트,2026-06-11,6170.0,41167,
079430,현대리바트,2026-06-12,6450.0,124682,
079430,현대리바트,2026-06-15,6480.0,81499,
079430,현대리바트,2026-06-16,6530.0,84513,
079430,현대리바트,2026-06-17,6480.0,53728,
079430,현대리바트,2026-06-18,6260.0,53070,
079430,현대리바트,2026-06-19,6160.0,93404,
079430,현대리바트,2026-06-22,6090.0,84046,
079430,현대리바트,2026-06-23,5750.0,63211,
079430,현대리바트,2026-06-24,5870.0,62447,
079430,현대리바트,2026-06-25,5740.0,62298,
079430,현대리바트,2026-06-26,5620.0,129771,
079430,현대리바트,2026-06-29,5900.0,28445,
079430,현대리바트,2026-06-30,5780.0,17393,
079430,현대리바트,2026-07-01,5830.0,28240,
079430,현대리바트,2026-07-02,5790.0,68280,
079430,현대리바트,2026-07-03,5900.0,59551,
079430,현대리바트,2026-07-06,5970.0,38016,
079430,현대리바트,2026-07-07,6010.0,54827,
079430,현대리바트,2026-07-08,5810.0,34039,
079430,현대리바트,2026-07-09,5670.0,39405,
079430,현대리바트,2026-07-10,5840.0,16493,
079430,현대리바트,2026-07-13,5600.0,39751,
079430,현대리바트,2026-07-14,5640.0,93186,
079430,현대리바트,2026-07-15,5660.0,23368,
079430,현대리바트,2026-07-16,5740.0,36380,
079430,현대리바트,2026-07-20,5650.0,16369,
079430,현대리바트,2026-07-21,5560.0,35135,
079430,현대리바트,2026-07-22,5530.0,8289,
079430,현대리바트,2026-07-23,5690.0,31479,
079430,현대리바트,2026-07-24,5690.0,18817,3.45
079430,현대리바트,2026-07-27,5730.0,19345,3.47
079430,현대리바트,2026-07-28,5490.0,56775,3.51
079430,현대리바트,2026-07-29,5370.0,57830,3.49
079430,현대리바트,2026-07-30,5370.0,49708,3.63
079430,현대리바트,2026-07-31,5490.0,30111,3.61
079430,현대리바트,2026-08-03,5590.0,23661,3.63
079430,현대리바트,2026-08-04,5780.0,55634,3.67
079430,현대리바트,2026-08-05,5970.0,65705,3.9
079430,현대리바트,2026-08-06,5910.0,18580,3.87
079430,현대리바트,2026-08-07,5910.0,24787,3.9
079430,현대리바트,2026-08-10,5910.0,26040,3.91
079430,현대리바트,2026-08-11,5970.0,17951,3.92
079430,현대리바트,2026-08-12,5980.0,30464,3.9
079430,현대리바트,2026-08-13,5910.0,51260,3.75
079430,현대리바트,2026-08-14,6050.0,21426,3.76
079430,현대리바트,2026-08-18,6050.0,28649,3.73
079430,현대리바트,2026-08-19,5980.0,42555,3.73
079430,현대리바트,2026-08-20,6040.0,17290,3.7
079430,현대리바트,2026-08-21,5930.0,24487,3.61
079430,현대리바트,2026-08-24,5990.0,11901,3.63
079430,현대리바트,2026-08-25,6070.0,26347,3.66
079430,현대리바트,2026-08-26,6140.0,12154,3.69
079430,현대리바트,2026-08-27,6100.0,13757,3.69
079430,현대리바트,2026-08-28,6100.0,43219,3.77
079430,현대리바트,2026-08-31,6040.0,24154,3.73
079430,현대리바트,2026-09-01,6040.0,6314,3.72
079430,현대리바트,2026-09-02,6010.0,36284,3.71
079430,현대리바트,2026-09-03,5970.0,16829,3.7
079430,현대리바트,2026-09-04,5980.0,9052,3.69
079430,현대리바트,2026-09-07,6020.0,6559,3.7
079430,현대리바트,2026-09-08,5940.0,22506,3.72
079430,현대리바트,2026-09-09,5930.0,12030,3.55
079430,현대리바트,2026-09-10,5980.0,10738,3.54
079430,현대리바트,2026-09-11,5900.0,8927,3.55
079430,현대리바트,2026-09-14,5860.0,19245,3.54
079430,현대리바트,2026-09-15,5690.0,21732,3.41
079430,현대리바트,2026-09-16,5850.0,8004,3.41
079430,현대리바트,2026-09-17,5710.0,8536,3.51
079430,현대리바트,2026-09-18,5750.0,11951,3.5
079430,현대리바트,2026-09-21,5730.0,11226,3.47
079430,현대리바트,2026-09-22,5800.0,10960,3.44
079430,현대리바트,2026-09-23,5670.0,13015,3.42
079430,현대리바트,2026-09-28,5700.0,5332,3.42
079430,현대리바트,2026-09-29,5800.0,3833,3.41
079430,현대리바트,2026-09-30,5730.0,23938,3.41
079430,현대리바트,2026-10-01,5750.0,6396,3.4
079430,현대리바트,2026-10-02,5660.0,12188,3.39
082920,비츠로셀,2026-06-09,47700.0,489294,
082920,비츠로셀,2026-06-10,45150.0,1038329,
082920,비츠로셀,2026-06-11,45800.0,2191764,
082920,비츠로셀,2026-06-12,46900.0,940762,
082920,비츠로셀,2026-06-15,46250.0,338801,
082920,비츠로셀,2026-06-16,48450.0,455011,
082920,비츠로셀,2026-06-17,43800.0,556066,
082920,비츠로셀,2026-06-18,43550.0,489074,
082920,비츠로셀,2026-06-19,43600.0,430626,
082920,비츠로셀,2026-06-22,43000.0,223999,
082920,비츠로셀,2026-06-23,40950.0,304896,
082920,비츠로셀,2026-06-24,40450.0,207213,
082920,비츠로셀,2026-06-25,38900.0,284438,
082920,비츠로셀,2026-06-26,36950.0,422551,
082920,비츠로셀,2026-06-29,39800.0,372233,
082920,비츠로셀,2026-06-30,40500.0,233561,
082920,비츠로셀,2026-07-01,41700.0,215858,
082920,비츠로셀,2026-07-02,36850.0,249653,
082920,비츠로셀,2026-07-03,37000.0,325117,
082920,비츠로셀,2026-07-06,36000.0,337219,
082920,비츠로셀,2026-07-07,34600.0,405852,
082920,비츠로셀,2026-07-08,31500.0,641018,
082920,비츠로셀,2026-07-09,31450.0,406866,
082920,비츠로셀,2026-07-10,31100.0,375353,
082920,비츠로셀,2026-07-13,28950.0,441975,
082920,비츠로셀,2026-07-14,27750.0,463591,
082920,비츠로셀,2026-07-15,29100.0,276249,
082920,비츠로셀,2026-07-16,28900.0,222797,
082920,비츠로셀,2026-07-20,26350.0,221711,
082920,비츠로셀,2026-07-21,29000.0,458989,
082920,비츠로셀,2026-07-22,29250.0,346289,
082920,비츠로셀,2026-07-23,32200.0,462762,
082920,비츠로셀,2026-07-24,31100.0,319615,31.49
082920,비츠로셀,2026-07-27,30600.0,331155,31.19
082920,비츠로셀,2026-07-28,29600.0,276134,31.2
082920,비츠로셀,2026-07-29,26100.0,425969,31.02
082920,비츠로셀,2026-07-30,24500.0,260966,31.02
082920,비츠로셀,2026-07-31,27500.0,386656,31.18
082920,비츠로셀,2026-08-03,28450.0,337005,31.23
082920,비츠로셀,2026-08-04,31000.0,624060,30.92
082920,비츠로셀,2026-08-05,32050.0,404117,30.83
082920,비츠로셀,2026-08-06,31500.0,249699,30.78
082920,비츠로셀,2026-08-07,31000.0,317109,30.73
082920,비츠로셀,2026-08-10,33500.0,635094,30.08
082920,비츠로셀,2026-08-11,34950.0,496801,29.69
082920,비츠로셀,2026-08-12,34150.0,334410,29.54
082920,비츠로셀,2026-08-13,33000.0,268802,29.31
082920,비츠로셀,2026-08-14,31700.0,359831,29.13
082920,비츠로셀,2026-08-18,30550.0,364935,29.21
082920,비츠로셀,2026-08-19,34750.0,685601,29.34
082920,비츠로셀,2026-08-20,34250.0,331546,29.08
082920,비츠로셀,2026-08-21,30500.0,451519,28.95
082920,비츠로셀,2026-08-24,30600.0,270419,28.92
082920,비츠로셀,2026-08-25,31150.0,194662,28.81
082920,비츠로셀,2026-08-26,32150.0,196858,28.86
082920,비츠로셀,2026-08-27,29200.0,719078,28.29
082920,비츠로셀,2026-08-28,27750.0,601066,28.59
082920,비츠로셀,2026-08-31,25800.0,826732,29.03
082920,비츠로셀,2026-09-01,27000.0,423943,29.21
082920,비츠로셀,2026-09-02,26800.0,439862,29.34
082920,비츠로셀,2026-09-03,28250.0,809628,28.92
082920,비츠로셀,2026-09-04,29800.0,760097,28.82
082920,비츠로셀,2026-09-07,29000.0,341209,28.63
082920,비츠로셀,2026-09-08,27800.0,362556,28.47
082920,비츠로셀,2026-09-09,28350.0,523041,28.72
082920,비츠로셀,2026-09-10,28300.0,295057,28.67
082920,비츠로셀,2026-09-11,27800.0,163735,28.53
082920,비츠로셀,2026-09-14,27550.0,210128,28.47
082920,비츠로셀,2026-09-15,27000.0,307652,28.46
082920,비츠로셀,2026-09-16,28000.0,214457,28.53
082920,비츠로셀,2026-09-17,29400.0,359827,28.88
082920,비츠로셀,2026-09-18,29450.0,1132738,28.73
082920,비츠로셀,2026-09-21,29400.0,154760,28.66
082920,비츠로셀,2026-09-22,29100.0,208083,28.62
082920,비츠로셀,2026-09-23,28100.0,276271,28.52
082920,비츠로셀,2026-09-28,28450.0,150288,28.68
082920,비츠로셀,2026-09-29,28300.0,184257,28.65
082920,비츠로셀,2026-09-30,28200.0,124103,28.65
082920,비츠로셀,2026-10-01,29050.0,136856,28.67
082920,비츠로셀,2026-10-02,29700.0,195032,28.64
083310,엘오티베큠,2026-06-09,10570.0,113998,
083310,엘오티베큠,2026-06-10,10210.0,91389,
083310,엘오티베큠,2026-06-11,10790.0,151252,
083310,엘오티베큠,2026-06-12,11930.0,274004,
083310,엘오티베큠,2026-06-15,11840.0,155503,
083310,엘오티베큠,2026-06-16,11280.0,108555,
083310,엘오티베큠,2026-06-17,11620.0,64498,
083310,엘오티베큠,2026-06-18,11180.0,77196,
083310,엘오티베큠,2026-06-19,10460.0,174782,
083310,엘오티베큠,2026-06-22,10770.0,61353,
083310,엘오티베큠,2026-06-23,9380.0,223050,
083310,엘오티베큠,2026-06-24,9490.0,115509,
083310,엘오티베큠,2026-06-25,9440.0,72279,
083310,엘오티베큠,2026-06-26,9240.0,104361,
083310,엘오티베큠,2026-06-29,10500.0,147068,
083310,엘오티베큠,2026-06-30,10770.0,246002,
083310,엘오티베큠,2026-07-01,10820.0,134896,
083310,엘오티베큠,2026-07-02,9560.0,130271,
083310,엘오티베큠,2026-07-03,9870.0,98467,
083310,엘오티베큠,2026-07-06,9460.0,82964,
083310,엘오티베큠,2026-07-07,8990.0,104459,
083310,엘오티베큠,2026-07-08,8390.0,109328,
083310,엘오티베큠,2026-07-09,8490.0,72329,
083310,엘오티베큠,2026-07-10,9150.0,60194,
083310,엘오티베큠,2026-07-13,8580.0,96373,
083310,엘오티베큠,2026-07-14,8290.0,104154,
083310,엘오티베큠,2026-07-15,8960.0,63126,
083310,엘오티베큠,2026-07-16,8860.0,73696,
083310,엘오티베큠,2026-07-20,8120.0,78843,
083310,엘오티베큠,2026-07-21,8130.0,79646,
083310,엘오티베큠,2026-07-22,8090.0,74065,
083310,엘오티베큠,2026-07-23,8350.0,39424,
083310,엘오티베큠,2026-07-24,7880.0,77963,9.17
083310,엘오티베큠,2026-07-27,8000.0,42667,9.16
083310,엘오티베큠,2026-07-28,7190.0,85652,9.0
083310,엘오티베큠,2026-07-29,6390.0,189528,8.77
083310,엘오티베큠,2026-07-30,6600.0,93219,8.77
083310,엘오티베큠,2026-07-31,7890.0,88402,8.94
083310,엘오티베큠,2026-08-03,7800.0,39678,8.95
083310,엘오티베큠,2026-08-04,8210.0,48537,9.15
083310,엘오티베큠,2026-08-05,8510.0,64736,9.24
083310,엘오티베큠,2026-08-06,8400.0,28803,9.2
083310,엘오티베큠,2026-08-07,8230.0,47569,9.12
083310,엘오티베큠,2026-08-10,8730.0,64297,9.11
083310,엘오티베큠,2026-08-11,8680.0,54048,9.06
083310,엘오티베큠,2026-08-12,9040.0,71256,9.1
083310,엘오티베큠,2026-08-13,9090.0,53931,9.02
083310,엘오티베큠,2026-08-14,9110.0,89035,8.93
083310,엘오티베큠,2026-08-18,10330.0,424260,9.38
083310,엘오티베큠,2026-08-19,9840.0,134749,9.12
083310,엘오티베큠,2026-08-20,10030.0,117212,8.94
083310,엘오티베큠,2026-08-21,9560.0,89321,8.88
083310,엘오티베큠,2026-08-24,9140.0,66715,8.76
083310,엘오티베큠,2026-08-25,9520.0,94078,8.73
083310,엘오티베큠,2026-08-26,9680.0,56923,8.7
083310,엘오티베큠,2026-08-27,9690.0,51644,8.63
083310,엘오티베큠,2026-08-28,9830.0,50725,8.62
083310,엘오티베큠,2026-08-31,10020.0,69436,8.5
083310,엘오티베큠,2026-09-01,9830.0,29112,8.45
083310,엘오티베큠,2026-09-02,9420.0,30804,8.41
083310,엘오티베큠,2026-09-03,9170.0,81477,8.31
083310,엘오티베큠,2026-09-04,9480.0,38328,8.31
083310,엘오티베큠,2026-09-07,9800.0,59564,8.33
083310,엘오티베큠,2026-09-08,9690.0,53452,8.32
083310,엘오티베큠,2026-09-09,9690.0,90360,8.1
083310,엘오티베큠,2026-09-10,9930.0,52667,8.08
083310,엘오티베큠,2026-09-11,9780.0,26430,8.01
083310,엘오티베큠,2026-09-14,9350.0,35882,7.93
083310,엘오티베큠,2026-09-15,9520.0,32113,7.98
083310,엘오티베큠,2026-09-16,9650.0,20539,8.06
083310,엘오티베큠,2026-09-17,9850.0,34332,8.06
083310,엘오티베큠,2026-09-18,9850.0,30796,8.06
083310,엘오티베큠,2026-09-21,10450.0,109020,8.12
083310,엘오티베큠,2026-09-22,10460.0,117923,8.13
083310,엘오티베큠,2026-09-23,11210.0,177085,8.16
083310,엘오티베큠,2026-09-28,10720.0,67571,8.08
083310,엘오티베큠,2026-09-29,11050.0,62224,8.05
083310,엘오티베큠,2026-09-30,11150.0,86405,8.01
083310,엘오티베큠,2026-10-01,11930.0,213978,8.09
083310,엘오티베큠,2026-10-02,12860.0,319301,8.38
086790,하나금융지주,2026-06-09,119000.0,992410,
086790,하나금융지주,2026-06-10,117900.0,894163,
086790,하나금융지주,2026-06-11,114800.0,1340982,
086790,하나금융지주,2026-06-12,121000.0,1183090,
086790,하나금융지주,2026-06-15,129300.0,1071270,
086790,하나금융지주,2026-06-16,132000.0,1074269,
086790,하나금융지주,2026-06-17,126800.0,482592,
086790,하나금융지주,2026-06-18,126100.0,639497,
086790,하나금융지주,2026-06-19,123500.0,1044016,
086790,하나금융지주,2026-06-22,119700.0,690109,
086790,하나금융지주,2026-06-23,115500.0,771336,
086790,하나금융지주,2026-06-24,114200.0,797914,
086790,하나금융지주,2026-06-25,114000.0,695399,
086790,하나금융지주,2026-06-26,109700.0,862648,
086790,하나금융지주,2026-06-29,114800.0,746800,
086790,하나금융지주,2026-06-30,114600.0,1098379,
086790,하나금융지주,2026-07-01,116400.0,590822,
086790,하나금융지주,2026-07-02,120800.0,1107218,
086790,하나금융지주,2026-07-03,125600.0,992108,
086790,하나금융지주,2026-07-06,124800.0,585456,
086790,하나금융지주,2026-07-07,126900.0,940711,
086790,하나금융지주,2026-07-08,122300.0,932772,
086790,하나금융지주,2026-07-09,122600.0,1174592,
086790,하나금융지주,2026-07-10,128500.0,1189878,
086790,하나금융지주,2026-07-13,132600.0,1329883,
086790,하나금융지주,2026-07-14,134000.0,1416821,
086790,하나금융지주,2026-07-15,136800.0,933054,
086790,하나금융지주,2026-07-16,136800.0,1109404,
086790,하나금융지주,2026-07-20,133400.0,1233252,
086790,하나금융지주,2026-07-21,132600.0,962672,
086790,하나금융지주,2026-07-22,131600.0,588194,
086790,하나금융지주,2026-07-23,130500.0,825182,
086790,하나금융지주,2026-07-24,132400.0,1257540,68.55
086790,하나금융지주,2026-07-27,130600.0,701204,68.5
086790,하나금융지주,2026-07-28,123000.0,1214425,68.44
086790,하나금융지주,2026-07-29,120400.0,1099026,68.37
086790,하나금융지주,2026-07-30,124600.0,1064644,68.33
086790,하나금융지주,2026-07-31,125400.0,1052864,68.31
086790,하나금융지주,2026-08-03,126900.0,591005,68.31
086790,하나금융지주,2026-08-04,127600.0,509864,68.32
086790,하나금융지주,2026-08-05,128600.0,562616,68.32
086790,하나금융지주,2026-08-06,133300.0,592164,68.31
086790,하나금융지주,2026-08-07,134700.0,578150,68.26
086790,하나금융지주,2026-08-10,130400.0,841758,68.27
086790,하나금융지주,2026-08-11,127700.0,616305,68.26
086790,하나금융지주,2026-08-12,127900.0,647577,68.28
086790,하나금융지주,2026-08-13,131000.0,1060264,68.34
086790,하나금융지주,2026-08-14,133000.0,677841,68.37
086790,하나금융지주,2026-08-18,130700.0,664537,68.35
086790,하나금융지주,2026-08-19,127500.0,681003,68.29
086790,하나금융지주,2026-08-20,123400.0,931998,68.31
086790,하나금융지주,2026-08-21,128800.0,758877,68.28
086790,하나금융지주,2026-08-24,128700.0,413044,68.23
086790,하나금융지주,2026-08-25,130800.0,528836,68.23
086790,하나금융지주,2026-08-26,133200.0,538271,68.23
086790,하나금융지주,2026-08-27,133600.0,599192,68.2
086790,하나금융지주,2026-08-28,136000.0,512718,68.19
086790,하나금융지주,2026-08-31,136300.0,1336302,68.15
086790,하나금융지주,2026-09-01,137400.0,1124738,68.1
086790,하나금융지주,2026-09-02,134900.0,934031,68.05
086790,하나금융지주,2026-09-03,139500.0,945033,68.07
086790,하나금융지주,2026-09-04,134300.0,881360,67.97
086790,하나금융지주,2026-09-07,138900.0,542042,67.95
086790,하나금융지주,2026-09-08,136800.0,451499,67.93
086790,하나금융지주,2026-09-09,134000.0,788931,67.9
086790,하나금융지주,2026-09-10,135300.0,996421,68.02
086790,하나금융지주,2026-09-11,137800.0,687177,68.06
086790,하나금융지주,2026-09-14,140400.0,714372,68.96
086790,하나금융지주,2026-09-15,137500.0,567306,68.96
086790,하나금융지주,2026-09-16,137200.0,570681,68.92
086790,하나금융지주,2026-09-17,138500.0,690903,68.89
086790,하나금융지주,2026-09-18,133700.0,1144421,68.81
086790,하나금융지주,2026-09-21,135700.0,424683,68.8
086790,하나금융지주,2026-09-22,135800.0,493121,68.74
086790,하나금융지주,2026-09-23,133700.0,648296,68.54
086790,하나금융지주,2026-09-28,134400.0,626780,68.58
086790,하나금융지주,2026-09-29,134500.0,415970,68.55
086790,하나금융지주,2026-09-30,130700.0,1137167,68.54
086790,하나금융지주,2026-10-01,128900.0,684515,68.54
086790,하나금융지주,2026-10-02,129600.0,396097,68.52
090430,아모레퍼시픽,2026-06-09,112000.0,438230,
090430,아모레퍼시픽,2026-06-10,111800.0,204211,
090430,아모레퍼시픽,2026-06-11,111800.0,283015,
090430,아모레퍼시픽,2026-06-12,112000.0,215876,
090430,아모레퍼시픽,2026-06-15,112500.0,157227,
090430,아모레퍼시픽,2026-06-16,110400.0,170138,
090430,아모레퍼시픽,2026-06-17,109900.0,178617,
090430,아모레퍼시픽,2026-06-18,106300.0,279124,
090430,아모레퍼시픽,2026-06-19,104600.0,332210,
090430,아모레퍼시픽,2026-06-22,100700.0,189049,
090430,아모레퍼시픽,2026-06-23,96200.0,338397,
090430,아모레퍼시픽,2026-06-24,98000.0,234922,
090430,아모레퍼시픽,2026-06-25,97700.0,197884,
090430,아모레퍼시픽,2026-06-26,97000.0,233133,
090430,아모레퍼시픽,2026-06-29,111500.0,899464,
090430,아모레퍼시픽,2026-06-30,105700.0,322079,
090430,아모레퍼시픽,2026-07-01,113600.0,396106,
090430,아모레퍼시픽,2026-07-02,119400.0,720929,
090430,아모레퍼시픽,2026-07-03,121200.0,442863,
090430,아모레퍼시픽,2026-07-06,121400.0,239296,
090430,아모레퍼시픽,2026-07-07,126500.0,468788,
090430,아모레퍼시픽,2026-07-08,124300.0,617769,
090430,아모레퍼시픽,2026-07-09,116300.0,424653,
090430,아모레퍼시픽,2026-07-10,123100.0,406120,
090430,아모레퍼시픽,2026-07-13,121600.0,315935,
090430,아모레퍼시픽,2026-07-14,120000.0,225035,
090430,아모레퍼시픽,2026-07-15,120800.0,297784,
090430,아모레퍼시픽,2026-07-16,124400.0,224697,
090430,아모레퍼시픽,2026-07-20,117300.0,173604,
090430,아모레퍼시픽,2026-07-21,119700.0,143932,
090430,아모레퍼시픽,2026-07-22,116900.0,163236,
090430,아모레퍼시픽,2026-07-23,119000.0,181561,
090430,아모레퍼시픽,2026-07-24,118000.0,237151,25.29
090430,아모레퍼시픽,2026-07-27,123500.0,443289,25.2
090430,아모레퍼시픽,2026-07-28,118800.0,149915,25.15
090430,아모레퍼시픽,2026-07-29,121900.0,533493,25.23
090430,아모레퍼시픽,2026-07-30,134000.0,1176541,25.38
090430,아모레퍼시픽,2026-07-31,130000.0,826875,25.31
090430,아모레퍼시픽,2026-08-03,129800.0,326423,25.37
090430,아모레퍼시픽,2026-08-04,131900.0,383994,25.47
090430,아모레퍼시픽,2026-08-05,131300.0,376033,25.64
090430,아모레퍼시픽,2026-08-06,137800.0,529100,25.83
090430,아모레퍼시픽,2026-08-07,141800.0,435171,25.78
090430,아모레퍼시픽,2026-08-10,135800.0,359628,25.83
090430,아모레퍼시픽,2026-08-11,137300.0,365683,25.96
090430,아모레퍼시픽,2026-08-12,135700.0,335741,26.01
090430,아모레퍼시픽,2026-08-13,134500.0,366247,26.23
090430,아모레퍼시픽,2026-08-14,135700.0,230356,26.28
090430,아모레퍼시픽,2026-08-18,132200.0,254015,26.27
090430,아모레퍼시픽,2026-08-19,133100.0,161771,26.32
090430,아모레퍼시픽,2026-08-20,136600.0,188995,26.38
090430,아모레퍼시픽,2026-08-21,138000.0,207098,26.41
090430,아모레퍼시픽,2026-08-24,139900.0,295143,26.31
090430,아모레퍼시픽,2026-08-25,143300.0,422286,26.28
090430,아모레퍼시픽,2026-08-26,143500.0,306226,26.3
090430,아모레퍼시픽,2026-08-27,142400.0,206337,26.29
090430,아모레퍼시픽,2026-08-28,150600.0,449386,26.56
090430,아모레퍼시픽,2026-08-31,147200.0,401172,26.33
090430,아모레퍼시픽,2026-09-01,146300.0,182153,26.33
090430,아모레퍼시픽,2026-09-02,142300.0,182347,26.34
090430,아모레퍼시픽,2026-09-03,142500.0,228335,26.44
090430,아모레퍼시픽,2026-09-04,143300.0,127426,26.46
090430,아모레퍼시픽,2026-09-07,140800.0,223947,26.39
090430,아모레퍼시픽,2026-09-08,140000.0,324514,26.5
090430,아모레퍼시픽,2026-09-09,138300.0,246181,26.56
090430,아모레퍼시픽,2026-09-10,138500.0,165400,26.57
090430,아모레퍼시픽,2026-09-11,140500.0,185653,26.66
090430,아모레퍼시픽,2026-09-14,144400.0,395530,26.61
090430,아모레퍼시픽,2026-09-15,144100.0,194430,26.56
090430,아모레퍼시픽,2026-09-16,144900.0,139961,26.45
090430,아모레퍼시픽,2026-09-17,144300.0,157294,26.41
090430,아모레퍼시픽,2026-09-18,142700.0,202228,26.35
090430,아모레퍼시픽,2026-09-21,144700.0,198741,26.25
090430,아모레퍼시픽,2026-09-22,141600.0,187053,26.17
090430,아모레퍼시픽,2026-09-23,142200.0,145314,26.19
090430,아모레퍼시픽,2026-09-28,141900.0,152394,26.19
090430,아모레퍼시픽,2026-09-29,142100.0,145381,26.14
090430,아모레퍼시픽,2026-09-30,138600.0,274528,26.11
090430,아모레퍼시픽,2026-10-01,136500.0,130874,26.11
090430,아모레퍼시픽,2026-10-02,132500.0,193414,26.08
090850,현대이지웰,2026-06-09,5320.0,67050,
090850,현대이지웰,2026-06-10,5270.0,46376,
090850,현대이지웰,2026-06-11,5240.0,39097,
090850,현대이지웰,2026-06-12,5380.0,41102,
090850,현대이지웰,2026-06-15,5330.0,36748,
090850,현대이지웰,2026-06-16,5330.0,22322,
090850,현대이지웰,2026-06-17,5320.0,24145,
090850,현대이지웰,2026-06-18,5150.0,78889,
090850,현대이지웰,2026-06-19,5100.0,26426,
090850,현대이지웰,2026-06-22,4975.0,39053,
090850,현대이지웰,2026-06-23,5040.0,55907,
090850,현대이지웰,2026-06-24,5100.0,39982,
090850,현대이지웰,2026-06-25,5090.0,30878,
090850,현대이지웰,2026-06-26,4960.0,68964,
090850,현대이지웰,2026-06-29,5190.0,40981,
090850,현대이지웰,2026-06-30,5240.0,23900,
090850,현대이지웰,2026-07-01,5450.0,52442,
090850,현대이지웰,2026-07-02,5580.0,69926,
090850,현대이지웰,2026-07-03,5580.0,44001,
090850,현대이지웰,2026-07-06,5350.0,54031,
090850,현대이지웰,2026-07-07,5500.0,85508,
090850,현대이지웰,2026-07-08,5490.0,90136,
090850,현대이지웰,2026-07-09,5650.0,82258,
090850,현대이지웰,2026-07-10,5690.0,23733,
090850,현대이지웰,2026-07-13,5900.0,124916,
090850,현대이지웰,2026-07-14,5930.0,77110,
090850,현대이지웰,2026-07-15,6040.0,43979,
090850,현대이지웰,2026-07-16,6150.0,42965,
090850,현대이지웰,2026-07-20,6000.0,30428,
090850,현대이지웰,2026-07-21,6060.0,25208,
090850,현대이지웰,2026-07-22,6020.0,35314,
090850,현대이지웰,2026-07-23,6180.0,19816,
090850,현대이지웰,2026-07-24,6190.0,20403,18.35
090850,현대이지웰,2026-07-27,6250.0,48765,18.35
090850,현대이지웰,2026-07-28,6250.0,85599,18.54
090850,현대이지웰,2026-07-29,5990.0,88065,18.77
090850,현대이지웰,2026-07-30,6150.0,60167,18.83
090850,현대이지웰,2026-07-31,6150.0,48220,18.83
090850,현대이지웰,2026-08-03,5970.0,49049,18.85
090850,현대이지웰,2026-08-04,5990.0,26438,18.84
090850,현대이지웰,2026-08-05,5570.0,176310,18.7
090850,현대이지웰,2026-08-06,5210.0,101330,18.54
090850,현대이지웰,2026-08-07,5100.0,136216,18.35
090850,현대이지웰,2026-08-10,5230.0,120774,18.26
090850,현대이지웰,2026-08-11,5170.0,94655,18.04
090850,현대이지웰,2026-08-12,5050.0,105148,17.7
090850,현대이지웰,2026-08-13,5000.0,110541,17.48
090850,현대이지웰,2026-08-14,5250.0,221627,17.74
090850,현대이지웰,2026-08-18,5270.0,109268,17.82
090850,현대이지웰,2026-08-19,5120.0,41126,17.72
090850,현대이지웰,2026-08-20,5030.0,97387,17.48
090850,현대이지웰,2026-08-21,4995.0,112814,17.22
090850,현대이지웰,2026-08-24,5110.0,74069,17.33
090850,현대이지웰,2026-08-25,5200.0,101884,17.38
090850,현대이지웰,2026-08-26,5150.0,95663,17.32
090850,현대이지웰,2026-08-27,5000.0,88989,17.15
090850,현대이지웰,2026-08-28,5120.0,85476,17.22
090850,현대이지웰,2026-08-31,5050.0,91110,17.16
090850,현대이지웰,2026-09-01,4995.0,113753,16.96
090850,현대이지웰,2026-09-02,4950.0,50129,16.92
090850,현대이지웰,2026-09-03,4845.0,154501,16.59
090850,현대이지웰,2026-09-04,5030.0,122034,16.66
090850,현대이지웰,2026-09-07,4960.0,78802,16.57
090850,현대이지웰,2026-09-08,4980.0,24711,16.55
090850,현대이지웰,2026-09-09,5030.0,18691,16.57
090850,현대이지웰,2026-09-10,5040.0,17969,16.61
090850,현대이지웰,2026-09-11,5060.0,15194,16.63
090850,현대이지웰,2026-09-14,5040.0,16915,16.64
090850,현대이지웰,2026-09-15,5050.0,39126,16.67
090850,현대이지웰,2026-09-16,4995.0,11191,16.76
090850,현대이지웰,2026-09-17,4990.0,28444,16.61
090850,현대이지웰,2026-09-18,5010.0,45230,16.54
090850,현대이지웰,2026-09-21,4965.0,14618,16.49
090850,현대이지웰,2026-09-22,4910.0,41713,16.41
090850,현대이지웰,2026-09-23,4940.0,21920,16.42
090850,현대이지웰,2026-09-28,4995.0,20000,16.43
090850,현대이지웰,2026-09-29,4980.0,32732,16.44
090850,현대이지웰,2026-09-30,4920.0,17055,16.44
090850,현대이지웰,2026-10-01,4930.0,10546,16.42
090850,현대이지웰,2026-10-02,4920.0,16386,16.4
092730,네오팜,2026-06-09,17170.0,46855,
092730,네오팜,2026-06-10,17020.0,27742,
092730,네오팜,2026-06-11,16850.0,30526,
092730,네오팜,2026-06-12,17130.0,37726,
092730,네오팜,2026-06-15,17230.0,30691,
092730,네오팜,2026-06-16,16900.0,27450,
092730,네오팜,2026-06-17,17600.0,51823,
092730,네오팜,2026-06-18,17530.0,56452,
092730,네오팜,2026-06-19,16970.0,35828,
092730,네오팜,2026-06-22,16380.0,44690,
092730,네오팜,2026-06-23,15760.0,40458,
092730,네오팜,2026-06-24,16140.0,32897,
092730,네오팜,2026-06-25,16940.0,61395,
092730,네오팜,2026-06-26,16840.0,50321,
092730,네오팜,2026-06-29,17650.0,31379,
092730,네오팜,2026-06-30,18240.0,60846,
092730,네오팜,2026-07-01,18500.0,38538,
092730,네오팜,2026-07-02,18590.0,61191,
092730,네오팜,2026-07-03,18590.0,23248,
092730,네오팜,2026-07-06,18300.0,28525,
092730,네오팜,2026-07-07,19750.0,182118,
092730,네오팜,2026-07-08,19530.0,104042,
092730,네오팜,2026-07-09,18920.0,77828,
092730,네오팜,2026-07-10,19640.0,66525,
092730,네오팜,2026-07-13,19100.0,50460,
092730,네오팜,2026-07-14,19130.0,100655,
092730,네오팜,2026-07-15,19600.0,35726,
092730,네오팜,2026-07-16,19150.0,19552,
092730,네오팜,2026-07-20,18680.0,33758,
092730,네오팜,2026-07-21,19240.0,31275,
092730,네오팜,2026-07-22,18630.0,71278,
092730,네오팜,2026-07-23,19210.0,32680,
092730,네오팜,2026-07-24,18620.0,32330,26.64
092730,네오팜,2026-07-27,19300.0,14416,26.73
092730,네오팜,2026-07-28,18920.0,66648,26.67
092730,네오팜,2026-07-29,18600.0,45340,26.61
092730,네오팜,2026-07-30,18550.0,36984,26.58
092730,네오팜,2026-07-31,19120.0,26811,26.68
092730,네오팜,2026-08-03,19810.0,46861,26.78
092730,네오팜,2026-08-04,20000.0,65204,26.76
092730,네오팜,2026-08-05,20150.0,53707,26.84
092730,네오팜,2026-08-06,21500.0,83346,26.84
092730,네오팜,2026-08-07,21150.0,67564,26.96
092730,네오팜,2026-08-10,24100.0,286395,27.5
092730,네오팜,2026-08-11,25450.0,196309,27.64
092730,네오팜,2026-08-12,25200.0,125212,27.96
092730,네오팜,2026-08-13,24400.0,108723,28.32
092730,네오팜,2026-08-14,24250.0,47636,28.41
092730,네오팜,2026-08-18,22650.0,147384,28.55
092730,네오팜,2026-08-19,23200.0,68602,28.55
092730,네오팜,2026-08-20,23050.0,71114,28.74
092730,네오팜,2026-08-21,22550.0,52479,28.73
092730,네오팜,2026-08-24,23450.0,45427,28.67
092730,네오팜,2026-08-25,23700.0,34443,28.59
092730,네오팜,2026-08-26,23400.0,53115,28.41
092730,네오팜,2026-08-27,23500.0,52856,28.22
092730,네오팜,2026-08-28,25350.0,142837,28.04
092730,네오팜,2026-08-31,25050.0,102616,27.76
092730,네오팜,2026-09-01,24300.0,71211,27.6
092730,네오팜,2026-09-02,23850.0,80985,27.7
092730,네오팜,2026-09-03,23150.0,101764,27.65
092730,네오팜,2026-09-04,22950.0,81543,27.49
092730,네오팜,2026-09-07,22350.0,59117,27.52
092730,네오팜,2026-09-08,21900.0,70189,27.73
092730,네오팜,2026-09-09,21400.0,47779,27.74
092730,네오팜,2026-09-10,21350.0,59731,27.8
092730,네오팜,2026-09-11,21600.0,56155,27.63
092730,네오팜,2026-09-14,21750.0,53902,27.48
092730,네오팜,2026-09-15,22050.0,46448,27.34
092730,네오팜,2026-09-16,23000.0,36563,27.33
092730,네오팜,2026-09-17,23100.0,82031,27.0
092730,네오팜,2026-09-18,22900.0,52356,26.89
092730,네오팜,2026-09-21,23450.0,57288,26.76
092730,네오팜,2026-09-22,23400.0,53367,26.52
092730,네오팜,2026-09-23,23650.0,40788,26.43
092730,네오팜,2026-09-28,22750.0,36289,26.49
092730,네오팜,2026-09-29,23850.0,66533,26.48
092730,네오팜,2026-09-30,23250.0,65376,26.28
092730,네오팜,2026-10-01,23400.0,33368,26.16
092730,네오팜,2026-10-02,23350.0,60302,26.16
093520,매커스,2026-06-09,20350.0,28345,
093520,매커스,2026-06-10,19560.0,51684,
093520,매커스,2026-06-11,19430.0,33572,
093520,매커스,2026-06-12,20250.0,58504,
093520,매커스,2026-06-15,20400.0,34511,
093520,매커스,2026-06-16,20200.0,36644,
093520,매커스,2026-06-17,20350.0,16870,
093520,매커스,2026-06-18,19510.0,25762,
093520,매커스,2026-06-19,18950.0,37542,
093520,매커스,2026-06-22,18630.0,25052,
093520,매커스,2026-06-23,16590.0,69211,
093520,매커스,2026-06-24,17010.0,30603,
093520,매커스,2026-06-25,17000.0,24539,
093520,매커스,2026-06-26,16460.0,33312,
093520,매커스,2026-06-29,17690.0,34254,
093520,매커스,2026-06-30,17210.0,19283,
093520,매커스,2026-07-01,18080.0,29730,
093520,매커스,2026-07-02,16710.0,27512,
093520,매커스,2026-07-03,17420.0,24092,
093520,매커스,2026-07-06,16950.0,12639,
093520,매커스,2026-07-07,16600.0,17734,
093520,매커스,2026-07-08,16700.0,45240,
093520,매커스,2026-07-09,16300.0,27675,
093520,매커스,2026-07-10,17630.0,16625,
093520,매커스,2026-07-13,17580.0,33374,
093520,매커스,2026-07-14,18360.0,39983,
093520,매커스,2026-07-15,20150.0,73711,
093520,매커스,2026-07-16,19620.0,47712,
093520,매커스,2026-07-20,18460.0,28668,
093520,매커스,2026-07-21,18210.0,21060,
093520,매커스,2026-07-22,18040.0,17007,
093520,매커스,2026-07-23,19160.0,25693,
093520,매커스,2026-07-24,18990.0,20434,29.61
093520,매커스,2026-07-27,19800.0,13572,29.62
093520,매커스,2026-07-28,19010.0,23131,29.69
093520,매커스,2026-07-29,17650.0,81573,29.79
093520,매커스,2026-07-30,18410.0,39489,29.88
093520,매커스,2026-07-31,20450.0,40562,30.08
093520,매커스,2026-08-03,21150.0,30590,30.23
093520,매커스,2026-08-04,22350.0,34274,30.27
093520,매커스,2026-08-05,23150.0,58750,30.6
093520,매커스,2026-08-06,23350.0,29983,30.62
093520,매커스,2026-08-07,23650.0,16077,30.68
093520,매커스,2026-08-10,25050.0,44842,30.9
093520,매커스,2026-08-11,26900.0,72300,31.37
093520,매커스,2026-08-12,25200.0,53022,31.44
093520,매커스,2026-08-13,25950.0,64664,31.4
093520,매커스,2026-08-14,26750.0,68698,31.68
093520,매커스,2026-08-18,28450.0,78942,32.33
093520,매커스,2026-08-19,27950.0,37506,32.47
093520,매커스,2026-08-20,28100.0,21709,32.57
093520,매커스,2026-08-21,25700.0,48529,32.51
093520,매커스,2026-08-24,25150.0,24784,32.55
093520,매커스,2026-08-25,25950.0,36764,32.55
093520,매커스,2026-08-26,26000.0,10334,32.54
093520,매커스,2026-08-27,26500.0,16456,32.56
093520,매커스,2026-08-28,26250.0,7445,32.57
093520,매커스,2026-08-31,26900.0,12244,32.63
093520,매커스,2026-09-01,26600.0,6070,32.63
093520,매커스,2026-09-02,25800.0,9181,32.62
093520,매커스,2026-09-03,25900.0,23174,32.63
093520,매커스,2026-09-04,26200.0,8149,32.66
093520,매커스,2026-09-07,27150.0,15196,32.7
093520,매커스,2026-09-08,26300.0,10282,32.66
093520,매커스,2026-09-09,26200.0,13686,32.64
093520,매커스,2026-09-10,26650.0,8314,32.7
093520,매커스,2026-09-11,27050.0,17987,32.8
093520,매커스,2026-09-14,27250.0,11273,32.78
093520,매커스,2026-09-15,26900.0,9435,32.77
093520,매커스,2026-09-16,26950.0,7326,32.77
093520,매커스,2026-09-17,26350.0,6809,32.76
093520,매커스,2026-09-18,26500.0,6377,32.76
093520,매커스,2026-09-21,27800.0,30133,32.74
093520,매커스,2026-09-22,28350.0,58134,32.76
093520,매커스,2026-09-23,29050.0,35840,32.74
093520,매커스,2026-09-28,28200.0,13725,32.73
093520,매커스,2026-09-29,28850.0,16837,32.83
093520,매커스,2026-09-30,29250.0,19513,32.86
093520,매커스,2026-10-01,29600.0,17905,32.92
093520,매커스,2026-10-02,29750.0,13846,32.9
095570,AJ네트웍스,2026-06-09,4320.0,112464,
095570,AJ네트웍스,2026-06-10,4355.0,225516,
095570,AJ네트웍스,2026-06-11,4355.0,117008,
095570,AJ네트웍스,2026-06-12,4460.0,448348,
095570,AJ네트웍스,2026-06-15,4455.0,167008,
095570,AJ네트웍스,2026-06-16,4450.0,190055,
095570,AJ네트웍스,2026-06-17,4375.0,280031,
095570,AJ네트웍스,2026-06-18,4285.0,122726,
095570,AJ네트웍스,2026-06-19,4175.0,217145,
095570,AJ네트웍스,2026-06-22,4205.0,88605,
095570,AJ네트웍스,2026-06-23,4010.0,227715,
095570,AJ네트웍스,2026-06-24,4080.0,167495,
095570,AJ네트웍스,2026-06-25,3980.0,164761,
095570,AJ네트웍스,2026-06-26,3925.0,171287,
095570,AJ네트웍스,2026-06-29,4080.0,62535,
095570,AJ네트웍스,2026-06-30,4015.0,63618,
095570,AJ네트웍스,2026-07-01,4195.0,84472,
095570,AJ네트웍스,2026-07-02,4170.0,110294,
095570,AJ네트웍스,2026-07-03,4325.0,89531,
095570,AJ네트웍스,2026-07-06,4270.0,90681,
095570,AJ네트웍스,2026-07-07,4335.0,118608,
095570,AJ네트웍스,2026-07-08,4245.0,76825,
095570,AJ네트웍스,2026-07-09,4235.0,69575,
095570,AJ네트웍스,2026-07-10,4285.0,126740,
095570,AJ네트웍스,2026-07-13,4265.0,196328,
095570,AJ네트웍스,2026-07-14,4270.0,150879,
095570,AJ네트웍스,2026-07-15,4220.0,246604,
095570,AJ네트웍스,2026-07-16,4330.0,180339,
095570,AJ네트웍스,2026-07-20,4285.0,61686,
095570,AJ네트웍스,2026-07-21,4300.0,80262,
095570,AJ네트웍스,2026-07-22,4170.0,335700,
095570,AJ네트웍스,2026-07-23,4290.0,94401,
095570,AJ네트웍스,2026-07-24,4245.0,155269,6.49
095570,AJ네트웍스,2026-07-27,4270.0,83008,6.55
095570,AJ네트웍스,2026-07-28,4200.0,333871,6.37
095570,AJ네트웍스,2026-07-29,4090.0,413652,6.34
095570,AJ네트웍스,2026-07-30,4190.0,202496,6.42
095570,AJ네트웍스,2026-07-31,4280.0,175322,6.51
095570,AJ네트웍스,2026-08-03,4165.0,329511,6.52
095570,AJ네트웍스,2026-08-04,4160.0,307764,6.67
095570,AJ네트웍스,2026-08-05,4165.0,128211,6.63
095570,AJ네트웍스,2026-08-06,4430.0,235953,6.77
095570,AJ네트웍스,2026-08-07,4430.0,160736,6.78
095570,AJ네트웍스,2026-08-10,4560.0,187146,6.94
095570,AJ네트웍스,2026-08-11,4510.0,60527,6.91
095570,AJ네트웍스,2026-08-12,4565.0,132831,6.8
095570,AJ네트웍스,2026-08-13,4420.0,120453,6.7
095570,AJ네트웍스,2026-08-14,4520.0,74511,6.68
095570,AJ네트웍스,2026-08-18,4475.0,169928,6.61
095570,AJ네트웍스,2026-08-19,4355.0,122446,6.67
095570,AJ네트웍스,2026-08-20,4330.0,130369,6.58
095570,AJ네트웍스,2026-08-21,4340.0,151592,6.58
095570,AJ네트웍스,2026-08-24,4350.0,95534,6.59
095570,AJ네트웍스,2026-08-25,4440.0,71422,6.63
095570,AJ네트웍스,2026-08-26,4490.0,60620,6.65
095570,AJ네트웍스,2026-08-27,4425.0,58526,6.61
095570,AJ네트웍스,2026-08-28,4420.0,51808,6.64
095570,AJ네트웍스,2026-08-31,4420.0,105177,6.67
095570,AJ네트웍스,2026-09-01,4395.0,57882,6.62
095570,AJ네트웍스,2026-09-02,4280.0,82355,6.53
095570,AJ네트웍스,2026-09-03,4250.0,114414,6.56
095570,AJ네트웍스,2026-09-04,4250.0,57218,6.5
095570,AJ네트웍스,2026-09-07,4170.0,125657,6.41
095570,AJ네트웍스,2026-09-08,4190.0,52979,6.38
095570,AJ네트웍스,2026-09-09,4170.0,61612,6.34
095570,AJ네트웍스,2026-09-10,4180.0,52491,6.3
095570,AJ네트웍스,2026-09-11,4170.0,47908,6.27
095570,AJ네트웍스,2026-09-14,4200.0,49601,6.21
095570,AJ네트웍스,2026-09-15,4175.0,51907,6.13
095570,AJ네트웍스,2026-09-16,4120.0,62040,6.17
095570,AJ네트웍스,2026-09-17,4140.0,74190,6.01
095570,AJ네트웍스,2026-09-18,4135.0,44408,6.0
095570,AJ네트웍스,2026-09-21,4160.0,70831,5.97
095570,AJ네트웍스,2026-09-22,4185.0,99988,5.94
095570,AJ네트웍스,2026-09-23,4280.0,177133,6.11
095570,AJ네트웍스,2026-09-28,4325.0,132038,6.06
095570,AJ네트웍스,2026-09-29,4300.0,37243,6.06
095570,AJ네트웍스,2026-09-30,4320.0,46712,5.95
095570,AJ네트웍스,2026-10-01,4270.0,44968,5.9
095570,AJ네트웍스,2026-10-02,4280.0,47480,5.9
097950,CJ제일제당,2026-06-09,195400.0,67595,
097950,CJ제일제당,2026-06-10,194600.0,68349,
097950,CJ제일제당,2026-06-11,194700.0,72721,
097950,CJ제일제당,2026-06-12,198700.0,60275,
097950,CJ제일제당,2026-06-15,202000.0,68230,
097950,CJ제일제당,2026-06-16,200500.0,57021,
097950,CJ제일제당,2026-06-17,197300.0,69193,
097950,CJ제일제당,2026-06-18,192900.0,77673,
097950,CJ제일제당,2026-06-19,193300.0,128495,
097950,CJ제일제당,2026-06-22,187800.0,55576,
097950,CJ제일제당,2026-06-23,185800.0,84214,
097950,CJ제일제당,2026-06-24,190000.0,65625,
097950,CJ제일제당,2026-06-25,179600.0,121722,
097950,CJ제일제당,2026-06-26,177500.0,58026,
097950,CJ제일제당,2026-06-29,191400.0,73563,
097950,CJ제일제당,2026-06-30,185100.0,68193,
097950,CJ제일제당,2026-07-01,187800.0,50186,
097950,CJ제일제당,2026-07-02,196300.0,114355,
097950,CJ제일제당,2026-07-03,194400.0,43455,
097950,CJ제일제당,2026-07-06,199100.0,59735,
097950,CJ제일제당,2026-07-07,200500.0,56300,
097950,CJ제일제당,2026-07-08,198200.0,46506,
097950,CJ제일제당,2026-07-09,191200.0,59694,
097950,CJ제일제당,2026-07-10,191000.0,40222,
097950,CJ제일제당,2026-07-13,191900.0,45165,
097950,CJ제일제당,2026-07-14,186000.0,60245,
097950,CJ제일제당,2026-07-15,182600.0,62912,
097950,CJ제일제당,2026-07-16,184800.0,28325,
097950,CJ제일제당,2026-07-20,184200.0,40986,
097950,CJ제일제당,2026-07-21,186200.0,39598,
097950,CJ제일제당,2026-07-22,185500.0,41714,
097950,CJ제일제당,2026-07-23,190200.0,53675,
097950,CJ제일제당,2026-07-24,194100.0,44861,15.53
097950,CJ제일제당,2026-07-27,194600.0,24621,15.54
097950,CJ제일제당,2026-07-28,187300.0,45366,15.56
097950,CJ제일제당,2026-07-29,190600.0,102216,15.78
097950,CJ제일제당,2026-07-30,189300.0,86236,15.6
097950,CJ제일제당,2026-07-31,191400.0,53671,15.54
097950,CJ제일제당,2026-08-03,191300.0,54416,15.56
097950,CJ제일제당,2026-08-04,195100.0,52033,15.51
097950,CJ제일제당,2026-08-05,197500.0,57646,15.42
097950,CJ제일제당,2026-08-06,203000.0,35676,15.51
097950,CJ제일제당,2026-08-07,204500.0,28982,15.53
097950,CJ제일제당,2026-08-10,205500.0,37659,15.5
097950,CJ제일제당,2026-08-11,188000.0,271724,14.36
097950,CJ제일제당,2026-08-12,186900.0,82306,14.06
097950,CJ제일제당,2026-08-13,182500.0,177429,13.44
097950,CJ제일제당,2026-08-14,185400.0,82077,13.5
097950,CJ제일제당,2026-08-18,183400.0,111386,13.1
097950,CJ제일제당,2026-08-19,180100.0,58838,12.85
097950,CJ제일제당,2026-08-20,184800.0,130795,13.04
097950,CJ제일제당,2026-08-21,184000.0,55426,12.93
097950,CJ제일제당,2026-08-24,189600.0,83336,12.97
097950,CJ제일제당,2026-08-25,187100.0,67847,12.74
097950,CJ제일제당,2026-08-26,189200.0,46813,12.77
097950,CJ제일제당,2026-08-27,186300.0,73654,12.49
097950,CJ제일제당,2026-08-28,189300.0,59820,12.6
097950,CJ제일제당,2026-08-31,186500.0,66812,12.46
097950,CJ제일제당,2026-09-01,185800.0,44997,12.3
097950,CJ제일제당,2026-09-02,182600.0,79231,12.21
097950,CJ제일제당,2026-09-03,185900.0,80571,12.34
097950,CJ제일제당,2026-09-04,183400.0,46433,12.11
097950,CJ제일제당,2026-09-07,182800.0,53039,11.95
097950,CJ제일제당,2026-09-08,183000.0,35076,11.9
097950,CJ제일제당,2026-09-09,181400.0,45059,11.7
097950,CJ제일제당,2026-09-10,180500.0,57275,11.7
097950,CJ제일제당,2026-09-11,179700.0,32632,11.66
097950,CJ제일제당,2026-09-14,180400.0,39550,11.71
097950,CJ제일제당,2026-09-15,178500.0,46214,11.72
097950,CJ제일제당,2026-09-16,177300.0,40684,11.69
097950,CJ제일제당,2026-09-17,177300.0,55649,11.71
097950,CJ제일제당,2026-09-18,175000.0,121648,11.48
097950,CJ제일제당,2026-09-21,175400.0,39062,11.51
097950,CJ제일제당,2026-09-22,174500.0,56873,11.47
097950,CJ제일제당,2026-09-23,176300.0,59712,11.52
097950,CJ제일제당,2026-09-28,178800.0,51006,11.45
097950,CJ제일제당,2026-09-29,179300.0,31474,11.48
097950,CJ제일제당,2026-09-30,178800.0,40443,11.48
097950,CJ제일제당,2026-10-01,178100.0,35865,11.43
097950,CJ제일제당,2026-10-02,179600.0,21886,11.45
099190,아이센스,2026-06-09,16820.0,70927,
099190,아이센스,2026-06-10,16880.0,61992,
099190,아이센스,2026-06-11,16590.0,39317,
099190,아이센스,2026-06-12,16240.0,54798,
099190,아이센스,2026-06-15,16750.0,36451,
099190,아이센스,2026-06-16,16770.0,34656,
099190,아이센스,2026-06-17,17130.0,37510,
099190,아이센스,2026-06-18,16160.0,94760,
099190,아이센스,2026-06-19,16360.0,193568,
099190,아이센스,2026-06-22,15970.0,44264,
099190,아이센스,2026-06-23,15000.0,57846,
099190,아이센스,2026-06-24,15280.0,42316,
099190,아이센스,2026-06-25,15020.0,41727,
099190,아이센스,2026-06-26,14690.0,55486,
099190,아이센스,2026-06-29,15740.0,37820,
099190,아이센스,2026-06-30,16160.0,37888,
099190,아이센스,2026-07-01,15970.0,22217,
099190,아이센스,2026-07-02,15900.0,35546,
099190,아이센스,2026-07-03,15990.0,76974,
099190,아이센스,2026-07-06,15750.0,15618,
099190,아이센스,2026-07-07,15780.0,32467,
099190,아이센스,2026-07-08,15580.0,52325,
099190,아이센스,2026-07-09,15320.0,37350,
099190,아이센스,2026-07-10,15220.0,45682,
099190,아이센스,2026-07-13,14810.0,37143,
099190,아이센스,2026-07-14,14740.0,82520,
099190,아이센스,2026-07-15,15310.0,25602,
099190,아이센스,2026-07-16,15020.0,20246,
099190,아이센스,2026-07-20,14780.0,71198,
099190,아이센스,2026-07-21,15160.0,47397,
099190,아이센스,2026-07-22,15270.0,30139,
099190,아이센스,2026-07-23,15910.0,20974,
099190,아이센스,2026-07-24,16030.0,36770,25.72
099190,아이센스,2026-07-27,17500.0,362592,25.51
099190,아이센스,2026-07-28,16630.0,89874,25.52
099190,아이센스,2026-07-29,15890.0,116545,25.6
099190,아이센스,2026-07-30,15400.0,93279,25.75
099190,아이센스,2026-07-31,16750.0,75636,25.93
099190,아이센스,2026-08-03,16720.0,46824,25.96
099190,아이센스,2026-08-04,18100.0,100198,26.02
099190,아이센스,2026-08-05,18600.0,72493,26.04
099190,아이센스,2026-08-06,18740.0,53191,26.12
099190,아이센스,2026-08-07,18400.0,36038,25.42
099190,아이센스,2026-08-10,18870.0,66922,25.51
099190,아이센스,2026-08-11,19140.0,35195,25.57
099190,아이센스,2026-08-12,18480.0,81860,25.58
099190,아이센스,2026-08-13,18360.0,31759,25.67
099190,아이센스,2026-08-14,18460.0,35031,25.68
099190,아이센스,2026-08-18,18700.0,108379,25.72
099190,아이센스,2026-08-19,18320.0,42158,25.61
099190,아이센스,2026-08-20,18280.0,23450,25.59
099190,아이센스,2026-08-21,17500.0,25429,25.56
099190,아이센스,2026-08-24,17960.0,36462,25.62
099190,아이센스,2026-08-25,17650.0,23156,25.5
099190,아이센스,2026-08-26,17750.0,16504,25.51
099190,아이센스,2026-08-27,17650.0,61575,25.49
099190,아이센스,2026-08-28,18110.0,30630,25.53
099190,아이센스,2026-08-31,18030.0,31878,25.53
099190,아이센스,2026-09-01,17330.0,26727,25.24
099190,아이센스,2026-09-02,16930.0,77045,25.43
099190,아이센스,2026-09-03,16470.0,29888,25.34
099190,아이센스,2026-09-04,16470.0,39697,25.33
099190,아이센스,2026-09-07,16480.0,19680,25.31
099190,아이센스,2026-09-08,16800.0,111839,25.3
099190,아이센스,2026-09-09,17200.0,21869,24.84
099190,아이센스,2026-09-10,16610.0,88803,24.81
099190,아이센스,2026-09-11,16550.0,14209,24.78
099190,아이센스,2026-09-14,16360.0,35605,24.73
099190,아이센스,2026-09-15,16260.0,26025,24.69
099190,아이센스,2026-09-16,15980.0,26807,24.51
099190,아이센스,2026-09-17,15830.0,22245,24.51
099190,아이센스,2026-09-18,16200.0,46065,24.52
099190,아이센스,2026-09-21,15990.0,28405,24.47
099190,아이센스,2026-09-22,15970.0,25085,24.5
099190,아이센스,2026-09-23,15980.0,24973,24.47
099190,아이센스,2026-09-28,15950.0,14210,24.47
099190,아이센스,2026-09-29,15910.0,9904,24.46
099190,아이센스,2026-09-30,15910.0,11114,24.44
099190,아이센스,2026-10-01,17020.0,104200,24.58
099190,아이센스,2026-10-02,16900.0,26728,24.54
101160,월덱스,2026-06-09,25600.0,164749,
101160,월덱스,2026-06-10,25050.0,60442,
101160,월덱스,2026-06-11,25700.0,93915,
101160,월덱스,2026-06-12,27500.0,106575,
101160,월덱스,2026-06-15,27000.0,99553,
101160,월덱스,2026-06-16,26400.0,71579,
101160,월덱스,2026-06-17,29500.0,275145,
101160,월덱스,2026-06-18,27850.0,193167,
101160,월덱스,2026-06-19,28800.0,288545,
101160,월덱스,2026-06-22,29650.0,270973,
101160,월덱스,2026-06-23,26900.0,172705,
101160,월덱스,2026-06-24,26800.0,124426,
101160,월덱스,2026-06-25,28000.0,159923,
101160,월덱스,2026-06-26,27250.0,130724,
101160,월덱스,2026-06-29,29850.0,242302,
101160,월덱스,2026-06-30,29500.0,91988,
101160,월덱스,2026-07-01,30050.0,129652,
101160,월덱스,2026-07-02,27900.0,129751,
101160,월덱스,2026-07-03,28800.0,78041,
101160,월덱스,2026-07-06,28750.0,82123,
101160,월덱스,2026-07-07,27200.0,120859,
101160,월덱스,2026-07-08,26700.0,125695,
101160,월덱스,2026-07-09,28200.0,130585,
101160,월덱스,2026-07-10,29350.0,91330,
101160,월덱스,2026-07-13,28800.0,97149,
101160,월덱스,2026-07-14,28750.0,89552,
101160,월덱스,2026-07-15,32550.0,359396,
101160,월덱스,2026-07-16,31300.0,142506,
101160,월덱스,2026-07-20,29450.0,134722,
101160,월덱스,2026-07-21,29450.0,99170,
101160,월덱스,2026-07-22,29700.0,79666,
101160,월덱스,2026-07-23,30400.0,59141,
101160,월덱스,2026-07-24,28650.0,58144,19.24
101160,월덱스,2026-07-27,30500.0,92365,19.39
101160,월덱스,2026-07-28,28650.0,100486,19.27
101160,월덱스,2026-07-29,26150.0,199605,19.05
101160,월덱스,2026-07-30,25300.0,106795,19.09
101160,월덱스,2026-07-31,29350.0,142045,19.09
101160,월덱스,2026-08-03,29500.0,72846,19.17
101160,월덱스,2026-08-04,28900.0,100094,19.05
101160,월덱스,2026-08-05,28950.0,86622,18.98
101160,월덱스,2026-08-06,28450.0,71647,19.12
101160,월덱스,2026-08-07,28650.0,75266,19.07
101160,월덱스,2026-08-10,29400.0,69264,19.19
101160,월덱스,2026-08-11,29200.0,48854,19.19
101160,월덱스,2026-08-12,29000.0,91393,19.25
101160,월덱스,2026-08-13,28600.0,91749,19.25
101160,월덱스,2026-08-14,28450.0,120002,19.34
101160,월덱스,2026-08-18,28850.0,119026,19.62
101160,월덱스,2026-08-19,28400.0,53527,19.64
101160,월덱스,2026-08-20,28700.0,54887,19.65
101160,월덱스,2026-08-21,28200.0,42712,19.59
101160,월덱스,2026-08-24,27450.0,73208,19.65
101160,월덱스,2026-08-25,28900.0,52460,19.81
101160,월덱스,2026-08-26,28950.0,31649,19.83
101160,월덱스,2026-08-27,29300.0,80791,19.95
101160,월덱스,2026-08-28,29900.0,57338,20.13
101160,월덱스,2026-08-31,29550.0,45653,20.18
101160,월덱스,2026-09-01,29300.0,38499,20.2
101160,월덱스,2026-09-02,29700.0,57727,20.34
101160,월덱스,2026-09-03,28950.0,48736,20.3
101160,월덱스,2026-09-04,29500.0,31016,20.33
101160,월덱스,2026-09-07,30200.0,33439,20.36
101160,월덱스,2026-09-08,29900.0,38404,20.34
101160,월덱스,2026-09-09,30600.0,61141,20.48
101160,월덱스,2026-09-10,31100.0,60119,20.67
101160,월덱스,2026-09-11,30250.0,31588,20.58
101160,월덱스,2026-09-14,29700.0,28971,20.55
101160,월덱스,2026-09-15,29900.0,40618,20.45
101160,월덱스,2026-09-16,30150.0,37113,20.57
101160,월덱스,2026-09-17,30150.0,22513,20.51
101160,월덱스,2026-09-18,29900.0,21437,20.49
101160,월덱스,2026-09-21,31100.0,61122,20.62
101160,월덱스,2026-09-22,30650.0,43035,20.63
101160,월덱스,2026-09-23,30900.0,23893,20.67
101160,월덱스,2026-09-28,30100.0,34036,20.66
101160,월덱스,2026-09-29,32100.0,102805,20.88
101160,월덱스,2026-09-30,32200.0,58699,20.92
101160,월덱스,2026-10-01,33150.0,68218,21.01
101160,월덱스,2026-10-02,33100.0,48409,20.99
101530,해태제과식품,2026-06-09,5610.0,22076,
101530,해태제과식품,2026-06-10,5600.0,15316,
101530,해태제과식품,2026-06-11,5590.0,31854,
101530,해태제과식품,2026-06-12,5850.0,37728,
101530,해태제과식품,2026-06-15,5930.0,35494,
101530,해태제과식품,2026-06-16,5910.0,16085,
101530,해태제과식품,2026-06-17,5870.0,12409,
101530,해태제과식품,2026-06-18,5740.0,18210,
101530,해태제과식품,2026-06-19,5630.0,573423,
101530,해태제과식품,2026-06-22,5470.0,78023,
101530,해태제과식품,2026-06-23,6220.0,2660254,
101530,해태제과식품,2026-06-24,6010.0,3187654,
101530,해태제과식품,2026-06-25,5550.0,819999,
101530,해태제과식품,2026-06-26,5470.0,1226464,
101530,해태제과식품,2026-06-29,5810.0,1012045,
101530,해태제과식품,2026-06-30,5580.0,212717,
101530,해태제과식품,2026-07-01,5680.0,218942,
101530,해태제과식품,2026-07-02,5620.0,164573,
101530,해태제과식품,2026-07-03,5590.0,92399,
101530,해태제과식품,2026-07-06,5740.0,162089,
101530,해태제과식품,2026-07-07,5610.0,132036,
101530,해태제과식품,2026-07-08,5580.0,120307,
101530,해태제과식품,2026-07-09,5480.0,92565,
101530,해태제과식품,2026-07-10,5690.0,146264,
101530,해태제과식품,2026-07-13,5730.0,123151,
101530,해태제과식품,2026-07-14,5610.0,57318,
101530,해태제과식품,2026-07-15,5590.0,42755,
101530,해태제과식품,2026-07-16,5550.0,62726,
101530,해태제과식품,2026-07-20,5470.0,35141,
101530,해태제과식품,2026-07-21,5450.0,39037,
101530,해태제과식품,2026-07-22,5420.0,45304,
101530,해태제과식품,2026-07-23,5510.0,38688,
101530,해태제과식품,2026-07-24,5520.0,37908,1.24
101530,해태제과식품,2026-07-27,5640.0,49974,1.23
101530,해태제과식품,2026-07-28,5550.0,65675,1.24
101530,해태제과식품,2026-07-29,5420.0,125550,1.36
101530,해태제과식품,2026-07-30,5530.0,47785,1.38
101530,해태제과식품,2026-07-31,5610.0,15586,1.4
101530,해태제과식품,2026-08-03,5550.0,34301,1.36
101530,해태제과식품,2026-08-04,5570.0,35187,1.36
101530,해태제과식품,2026-08-05,5540.0,36690,1.38
101530,해태제과식품,2026-08-06,5520.0,38226,1.38
101530,해태제과식품,2026-08-07,5670.0,34570,1.41
101530,해태제과식품,2026-08-10,5710.0,35390,1.41
101530,해태제과식품,2026-08-11,5730.0,30635,1.41
101530,해태제과식품,2026-08-12,5660.0,28186,1.38
101530,해태제과식품,2026-08-13,5690.0,38056,1.33
101530,해태제과식품,2026-08-14,5880.0,1595761,1.13
101530,해태제과식품,2026-08-18,5700.0,94130,1.13
101530,해태제과식품,2026-08-19,5600.0,38272,1.13
101530,해태제과식품,2026-08-20,5650.0,32952,1.16
101530,해태제과식품,2026-08-21,5580.0,36071,1.15
101530,해태제과식품,2026-08-24,5580.0,15008,1.18
101530,해태제과식품,2026-08-25,5690.0,24969,1.15
101530,해태제과식품,2026-08-26,5680.0,14792,1.09
101530,해태제과식품,2026-08-27,5580.0,28064,1.07
101530,해태제과식품,2026-08-28,5670.0,31603,1.12
101530,해태제과식품,2026-08-31,5700.0,17567,1.12
101530,해태제과식품,2026-09-01,5600.0,44043,1.12
101530,해태제과식품,2026-09-02,5620.0,12019,1.12
101530,해태제과식품,2026-09-03,5570.0,25606,1.09
101530,해태제과식품,2026-09-04,5600.0,6231,1.06
101530,해태제과식품,2026-09-07,5570.0,27038,1.04
101530,해태제과식품,2026-09-08,5560.0,21169,1.04
101530,해태제과식품,2026-09-09,5540.0,16627,1.02
101530,해태제과식품,2026-09-10,5610.0,24767,1.02
101530,해태제과식품,2026-09-11,5580.0,24765,1.01
101530,해태제과식품,2026-09-14,5620.0,17732,1.01
101530,해태제과식품,2026-09-15,5590.0,18281,0.98
101530,해태제과식품,2026-09-16,5560.0,25162,0.95
101530,해태제과식품,2026-09-17,5530.0,0,0.95
101530,해태제과식품,2026-09-18,5530.0,0,0.95
101530,해태제과식품,2026-09-21,5530.0,0,0.95
101530,해태제과식품,2026-09-22,5530.0,0,0.95
101530,해태제과식품,2026-09-23,5530.0,0,0.95
101530,해태제과식품,2026-09-28,5530.0,0,0.95
101530,해태제과식품,2026-09-29,5530.0,0,0.95
101530,해태제과식품,2026-09-30,5530.0,0,0.95
101530,해태제과식품,2026-10-01,5530.0,0,0.95
101530,해태제과식품,2026-10-02,5530.0,0,0.95
103840,우양,2026-06-09,2175.0,47597,
103840,우양,2026-06-10,2110.0,50217,
103840,우양,2026-06-11,2200.0,44927,
103840,우양,2026-06-12,2190.0,50425,
103840,우양,2026-06-15,2230.0,34264,
103840,우양,2026-06-16,2210.0,34003,
103840,우양,2026-06-17,2205.0,45259,
103840,우양,2026-06-18,2110.0,58844,
103840,우양,2026-06-19,2080.0,132206,
103840,우양,2026-06-22,2010.0,79060,
103840,우양,2026-06-23,1918.0,101135,
103840,우양,2026-06-24,1907.0,54238,
103840,우양,2026-06-25,1859.0,59708,
103840,우양,2026-06-26,1700.0,95625,
103840,우양,2026-06-29,1860.0,66087,
103840,우양,2026-06-30,1832.0,17972,
103840,우양,2026-07-01,1899.0,31322,
103840,우양,2026-07-02,1860.0,19914,
103840,우양,2026-07-03,1870.0,17810,
103840,우양,2026-07-06,2095.0,322363,
103840,우양,2026-07-07,1994.0,55875,
103840,우양,2026-07-08,1995.0,86273,
103840,우양,2026-07-09,2000.0,52902,
103840,우양,2026-07-10,2040.0,72417,
103840,우양,2026-07-13,1975.0,57695,
103840,우양,2026-07-14,1925.0,74598,
103840,우양,2026-07-15,1951.0,17961,
103840,우양,2026-07-16,1972.0,56800,
103840,우양,2026-07-20,1901.0,30246,
103840,우양,2026-07-21,1919.0,24011,
103840,우양,2026-07-22,1914.0,12619,
103840,우양,2026-07-23,1932.0,21617,
103840,우양,2026-07-24,1919.0,26137,4.29
103840,우양,2026-07-27,1899.0,17252,4.3
103840,우양,2026-07-28,1785.0,58566,4.43
103840,우양,2026-07-29,1692.0,88410,4.63
103840,우양,2026-07-30,1666.0,52911,4.77
103840,우양,2026-07-31,1780.0,31710,4.84
103840,우양,2026-08-03,1745.0,14750,4.82
103840,우양,2026-08-04,1801.0,23293,4.84
103840,우양,2026-08-05,1800.0,42050,4.8
103840,우양,2026-08-06,1800.0,28695,4.83
103840,우양,2026-08-07,1795.0,11552,4.83
103840,우양,2026-08-10,1837.0,28934,4.82
103840,우양,2026-08-11,1848.0,30020,4.79
103840,우양,2026-08-12,1827.0,37802,4.8
103840,우양,2026-08-13,1810.0,36992,4.87
103840,우양,2026-08-14,1895.0,90027,4.93
103840,우양,2026-08-18,1772.0,63183,4.87
103840,우양,2026-08-19,1747.0,15274,4.85
103840,우양,2026-08-20,1748.0,9552,4.83
103840,우양,2026-08-21,1746.0,45427,4.8
103840,우양,2026-08-24,1721.0,15694,4.8
103840,우양,2026-08-25,1773.0,23121,4.8
103840,우양,2026-08-26,1748.0,16088,4.76
103840,우양,2026-08-27,1740.0,19640,4.69
103840,우양,2026-08-28,1720.0,27880,4.64
103840,우양,2026-08-31,1699.0,56711,4.68
103840,우양,2026-09-01,1689.0,14638,4.66
103840,우양,2026-09-02,1669.0,18351,4.66
103840,우양,2026-09-03,1684.0,16122,4.64
103840,우양,2026-09-04,1680.0,26812,4.58
103840,우양,2026-09-07,1682.0,44314,4.46
103840,우양,2026-09-08,1661.0,17922,4.4
103840,우양,2026-09-09,1657.0,16135,4.36
103840,우양,2026-09-10,1639.0,27737,4.27
103840,우양,2026-09-11,1647.0,16346,4.25
103840,우양,2026-09-14,1608.0,35915,4.17
103840,우양,2026-09-15,1611.0,20674,4.12
103840,우양,2026-09-16,1599.0,28048,4.07
103840,우양,2026-09-17,1600.0,63213,4.01
103840,우양,2026-09-18,1561.0,13467,4.0
103840,우양,2026-09-21,1584.0,13123,3.98
103840,우양,2026-09-22,1595.0,13041,3.94
103840,우양,2026-09-23,1596.0,49059,3.79
103840,우양,2026-09-28,1596.0,13557,3.77
103840,우양,2026-09-29,1589.0,9326,3.75
103840,우양,2026-09-30,1577.0,25121,3.68
103840,우양,2026-10-01,1591.0,9007,3.68
103840,우양,2026-10-02,1572.0,22820,3.64
105630,한세실업,2026-06-09,8760.0,48607,
105630,한세실업,2026-06-10,8520.0,56151,
105630,한세실업,2026-06-11,8490.0,53739,
105630,한세실업,2026-06-12,8690.0,63348,
105630,한세실업,2026-06-15,8950.0,49805,
105630,한세실업,2026-06-16,9110.0,54873,
105630,한세실업,2026-06-17,9040.0,54124,
105630,한세실업,2026-06-18,8650.0,61826,
105630,한세실업,2026-06-19,8570.0,88067,
105630,한세실업,2026-06-22,8590.0,36187,
105630,한세실업,2026-06-23,8220.0,88642,
105630,한세실업,2026-06-24,8190.0,37428,
105630,한세실업,2026-06-25,8010.0,57769,
105630,한세실업,2026-06-26,7900.0,81204,
105630,한세실업,2026-06-29,8370.0,37602,
105630,한세실업,2026-06-30,8100.0,52670,
105630,한세실업,2026-07-01,8220.0,21969,
105630,한세실업,2026-07-02,8990.0,377710,
105630,한세실업,2026-07-03,8720.0,129903,
105630,한세실업,2026-07-06,8870.0,51925,
105630,한세실업,2026-07-07,9020.0,86676,
105630,한세실업,2026-07-08,8800.0,47265,
105630,한세실업,2026-07-09,9000.0,72269,
105630,한세실업,2026-07-10,9100.0,39079,
105630,한세실업,2026-07-13,9050.0,81108,
105630,한세실업,2026-07-14,9120.0,81302,
105630,한세실업,2026-07-15,9100.0,52589,
105630,한세실업,2026-07-16,9500.0,110804,
105630,한세실업,2026-07-20,9190.0,52318,
105630,한세실업,2026-07-21,8940.0,38879,
105630,한세실업,2026-07-22,8870.0,33056,
105630,한세실업,2026-07-23,9560.0,101671,
105630,한세실업,2026-07-24,9270.0,24383,5.84
105630,한세실업,2026-07-27,9330.0,20473,5.82
105630,한세실업,2026-07-28,9060.0,54559,5.81
105630,한세실업,2026-07-29,8900.0,75190,5.86
105630,한세실업,2026-07-30,9000.0,56796,5.93
105630,한세실업,2026-07-31,9120.0,44600,5.93
105630,한세실업,2026-08-03,9000.0,26987,5.91
105630,한세실업,2026-08-04,9230.0,45135,5.99
105630,한세실업,2026-08-05,9210.0,25931,5.99
105630,한세실업,2026-08-06,9190.0,32574,6.0
105630,한세실업,2026-08-07,9170.0,32193,6.0
105630,한세실업,2026-08-10,9170.0,44662,5.98
105630,한세실업,2026-08-11,9120.0,44517,5.98
105630,한세실업,2026-08-12,9020.0,41919,5.94
105630,한세실업,2026-08-13,8980.0,37870,5.86
105630,한세실업,2026-08-14,9140.0,45507,5.94
105630,한세실업,2026-08-18,9970.0,405077,6.03
105630,한세실업,2026-08-19,9230.0,179113,5.89
105630,한세실업,2026-08-20,9050.0,93874,5.73
105630,한세실업,2026-08-21,8840.0,85343,5.59
105630,한세실업,2026-08-24,9050.0,63876,5.66
105630,한세실업,2026-08-25,8930.0,65474,5.67
105630,한세실업,2026-08-26,8970.0,40555,5.64
105630,한세실업,2026-08-27,8870.0,71252,5.5
105630,한세실업,2026-08-28,8930.0,62483,5.53
105630,한세실업,2026-08-31,8930.0,27350,5.55
105630,한세실업,2026-09-01,9100.0,48652,5.65
105630,한세실업,2026-09-02,9200.0,154789,5.79
105630,한세실업,2026-09-03,9010.0,42635,5.79
105630,한세실업,2026-09-04,9110.0,55834,5.86
105630,한세실업,2026-09-07,9140.0,24573,5.85
105630,한세실업,2026-09-08,9110.0,26453,5.85
105630,한세실업,2026-09-09,9030.0,22877,5.83
105630,한세실업,2026-09-10,8980.0,21383,5.82
105630,한세실업,2026-09-11,9080.0,25108,5.82
105630,한세실업,2026-09-14,9030.0,31854,5.79
105630,한세실업,2026-09-15,9030.0,10521,5.79
105630,한세실업,2026-09-16,8910.0,14675,5.79
105630,한세실업,2026-09-17,8920.0,8095,5.77
105630,한세실업,2026-09-18,8900.0,353349,5.71
105630,한세실업,2026-09-21,8720.0,47043,5.66
105630,한세실업,2026-09-22,8700.0,39042,5.62
105630,한세실업,2026-09-23,8600.0,46635,5.58
105630,한세실업,2026-09-28,8580.0,41958,5.61
105630,한세실업,2026-09-29,8550.0,15110,5.58
105630,한세실업,2026-09-30,8610.0,22130,5.58
105630,한세실업,2026-10-01,8700.0,14465,5.56
105630,한세실업,2026-10-02,8780.0,34370,5.57
105740,디케이락,2026-06-09,6690.0,61872,
105740,디케이락,2026-06-10,6700.0,59740,
105740,디케이락,2026-06-11,6750.0,48856,
105740,디케이락,2026-06-12,7040.0,64322,
105740,디케이락,2026-06-15,7130.0,60026,
105740,디케이락,2026-06-16,7440.0,83601,
105740,디케이락,2026-06-17,7430.0,88115,
105740,디케이락,2026-06-18,7150.0,56999,
105740,디케이락,2026-06-19,7100.0,80393,
105740,디케이락,2026-06-22,6870.0,60480,
105740,디케이락,2026-06-23,6750.0,144010,
105740,디케이락,2026-06-24,7040.0,76521,
105740,디케이락,2026-06-25,6690.0,64770,
105740,디케이락,2026-06-26,6580.0,90169,
105740,디케이락,2026-06-29,6990.0,54694,
105740,디케이락,2026-06-30,6900.0,33995,
105740,디케이락,2026-07-01,7050.0,35463,
105740,디케이락,2026-07-02,6850.0,51694,
105740,디케이락,2026-07-03,6970.0,35783,
105740,디케이락,2026-07-06,6860.0,24843,
105740,디케이락,2026-07-07,6700.0,52377,
105740,디케이락,2026-07-08,6470.0,58070,
105740,디케이락,2026-07-09,6460.0,40511,
105740,디케이락,2026-07-10,6670.0,25518,
105740,디케이락,2026-07-13,6500.0,51449,
105740,디케이락,2026-07-14,6380.0,79934,
105740,디케이락,2026-07-15,6650.0,19670,
105740,디케이락,2026-07-16,6540.0,30765,
105740,디케이락,2026-07-20,6330.0,54581,
105740,디케이락,2026-07-21,6330.0,57814,
105740,디케이락,2026-07-22,6360.0,36485,
105740,디케이락,2026-07-23,6660.0,60790,
105740,디케이락,2026-07-24,6960.0,84237,8.2
105740,디케이락,2026-07-27,7040.0,46757,8.09
105740,디케이락,2026-07-28,6710.0,43408,7.98
105740,디케이락,2026-07-29,6310.0,106654,8.02
105740,디케이락,2026-07-30,6390.0,59781,8.15
105740,디케이락,2026-07-31,6600.0,58241,8.29
105740,디케이락,2026-08-03,6680.0,38351,8.25
105740,디케이락,2026-08-04,6860.0,41126,8.29
105740,디케이락,2026-08-05,6980.0,37074,8.31
105740,디케이락,2026-08-06,6960.0,51560,8.32
105740,디케이락,2026-08-07,7200.0,68681,8.54
105740,디케이락,2026-08-10,7410.0,94020,8.49
105740,디케이락,2026-08-11,7550.0,63476,8.39
105740,디케이락,2026-08-12,7950.0,201561,8.34
105740,디케이락,2026-08-13,7830.0,68682,8.14
105740,디케이락,2026-08-14,7700.0,38861,8.02
105740,디케이락,2026-08-18,7680.0,62203,7.87
105740,디케이락,2026-08-19,7360.0,94625,7.98
105740,디케이락,2026-08-20,7210.0,100094,8.16
105740,디케이락,2026-08-21,7190.0,45061,8.18
105740,디케이락,2026-08-24,7030.0,91989,8.41
105740,디케이락,2026-08-25,7250.0,72054,8.73
105740,디케이락,2026-08-26,7460.0,113199,8.94
105740,디케이락,2026-08-27,7820.0,86490,9.12
105740,디케이락,2026-08-28,7840.0,42674,9.13
105740,디케이락,2026-08-31,7890.0,52600,9.0
105740,디케이락,2026-09-01,7980.0,39624,8.86
105740,디케이락,2026-09-02,7860.0,38583,8.7
105740,디케이락,2026-09-03,7970.0,642392,8.49
105740,디케이락,2026-09-04,7860.0,52326,8.23
105740,디케이락,2026-09-07,7700.0,51810,8.03
105740,디케이락,2026-09-08,7880.0,53557,8.08
105740,디케이락,2026-09-09,7850.0,34798,7.99
105740,디케이락,2026-09-10,7890.0,27737,8.06
105740,디케이락,2026-09-11,7880.0,13285,8.02
105740,디케이락,2026-09-14,7860.0,23586,7.93
105740,디케이락,2026-09-15,7780.0,43140,7.82
105740,디케이락,2026-09-16,7780.0,33958,7.79
105740,디케이락,2026-09-17,7900.0,23178,7.7
105740,디케이락,2026-09-18,7970.0,51051,7.76
105740,디케이락,2026-09-21,8000.0,36185,7.76
105740,디케이락,2026-09-22,8000.0,30976,7.69
105740,디케이락,2026-09-23,8000.0,34547,7.65
105740,디케이락,2026-09-28,9380.0,1642252,7.79
105740,디케이락,2026-09-29,9440.0,691590,6.05
105740,디케이락,2026-09-30,9620.0,648603,5.08
105740,디케이락,2026-10-01,10390.0,673014,4.55
105740,디케이락,2026-10-02,11680.0,1705302,3.75
111770,영원무역,2026-06-09,78000.0,66134,
111770,영원무역,2026-06-10,78100.0,68029,
111770,영원무역,2026-06-11,80800.0,142058,
111770,영원무역,2026-06-12,82900.0,112689,
111770,영원무역,2026-06-15,82400.0,118844,
111770,영원무역,2026-06-16,81000.0,73461,
111770,영원무역,2026-06-17,79800.0,69171,
111770,영원무역,2026-06-18,77900.0,54375,
111770,영원무역,2026-06-19,78000.0,78987,
111770,영원무역,2026-06-22,72500.0,82392,
111770,영원무역,2026-06-23,72200.0,68680,
111770,영원무역,2026-06-24,71000.0,103953,
111770,영원무역,2026-06-25,72700.0,62175,
111770,영원무역,2026-06-26,70400.0,97575,
111770,영원무역,2026-06-29,75100.0,80502,
111770,영원무역,2026-06-30,72600.0,90797,
111770,영원무역,2026-07-01,74200.0,50649,
111770,영원무역,2026-07-02,83100.0,217425,
111770,영원무역,2026-07-03,84400.0,91266,
111770,영원무역,2026-07-06,83800.0,55540,
111770,영원무역,2026-07-07,84000.0,57189,
111770,영원무역,2026-07-08,85400.0,97109,
111770,영원무역,2026-07-09,82400.0,114791,
111770,영원무역,2026-07-10,87000.0,78964,
111770,영원무역,2026-07-13,84600.0,71926,
111770,영원무역,2026-07-14,84100.0,107864,
111770,영원무역,2026-07-15,84200.0,66658,
111770,영원무역,2026-07-16,86900.0,92357,
111770,영원무역,2026-07-20,86300.0,70976,
111770,영원무역,2026-07-21,86800.0,46360,
111770,영원무역,2026-07-22,85300.0,54052,
111770,영원무역,2026-07-23,87600.0,70211,
111770,영원무역,2026-07-24,87700.0,44074,29.26
111770,영원무역,2026-07-27,86800.0,41246,29.26
111770,영원무역,2026-07-28,86400.0,41726,29.24
111770,영원무역,2026-07-29,87600.0,82392,29.2
111770,영원무역,2026-07-30,89100.0,99870,29.13
111770,영원무역,2026-07-31,89400.0,107982,29.15
111770,영원무역,2026-08-03,87900.0,54681,29.16
111770,영원무역,2026-08-04,89200.0,43486,29.17
111770,영원무역,2026-08-05,88200.0,88261,29.26
111770,영원무역,2026-08-06,95000.0,85007,29.32
111770,영원무역,2026-08-07,93400.0,51305,29.31
111770,영원무역,2026-08-10,90500.0,68200,29.28
111770,영원무역,2026-08-11,90700.0,34390,29.29
111770,영원무역,2026-08-12,85200.0,79501,29.29
111770,영원무역,2026-08-13,84700.0,91769,29.37
111770,영원무역,2026-08-14,85900.0,57535,29.39
111770,영원무역,2026-08-18,80900.0,100822,29.4
111770,영원무역,2026-08-19,77100.0,63193,29.4
111770,영원무역,2026-08-20,74300.0,137303,29.37
111770,영원무역,2026-08-21,74700.0,57676,29.37
111770,영원무역,2026-08-24,75900.0,59619,29.38
111770,영원무역,2026-08-25,75600.0,41537,29.36
111770,영원무역,2026-08-26,75900.0,67692,29.34
111770,영원무역,2026-08-27,73400.0,79517,29.27
111770,영원무역,2026-08-28,74300.0,64290,29.28
111770,영원무역,2026-08-31,72300.0,99548,29.28
111770,영원무역,2026-09-01,74500.0,84596,29.33
111770,영원무역,2026-09-02,74200.0,65821,29.33
111770,영원무역,2026-09-03,75600.0,86657,29.34
111770,영원무역,2026-09-04,75000.0,57624,29.29
111770,영원무역,2026-09-07,75100.0,44758,29.27
111770,영원무역,2026-09-08,74900.0,36430,29.27
111770,영원무역,2026-09-09,72500.0,61552,29.25
111770,영원무역,2026-09-10,72500.0,94394,29.29
111770,영원무역,2026-09-11,72900.0,51613,29.32
111770,영원무역,2026-09-14,72300.0,34008,29.33
111770,영원무역,2026-09-15,72100.0,35091,29.34
111770,영원무역,2026-09-16,72600.0,38474,29.34
111770,영원무역,2026-09-17,72900.0,36047,29.33
111770,영원무역,2026-09-18,72400.0,127459,29.28
111770,영원무역,2026-09-21,72200.0,34945,29.28
111770,영원무역,2026-09-22,71800.0,74079,29.28
111770,영원무역,2026-09-23,69700.0,69632,29.25
111770,영원무역,2026-09-28,71100.0,37895,29.26
111770,영원무역,2026-09-29,70900.0,35932,29.26
111770,영원무역,2026-09-30,69200.0,67831,29.25
111770,영원무역,2026-10-01,69300.0,25881,29.24
111770,영원무역,2026-10-02,67300.0,63523,29.21
112610,씨에스윈드,2026-06-09,40350.0,263312,
112610,씨에스윈드,2026-06-10,41350.0,766781,
112610,씨에스윈드,2026-06-11,40550.0,799246,
112610,씨에스윈드,2026-06-12,41500.0,287997,
112610,씨에스윈드,2026-06-15,43750.0,333228,
112610,씨에스윈드,2026-06-16,56800.0,2399924,
112610,씨에스윈드,2026-06-17,49900.0,2351335,
112610,씨에스윈드,2026-06-18,44600.0,971830,
112610,씨에스윈드,2026-06-19,42450.0,644293,
112610,씨에스윈드,2026-06-22,43450.0,570600,
112610,씨에스윈드,2026-06-23,42450.0,637278,
112610,씨에스윈드,2026-06-24,41600.0,340560,
112610,씨에스윈드,2026-06-25,41700.0,591165,
112610,씨에스윈드,2026-06-26,38500.0,576990,
112610,씨에스윈드,2026-06-29,43100.0,647412,
112610,씨에스윈드,2026-06-30,42550.0,302839,
112610,씨에스윈드,2026-07-01,45400.0,1013312,
112610,씨에스윈드,2026-07-02,43750.0,656902,
112610,씨에스윈드,2026-07-03,42100.0,510948,
112610,씨에스윈드,2026-07-06,41350.0,284230,
112610,씨에스윈드,2026-07-07,41050.0,462184,
112610,씨에스윈드,2026-07-08,39050.0,428673,
112610,씨에스윈드,2026-07-09,39200.0,695810,
112610,씨에스윈드,2026-07-10,39850.0,415842,
112610,씨에스윈드,2026-07-13,41400.0,725464,
112610,씨에스윈드,2026-07-14,39450.0,528235,
112610,씨에스윈드,2026-07-15,40600.0,360535,
112610,씨에스윈드,2026-07-16,39850.0,746297,
112610,씨에스윈드,2026-07-20,39000.0,334526,
112610,씨에스윈드,2026-07-21,38700.0,236581,
112610,씨에스윈드,2026-07-22,39550.0,319762,
112610,씨에스윈드,2026-07-23,44550.0,1164310,
112610,씨에스윈드,2026-07-24,43200.0,757506,16.75
112610,씨에스윈드,2026-07-27,40050.0,457024,16.35
112610,씨에스윈드,2026-07-28,37650.0,412577,15.94
112610,씨에스윈드,2026-07-29,35050.0,525844,15.86
112610,씨에스윈드,2026-07-30,35550.0,343277,15.92
112610,씨에스윈드,2026-07-31,37300.0,327052,15.82
112610,씨에스윈드,2026-08-03,38350.0,358662,15.89
112610,씨에스윈드,2026-08-04,39850.0,398336,16.06
112610,씨에스윈드,2026-08-05,41000.0,321389,16.16
112610,씨에스윈드,2026-08-06,42250.0,321357,16.14
112610,씨에스윈드,2026-08-07,43850.0,995974,16.11
112610,씨에스윈드,2026-08-10,45400.0,398517,16.42
112610,씨에스윈드,2026-08-11,44900.0,313939,16.39
112610,씨에스윈드,2026-08-12,43350.0,274165,16.4
112610,씨에스윈드,2026-08-13,46900.0,1144257,17.25
112610,씨에스윈드,2026-08-14,46850.0,375857,17.1
112610,씨에스윈드,2026-08-18,45700.0,418299,17.23
112610,씨에스윈드,2026-08-19,45950.0,376998,16.97
112610,씨에스윈드,2026-08-20,48400.0,508198,17.22
112610,씨에스윈드,2026-08-21,46550.0,401876,17.16
112610,씨에스윈드,2026-08-24,47150.0,161385,17.2
112610,씨에스윈드,2026-08-25,48050.0,379189,17.2
112610,씨에스윈드,2026-08-26,50000.0,408484,17.26
112610,씨에스윈드,2026-08-27,49850.0,214590,17.3
112610,씨에스윈드,2026-08-28,49400.0,250487,17.24
112610,씨에스윈드,2026-08-31,48900.0,155535,17.24
112610,씨에스윈드,2026-09-01,47300.0,244656,17.14
112610,씨에스윈드,2026-09-02,45550.0,223529,17.09
112610,씨에스윈드,2026-09-03,45900.0,181182,17.12
112610,씨에스윈드,2026-09-04,46950.0,185168,17.13
112610,씨에스윈드,2026-09-07,49000.0,372995,17.07
112610,씨에스윈드,2026-09-08,48350.0,390071,16.92
112610,씨에스윈드,2026-09-09,50800.0,509067,17.13
112610,씨에스윈드,2026-09-10,51100.0,311019,17.01
112610,씨에스윈드,2026-09-11,52800.0,660140,16.87
112610,씨에스윈드,2026-09-14,51200.0,313129,16.93
112610,씨에스윈드,2026-09-15,53000.0,496482,16.81
112610,씨에스윈드,2026-09-16,52300.0,225090,16.75
112610,씨에스윈드,2026-09-17,51400.0,231668,16.74
112610,씨에스윈드,2026-09-18,51800.0,422933,16.69
112610,씨에스윈드,2026-09-21,50400.0,243728,16.7
112610,씨에스윈드,2026-09-22,50200.0,215128,16.75
112610,씨에스윈드,2026-09-23,50100.0,193735,16.71
112610,씨에스윈드,2026-09-28,52800.0,459796,16.67
112610,씨에스윈드,2026-09-29,50700.0,398119,16.31
112610,씨에스윈드,2026-09-30,51400.0,286123,16.38
112610,씨에스윈드,2026-10-01,54000.0,564956,16.44
112610,씨에스윈드,2026-10-02,55300.0,417600,16.28
120110,코오롱인더,2026-06-09,64100.0,482944,
120110,코오롱인더,2026-06-10,69000.0,476434,
120110,코오롱인더,2026-06-11,71900.0,583879,
120110,코오롱인더,2026-06-12,73800.0,445792,
120110,코오롱인더,2026-06-15,72300.0,255095,
120110,코오롱인더,2026-06-16,72900.0,124485,
120110,코오롱인더,2026-06-17,71100.0,194933,
120110,코오롱인더,2026-06-18,66300.0,228274,
120110,코오롱인더,2026-06-19,63600.0,242663,
120110,코오롱인더,2026-06-22,64500.0,354979,
120110,코오롱인더,2026-06-23,66500.0,450212,
120110,코오롱인더,2026-06-24,66200.0,351043,
120110,코오롱인더,2026-06-25,61400.0,176522,
120110,코오롱인더,2026-06-26,56700.0,209272,
120110,코오롱인더,2026-06-29,61100.0,242045,
120110,코오롱인더,2026-06-30,60200.0,155263,
120110,코오롱인더,2026-07-01,62100.0,94741,
120110,코오롱인더,2026-07-02,60200.0,142285,
120110,코오롱인더,2026-07-03,59400.0,89847,
120110,코오롱인더,2026-07-06,57500.0,208715,
120110,코오롱인더,2026-07-07,59100.0,214031,
120110,코오롱인더,2026-07-08,56100.0,140282,
120110,코오롱인더,2026-07-09,54500.0,317421,
120110,코오롱인더,2026-07-10,55900.0,148225,
120110,코오롱인더,2026-07-13,53400.0,158145,
120110,코오롱인더,2026-07-14,51700.0,139187,
120110,코오롱인더,2026-07-15,53100.0,126020,
120110,코오롱인더,2026-07-16,53600.0,198230,
120110,코오롱인더,2026-07-20,51600.0,152194,
120110,코오롱인더,2026-07-21,49600.0,631269,
120110,코오롱인더,2026-07-22,51500.0,207201,
120110,코오롱인더,2026-07-23,56200.0,125721,
120110,코오롱인더,2026-07-24,53500.0,161255,19.66
120110,코오롱인더,2026-07-27,54300.0,111371,19.32
120110,코오롱인더,2026-07-28,50100.0,165065,19.35
120110,코오롱인더,2026-07-29,45950.0,168414,19.57
120110,코오롱인더,2026-07-30,46050.0,152939,19.58
120110,코오롱인더,2026-07-31,48050.0,254936,19.74
120110,코오롱인더,2026-08-03,48650.0,147598,19.85
120110,코오롱인더,2026-08-04,52100.0,99887,19.67
120110,코오롱인더,2026-08-05,53800.0,58316,19.62
120110,코오롱인더,2026-08-06,56900.0,190460,19.39
120110,코오롱인더,2026-08-07,58600.0,173903,19.05
120110,코오롱인더,2026-08-10,58600.0,276085,18.68
120110,코오롱인더,2026-08-11,56600.0,220498,18.62
120110,코오롱인더,2026-08-12,55900.0,254033,18.83
120110,코오롱인더,2026-08-13,55700.0,185989,18.9
120110,코오롱인더,2026-08-14,55300.0,156822,18.9
120110,코오롱인더,2026-08-18,56000.0,282110,18.94
120110,코오롱인더,2026-08-19,54500.0,158301,18.95
120110,코오롱인더,2026-08-20,54500.0,146582,18.58
120110,코오롱인더,2026-08-21,49650.0,192192,18.36
120110,코오롱인더,2026-08-24,50300.0,108449,18.61
120110,코오롱인더,2026-08-25,55200.0,253465,18.4
120110,코오롱인더,2026-08-26,52600.0,170619,18.1
120110,코오롱인더,2026-08-27,53000.0,63404,18.1
120110,코오롱인더,2026-08-28,56500.0,162112,18.07
120110,코오롱인더,2026-08-31,59500.0,246187,18.04
120110,코오롱인더,2026-09-01,58900.0,262540,17.9
120110,코오롱인더,2026-09-02,56300.0,199424,17.75
120110,코오롱인더,2026-09-03,58200.0,240426,17.71
120110,코오롱인더,2026-09-04,55800.0,179954,17.4
120110,코오롱인더,2026-09-07,55200.0,176069,17.51
120110,코오롱인더,2026-09-08,55100.0,279869,17.61
120110,코오롱인더,2026-09-09,56900.0,479087,17.73
120110,코오롱인더,2026-09-10,54800.0,427568,18.03
120110,코오롱인더,2026-09-11,57400.0,326811,17.99
120110,코오롱인더,2026-09-14,54800.0,135944,17.76
120110,코오롱인더,2026-09-15,53800.0,94486,17.64
120110,코오롱인더,2026-09-16,54500.0,78355,17.74
120110,코오롱인더,2026-09-17,56100.0,159484,17.54
120110,코오롱인더,2026-09-18,57600.0,212859,17.57
120110,코오롱인더,2026-09-21,57600.0,142884,17.41
120110,코오롱인더,2026-09-22,55500.0,136394,17.28
120110,코오롱인더,2026-09-23,54400.0,165732,17.29
120110,코오롱인더,2026-09-28,55700.0,99320,17.48
120110,코오롱인더,2026-09-29,54900.0,120839,17.56
120110,코오롱인더,2026-09-30,55000.0,70903,17.53
120110,코오롱인더,2026-10-01,55100.0,162891,17.66
120110,코오롱인더,2026-10-02,56400.0,86607,17.74
121440,골프존홀딩스,2026-06-09,4720.0,179298,
121440,골프존홀딩스,2026-06-10,4645.0,78487,
121440,골프존홀딩스,2026-06-11,4565.0,21390,
121440,골프존홀딩스,2026-06-12,4615.0,39348,
121440,골프존홀딩스,2026-06-15,4660.0,66626,
121440,골프존홀딩스,2026-06-16,4800.0,120047,
121440,골프존홀딩스,2026-06-17,4750.0,37172,
121440,골프존홀딩스,2026-06-18,4730.0,63298,
121440,골프존홀딩스,2026-06-19,4565.0,69832,
121440,골프존홀딩스,2026-06-22,4500.0,47800,
121440,골프존홀딩스,2026-06-23,4490.0,210502,
121440,골프존홀딩스,2026-06-24,4475.0,51013,
121440,골프존홀딩스,2026-06-25,4255.0,132526,
121440,골프존홀딩스,2026-06-26,4255.0,125765,
121440,골프존홀딩스,2026-06-29,5530.0,118013,
121440,골프존홀딩스,2026-06-30,6630.0,4856037,
121440,골프존홀딩스,2026-07-01,6640.0,1066499,
121440,골프존홀딩스,2026-07-02,6630.0,708582,
121440,골프존홀딩스,2026-07-03,6640.0,1666259,
121440,골프존홀딩스,2026-07-06,6660.0,524098,
121440,골프존홀딩스,2026-07-07,6640.0,435930,
121440,골프존홀딩스,2026-07-08,6650.0,529019,
121440,골프존홀딩스,2026-07-09,6650.0,483960,
121440,골프존홀딩스,2026-07-10,6660.0,126302,
121440,골프존홀딩스,2026-07-13,6640.0,464121,
121440,골프존홀딩스,2026-07-14,6660.0,518985,
121440,골프존홀딩스,2026-07-15,6660.0,317857,
121440,골프존홀딩스,2026-07-16,6670.0,186037,
121440,골프존홀딩스,2026-07-20,6650.0,517147,
121440,골프존홀딩스,2026-07-21,6660.0,626223,
121440,골프존홀딩스,2026-07-22,6650.0,482906,
121440,골프존홀딩스,2026-07-23,6670.0,188731,
121440,골프존홀딩스,2026-07-24,6660.0,106097,6.5
121440,골프존홀딩스,2026-07-27,6660.0,171423,6.39
121440,골프존홀딩스,2026-07-28,6660.0,382742,6.32
121440,골프존홀딩스,2026-07-29,6680.0,1305830,7.32
121440,골프존홀딩스,2026-07-30,6680.0,368649,6.89
121440,골프존홀딩스,2026-07-31,6670.0,282249,7.37
121440,골프존홀딩스,2026-08-03,6670.0,345512,7.37
121440,골프존홀딩스,2026-08-04,6640.0,104215,7.31
121440,골프존홀딩스,2026-08-05,6630.0,312564,6.73
121440,골프존홀딩스,2026-08-06,6590.0,130311,5.52
121440,골프존홀딩스,2026-08-07,6580.0,92993,5.38
121440,골프존홀딩스,2026-08-10,6760.0,302104,5.8
121440,골프존홀딩스,2026-08-11,6710.0,21760,5.79
121440,골프존홀딩스,2026-08-12,6900.0,91180,5.85
121440,골프존홀딩스,2026-08-13,6810.0,72380,5.91
121440,골프존홀딩스,2026-08-14,7180.0,85772,5.97
121440,골프존홀딩스,2026-08-18,7050.0,53929,6.05
121440,골프존홀딩스,2026-08-19,7990.0,496155,6.27
121440,골프존홀딩스,2026-08-20,7530.0,89310,6.3
121440,골프존홀딩스,2026-08-21,7730.0,31297,6.32
121440,골프존홀딩스,2026-08-24,7540.0,21172,6.34
121440,골프존홀딩스,2026-08-25,7500.0,11856,6.36
121440,골프존홀딩스,2026-08-26,7600.0,157901,6.44
121440,골프존홀딩스,2026-08-27,7570.0,58351,6.51
121440,골프존홀딩스,2026-08-28,8250.0,86519,6.57
121440,골프존홀딩스,2026-08-31,8030.0,39084,6.56
121440,골프존홀딩스,2026-09-01,7760.0,20028,6.53
121440,골프존홀딩스,2026-09-02,7610.0,32760,6.54
121440,골프존홀딩스,2026-09-03,7860.0,28163,6.55
121440,골프존홀딩스,2026-09-04,7050.0,190727,6.6
121440,골프존홀딩스,2026-09-07,8050.0,337807,6.73
121440,골프존홀딩스,2026-09-08,8000.0,98549,6.78
121440,골프존홀딩스,2026-09-09,8020.0,74182,6.77
121440,골프존홀딩스,2026-09-10,7910.0,49077,6.81
121440,골프존홀딩스,2026-09-11,7880.0,17271,6.81
121440,골프존홀딩스,2026-09-14,7990.0,19301,6.82
121440,골프존홀딩스,2026-09-15,7880.0,33861,6.83
121440,골프존홀딩스,2026-09-16,7760.0,7813,6.84
121440,골프존홀딩스,2026-09-17,7930.0,11325,7.01
121440,골프존홀딩스,2026-09-18,7750.0,8160,7.01
121440,골프존홀딩스,2026-09-21,7800.0,8472,7.01
121440,골프존홀딩스,2026-09-22,7700.0,6429,7.02
121440,골프존홀딩스,2026-09-23,7660.0,17796,7.02
121440,골프존홀딩스,2026-09-28,7670.0,34994,7.04
121440,골프존홀딩스,2026-09-29,7610.0,12303,7.04
121440,골프존홀딩스,2026-09-30,7710.0,30079,7.06
121440,골프존홀딩스,2026-10-01,7700.0,40541,7.08
121440,골프존홀딩스,2026-10-02,7670.0,16613,7.08
122640,예스티,2026-06-09,25800.0,299211,
122640,예스티,2026-06-10,24100.0,270503,
122640,예스티,2026-06-11,27550.0,483250,
122640,예스티,2026-06-12,29700.0,636208,
122640,예스티,2026-06-15,31850.0,566253,
122640,예스티,2026-06-16,28900.0,298624,
122640,예스티,2026-06-17,33650.0,1317593,
122640,예스티,2026-06-18,39850.0,6835128,
122640,예스티,2026-06-19,34800.0,1744369,
122640,예스티,2026-06-22,38500.0,1805831,
122640,예스티,2026-06-23,38500.0,3151133,
122640,예스티,2026-06-24,37500.0,1357521,
122640,예스티,2026-06-25,35750.0,614584,
122640,예스티,2026-06-26,33000.0,807728,
122640,예스티,2026-06-29,32250.0,349320,
122640,예스티,2026-06-30,34800.0,547841,
122640,예스티,2026-07-01,39250.0,1602061,
122640,예스티,2026-07-02,33000.0,950620,
122640,예스티,2026-07-03,34300.0,739716,
122640,예스티,2026-07-06,30250.0,689917,
122640,예스티,2026-07-07,27600.0,595840,
122640,예스티,2026-07-08,24700.0,536685,
122640,예스티,2026-07-09,24950.0,695562,
122640,예스티,2026-07-10,31500.0,880512,
122640,예스티,2026-07-13,30500.0,526275,
122640,예스티,2026-07-14,31850.0,638667,
122640,예스티,2026-07-15,31400.0,583596,
122640,예스티,2026-07-16,28750.0,242253,
122640,예스티,2026-07-20,25750.0,648461,
122640,예스티,2026-07-21,26500.0,448598,
122640,예스티,2026-07-22,25450.0,360860,
122640,예스티,2026-07-23,24650.0,678594,
122640,예스티,2026-07-24,21750.0,725587,5.85
122640,예스티,2026-07-27,22000.0,345766,6.01
122640,예스티,2026-07-28,19310.0,485157,6.17
122640,예스티,2026-07-29,17700.0,655510,6.17
122640,예스티,2026-07-30,17200.0,393920,6.0
122640,예스티,2026-07-31,21500.0,504674,6.07
122640,예스티,2026-08-03,21650.0,398759,5.92
122640,예스티,2026-08-04,21200.0,309265,5.47
122640,예스티,2026-08-05,22450.0,410227,5.43
122640,예스티,2026-08-06,21400.0,316322,5.44
122640,예스티,2026-08-07,20400.0,278227,5.22
122640,예스티,2026-08-10,22000.0,235840,5.34
122640,예스티,2026-08-11,25100.0,749526,6.06
122640,예스티,2026-08-12,27400.0,721986,5.39
122640,예스티,2026-08-13,29100.0,424058,5.21
122640,예스티,2026-08-14,28700.0,367609,5.37
122640,예스티,2026-08-18,27500.0,414281,5.55
122640,예스티,2026-08-19,28000.0,396840,5.65
122640,예스티,2026-08-20,28850.0,352553,5.34
122640,예스티,2026-08-21,29550.0,481244,4.94
122640,예스티,2026-08-24,28450.0,257143,5.03
122640,예스티,2026-08-25,29850.0,335313,4.96
122640,예스티,2026-08-26,27800.0,392419,4.68
122640,예스티,2026-08-27,28650.0,351329,5.15
122640,예스티,2026-08-28,30200.0,705021,5.3
122640,예스티,2026-08-31,29600.0,332358,4.84
122640,예스티,2026-09-01,28700.0,322235,4.48
122640,예스티,2026-09-02,27000.0,555985,4.96
122640,예스티,2026-09-03,26850.0,276196,4.99
122640,예스티,2026-09-04,27150.0,374150,4.88
122640,예스티,2026-09-07,27450.0,349101,4.48
122640,예스티,2026-09-08,29000.0,588257,4.66
122640,예스티,2026-09-09,31350.0,644959,4.68
122640,예스티,2026-09-10,31150.0,524771,4.29
122640,예스티,2026-09-11,30050.0,284893,4.11
122640,예스티,2026-09-14,28500.0,198541,4.36
122640,예스티,2026-09-15,28600.0,191814,4.37
122640,예스티,2026-09-16,28800.0,176640,4.64
122640,예스티,2026-09-17,29350.0,170089,4.63
122640,예스티,2026-09-18,29600.0,277526,4.29
122640,예스티,2026-09-21,32250.0,899250,5.16
122640,예스티,2026-09-22,31600.0,382025,5.33
122640,예스티,2026-09-23,32200.0,280589,5.3
122640,예스티,2026-09-28,31300.0,218808,5.31
122640,예스티,2026-09-29,32800.0,261444,5.36
122640,예스티,2026-09-30,33550.0,407186,5.52
122640,예스티,2026-10-01,34500.0,461650,5.74
122640,예스티,2026-10-02,33850.0,315857,5.93
122870,와이지엔터테인먼트,2026-06-09,41150.0,128749,
122870,와이지엔터테인먼트,2026-06-10,40450.0,78006,
122870,와이지엔터테인먼트,2026-06-11,44500.0,286722,
122870,와이지엔터테인먼트,2026-06-12,45900.0,183945,
122870,와이지엔터테인먼트,2026-06-15,45000.0,99555,
122870,와이지엔터테인먼트,2026-06-16,46300.0,75897,
122870,와이지엔터테인먼트,2026-06-17,48300.0,140228,
122870,와이지엔터테인먼트,2026-06-18,46600.0,195487,
122870,와이지엔터테인먼트,2026-06-19,45250.0,92118,
122870,와이지엔터테인먼트,2026-06-22,44050.0,105344,
122870,와이지엔터테인먼트,2026-06-23,41850.0,117984,
122870,와이지엔터테인먼트,2026-06-24,43000.0,102626,
122870,와이지엔터테인먼트,2026-06-25,40800.0,103670,
122870,와이지엔터테인먼트,2026-06-26,39100.0,124419,
122870,와이지엔터테인먼트,2026-06-29,44150.0,170530,
122870,와이지엔터테인먼트,2026-06-30,41650.0,91769,
122870,와이지엔터테인먼트,2026-07-01,44000.0,99648,
122870,와이지엔터테인먼트,2026-07-02,43850.0,139399,
122870,와이지엔터테인먼트,2026-07-03,42300.0,117446,
122870,와이지엔터테인먼트,2026-07-06,43550.0,77829,
122870,와이지엔터테인먼트,2026-07-07,44200.0,136005,
122870,와이지엔터테인먼트,2026-07-08,42000.0,111514,
122870,와이지엔터테인먼트,2026-07-09,41050.0,156287,
122870,와이지엔터테인먼트,2026-07-10,42200.0,88770,
122870,와이지엔터테인먼트,2026-07-13,41750.0,117691,
122870,와이지엔터테인먼트,2026-07-14,40500.0,78513,
122870,와이지엔터테인먼트,2026-07-15,40800.0,57604,
122870,와이지엔터테인먼트,2026-07-16,40200.0,58255,
122870,와이지엔터테인먼트,2026-07-20,38400.0,102131,
122870,와이지엔터테인먼트,2026-07-21,38350.0,86943,
122870,와이지엔터테인먼트,2026-07-22,37800.0,79447,
122870,와이지엔터테인먼트,2026-07-23,40550.0,126434,
122870,와이지엔터테인먼트,2026-07-24,39800.0,74294,12.03
122870,와이지엔터테인먼트,2026-07-27,41550.0,102906,12.08
122870,와이지엔터테인먼트,2026-07-28,39250.0,86388,12.03
122870,와이지엔터테인먼트,2026-07-29,37050.0,168394,11.88
122870,와이지엔터테인먼트,2026-07-30,37200.0,147484,11.58
122870,와이지엔터테인먼트,2026-07-31,38150.0,101186,11.58
122870,와이지엔터테인먼트,2026-08-03,38500.0,131474,11.7
122870,와이지엔터테인먼트,2026-08-04,40750.0,148756,11.84
122870,와이지엔터테인먼트,2026-08-05,40100.0,86796,11.74
122870,와이지엔터테인먼트,2026-08-06,40600.0,95829,11.82
122870,와이지엔터테인먼트,2026-08-07,41550.0,98794,11.83
122870,와이지엔터테인먼트,2026-08-10,44300.0,183464,11.79
122870,와이지엔터테인먼트,2026-08-11,43300.0,122696,11.6
122870,와이지엔터테인먼트,2026-08-12,42500.0,96527,11.49
122870,와이지엔터테인먼트,2026-08-13,39700.0,237957,11.49
122870,와이지엔터테인먼트,2026-08-14,41050.0,130077,11.84
122870,와이지엔터테인먼트,2026-08-18,38650.0,215494,11.39
122870,와이지엔터테인먼트,2026-08-19,39450.0,108198,11.33
122870,와이지엔터테인먼트,2026-08-20,40300.0,93530,11.57
122870,와이지엔터테인먼트,2026-08-21,39100.0,77454,11.47
122870,와이지엔터테인먼트,2026-08-24,39400.0,105714,11.4
122870,와이지엔터테인먼트,2026-08-25,39300.0,119065,11.35
122870,와이지엔터테인먼트,2026-08-26,40600.0,124850,11.42
122870,와이지엔터테인먼트,2026-08-27,39850.0,99657,11.2
122870,와이지엔터테인먼트,2026-08-28,40450.0,85706,11.18
122870,와이지엔터테인먼트,2026-08-31,41150.0,403315,11.18
122870,와이지엔터테인먼트,2026-09-01,41000.0,117901,11.12
122870,와이지엔터테인먼트,2026-09-02,40000.0,105843,10.9
122870,와이지엔터테인먼트,2026-09-03,40650.0,87044,10.64
122870,와이지엔터테인먼트,2026-09-04,41950.0,90470,10.59
122870,와이지엔터테인먼트,2026-09-07,43600.0,132384,10.57
122870,와이지엔터테인먼트,2026-09-08,43450.0,121631,10.47
122870,와이지엔터테인먼트,2026-09-09,42100.0,115945,10.29
122870,와이지엔터테인먼트,2026-09-10,42450.0,156077,10.36
122870,와이지엔터테인먼트,2026-09-11,43400.0,141568,10.4
122870,와이지엔터테인먼트,2026-09-14,44200.0,155529,10.26
122870,와이지엔터테인먼트,2026-09-15,44750.0,99319,10.03
122870,와이지엔터테인먼트,2026-09-16,44600.0,125285,9.88
122870,와이지엔터테인먼트,2026-09-17,44200.0,79194,9.66
122870,와이지엔터테인먼트,2026-09-18,43600.0,104291,9.43
122870,와이지엔터테인먼트,2026-09-21,43700.0,91870,9.32
122870,와이지엔터테인먼트,2026-09-22,42700.0,131351,9.3
122870,와이지엔터테인먼트,2026-09-23,43000.0,94031,9.33
122870,와이지엔터테인먼트,2026-09-28,42700.0,105183,9.34
122870,와이지엔터테인먼트,2026-09-29,43050.0,105590,9.41
122870,와이지엔터테인먼트,2026-09-30,43200.0,75105,9.24
122870,와이지엔터테인먼트,2026-10-01,41400.0,129928,9.12
122870,와이지엔터테인먼트,2026-10-02,40700.0,84658,9.07
123890,한국자산신탁,2026-06-09,2165.0,261801,
123890,한국자산신탁,2026-06-10,2220.0,266332,
123890,한국자산신탁,2026-06-11,2395.0,2099568,
123890,한국자산신탁,2026-06-12,2295.0,425530,
123890,한국자산신탁,2026-06-15,2310.0,163862,
123890,한국자산신탁,2026-06-16,2390.0,817848,
123890,한국자산신탁,2026-06-17,2355.0,193600,
123890,한국자산신탁,2026-06-18,2350.0,173238,
123890,한국자산신탁,2026-06-19,2290.0,273971,
123890,한국자산신탁,2026-06-22,2265.0,262276,
123890,한국자산신탁,2026-06-23,2150.0,290680,
123890,한국자산신탁,2026-06-24,2125.0,268111,
123890,한국자산신탁,2026-06-25,2110.0,287681,
123890,한국자산신탁,2026-06-26,2065.0,401969,
123890,한국자산신탁,2026-06-29,2200.0,180843,
123890,한국자산신탁,2026-06-30,2140.0,120629,
123890,한국자산신탁,2026-07-01,2185.0,93262,
123890,한국자산신탁,2026-07-02,2190.0,134864,
123890,한국자산신탁,2026-07-03,2220.0,99996,
123890,한국자산신탁,2026-07-06,2240.0,101808,
123890,한국자산신탁,2026-07-07,2250.0,119588,
123890,한국자산신탁,2026-07-08,2275.0,355167,
123890,한국자산신탁,2026-07-09,2190.0,194226,
123890,한국자산신탁,2026-07-10,2260.0,147393,
123890,한국자산신탁,2026-07-13,2240.0,161294,
123890,한국자산신탁,2026-07-14,2200.0,435345,
123890,한국자산신탁,2026-07-15,2205.0,147343,
123890,한국자산신탁,2026-07-16,2225.0,120365,
123890,한국자산신탁,2026-07-20,2225.0,140350,
123890,한국자산신탁,2026-07-21,2180.0,143427,
123890,한국자산신탁,2026-07-22,2180.0,77035,
123890,한국자산신탁,2026-07-23,2255.0,124911,
123890,한국자산신탁,2026-07-24,2280.0,136300,4.32
123890,한국자산신탁,2026-07-27,2270.0,115365,4.33
123890,한국자산신탁,2026-07-28,2200.0,174947,4.36
123890,한국자산신탁,2026-07-29,2200.0,350499,4.42
123890,한국자산신탁,2026-07-30,2235.0,145468,4.44
123890,한국자산신탁,2026-07-31,2285.0,157292,4.5
123890,한국자산신탁,2026-08-03,2280.0,148191,4.48
123890,한국자산신탁,2026-08-04,2300.0,124549,4.49
123890,한국자산신탁,2026-08-05,2310.0,71241,4.51
123890,한국자산신탁,2026-08-06,2310.0,154135,4.52
123890,한국자산신탁,2026-08-07,2325.0,76505,4.55
123890,한국자산신탁,2026-08-10,2320.0,66226,4.55
123890,한국자산신탁,2026-08-11,2360.0,117902,4.58
123890,한국자산신탁,2026-08-12,2290.0,554121,4.74
123890,한국자산신탁,2026-08-13,2285.0,120521,4.71
123890,한국자산신탁,2026-08-14,2405.0,841633,5.0
123890,한국자산신탁,2026-08-18,2375.0,340359,5.01
123890,한국자산신탁,2026-08-19,2380.0,299992,5.06
123890,한국자산신탁,2026-08-20,2485.0,437989,5.06
123890,한국자산신탁,2026-08-21,2505.0,228926,5.1
123890,한국자산신탁,2026-08-24,2560.0,224293,5.21
123890,한국자산신탁,2026-08-25,2590.0,244506,5.23
123890,한국자산신탁,2026-08-26,2605.0,240255,5.28
123890,한국자산신탁,2026-08-27,2560.0,167598,5.26
123890,한국자산신탁,2026-08-28,2610.0,266527,5.35
123890,한국자산신탁,2026-08-31,2640.0,287800,5.34
123890,한국자산신탁,2026-09-01,2635.0,273153,5.33
123890,한국자산신탁,2026-09-02,2605.0,143822,5.37
123890,한국자산신탁,2026-09-03,2640.0,182756,5.39
123890,한국자산신탁,2026-09-04,2600.0,172367,5.38
123890,한국자산신탁,2026-09-07,2565.0,136306,5.38
123890,한국자산신탁,2026-09-08,2555.0,171469,5.44
123890,한국자산신탁,2026-09-09,2525.0,184170,5.5
123890,한국자산신탁,2026-09-10,2545.0,184582,5.58
123890,한국자산신탁,2026-09-11,2530.0,175136,5.63
123890,한국자산신탁,2026-09-14,2515.0,177077,5.68
123890,한국자산신탁,2026-09-15,2500.0,138121,5.69
123890,한국자산신탁,2026-09-16,2470.0,109665,5.76
123890,한국자산신탁,2026-09-17,2470.0,164400,5.66
123890,한국자산신탁,2026-09-18,2460.0,137348,5.68
123890,한국자산신탁,2026-09-21,2455.0,120494,5.69
123890,한국자산신탁,2026-09-22,2435.0,157156,5.71
123890,한국자산신탁,2026-09-23,2425.0,73425,5.7
123890,한국자산신탁,2026-09-28,2465.0,175236,5.77
123890,한국자산신탁,2026-09-29,2440.0,99617,5.73
123890,한국자산신탁,2026-09-30,2420.0,80139,5.72
123890,한국자산신탁,2026-10-01,2415.0,80378,5.72
123890,한국자산신탁,2026-10-02,2410.0,122377,5.71
127120,제이에스링크,2026-06-09,34550.0,215846,
127120,제이에스링크,2026-06-10,30900.0,686268,
127120,제이에스링크,2026-06-11,32850.0,80663,
127120,제이에스링크,2026-06-12,32950.0,120146,
127120,제이에스링크,2026-06-15,35700.0,154417,
127120,제이에스링크,2026-06-16,36100.0,78686,
127120,제이에스링크,2026-06-17,35000.0,88252,
127120,제이에스링크,2026-06-18,35200.0,113944,
127120,제이에스링크,2026-06-19,35900.0,133095,
127120,제이에스링크,2026-06-22,35250.0,91701,
127120,제이에스링크,2026-06-23,30900.0,224358,
127120,제이에스링크,2026-06-24,35150.0,202338,
127120,제이에스링크,2026-06-25,34600.0,116489,
127120,제이에스링크,2026-06-26,34950.0,142086,
127120,제이에스링크,2026-06-29,36200.0,118548,
127120,제이에스링크,2026-06-30,37450.0,130054,
127120,제이에스링크,2026-07-01,36350.0,70696,
127120,제이에스링크,2026-07-02,36150.0,124170,
127120,제이에스링크,2026-07-03,36450.0,60718,
127120,제이에스링크,2026-07-06,36900.0,60708,
127120,제이에스링크,2026-07-07,37500.0,254921,
127120,제이에스링크,2026-07-08,36500.0,199910,
127120,제이에스링크,2026-07-09,37350.0,90659,
127120,제이에스링크,2026-07-10,38950.0,122803,
127120,제이에스링크,2026-07-13,36950.0,114927,
127120,제이에스링크,2026-07-14,36950.0,86226,
127120,제이에스링크,2026-07-15,40250.0,257988,
127120,제이에스링크,2026-07-16,34750.0,200942,
127120,제이에스링크,2026-07-20,32200.0,153534,
127120,제이에스링크,2026-07-21,32600.0,135252,
127120,제이에스링크,2026-07-22,32950.0,111977,
127120,제이에스링크,2026-07-23,34950.0,66540,
127120,제이에스링크,2026-07-24,32850.0,69359,2.52
127120,제이에스링크,2026-07-27,33300.0,40930,2.52
127120,제이에스링크,2026-07-28,32200.0,90026,2.56
127120,제이에스링크,2026-07-29,29950.0,152661,2.61
127120,제이에스링크,2026-07-30,27750.0,184434,2.71
127120,제이에스링크,2026-07-31,28950.0,83428,2.7
127120,제이에스링크,2026-08-03,28000.0,102393,2.71
127120,제이에스링크,2026-08-04,32900.0,229897,2.82
127120,제이에스링크,2026-08-05,35350.0,214258,2.84
127120,제이에스링크,2026-08-06,40100.0,419818,3.29
127120,제이에스링크,2026-08-07,39150.0,120191,3.31
127120,제이에스링크,2026-08-10,40950.0,191769,3.36
127120,제이에스링크,2026-08-11,41000.0,127529,3.52
127120,제이에스링크,2026-08-12,41600.0,126551,3.73
127120,제이에스링크,2026-08-13,41500.0,210617,3.91
127120,제이에스링크,2026-08-14,40500.0,101655,3.72
127120,제이에스링크,2026-08-18,38050.0,263606,3.57
127120,제이에스링크,2026-08-19,36700.0,212847,3.43
127120,제이에스링크,2026-08-20,37250.0,83321,3.3
127120,제이에스링크,2026-08-21,34000.0,209336,3.11
127120,제이에스링크,2026-08-24,34300.0,119173,3.2
127120,제이에스링크,2026-08-25,34400.0,120526,3.14
127120,제이에스링크,2026-08-26,33500.0,184749,3.12
127120,제이에스링크,2026-08-27,34000.0,137163,3.16
127120,제이에스링크,2026-08-28,33950.0,52156,3.1
127120,제이에스링크,2026-08-31,33000.0,46353,3.1
127120,제이에스링크,2026-09-01,32000.0,156746,3.14
127120,제이에스링크,2026-09-02,30700.0,112460,3.21
127120,제이에스링크,2026-09-03,29900.0,142043,3.14
127120,제이에스링크,2026-09-04,33600.0,468934,3.24
127120,제이에스링크,2026-09-07,32400.0,202439,3.09
127120,제이에스링크,2026-09-08,31700.0,216410,3.22
127120,제이에스링크,2026-09-09,33000.0,123912,3.41
127120,제이에스링크,2026-09-10,32650.0,157361,3.32
127120,제이에스링크,2026-09-11,31450.0,95238,3.3
127120,제이에스링크,2026-09-14,30150.0,93584,3.36
127120,제이에스링크,2026-09-15,30250.0,77287,3.37
127120,제이에스링크,2026-09-16,31150.0,168990,3.5
127120,제이에스링크,2026-09-17,32250.0,101099,3.59
127120,제이에스링크,2026-09-18,32450.0,845121,3.82
127120,제이에스링크,2026-09-21,34400.0,407074,3.91
127120,제이에스링크,2026-09-22,32450.0,135842,3.7
127120,제이에스링크,2026-09-23,32000.0,65750,3.62
127120,제이에스링크,2026-09-28,32150.0,416946,4.34
127120,제이에스링크,2026-09-29,30300.0,279262,4.04
127120,제이에스링크,2026-09-30,30350.0,119651,3.8
127120,제이에스링크,2026-10-01,30400.0,100533,3.77
127120,제이에스링크,2026-10-02,29700.0,166864,3.67
136490,선진,2026-06-09,9320.0,78646,
136490,선진,2026-06-10,9170.0,90656,
136490,선진,2026-06-11,9250.0,67960,
136490,선진,2026-06-12,9430.0,79421,
136490,선진,2026-06-15,9580.0,48364,
136490,선진,2026-06-16,9520.0,49155,
136490,선진,2026-06-17,9630.0,48351,
136490,선진,2026-06-18,9360.0,39318,
136490,선진,2026-06-19,9140.0,112321,
136490,선진,2026-06-22,9080.0,47409,
136490,선진,2026-06-23,8800.0,62392,
136490,선진,2026-06-24,8850.0,59317,
136490,선진,2026-06-25,8850.0,46183,
136490,선진,2026-06-26,8600.0,327186,
136490,선진,2026-06-29,9260.0,78917,
136490,선진,2026-06-30,9230.0,88612,
136490,선진,2026-07-01,9230.0,89954,
136490,선진,2026-07-02,9020.0,169406,
136490,선진,2026-07-03,9160.0,200065,
136490,선진,2026-07-06,9190.0,98107,
136490,선진,2026-07-07,9160.0,125267,
136490,선진,2026-07-08,9090.0,182349,
136490,선진,2026-07-09,9350.0,173715,
136490,선진,2026-07-10,9750.0,94165,
136490,선진,2026-07-13,9810.0,97705,
136490,선진,2026-07-14,10010.0,181635,
136490,선진,2026-07-15,10060.0,95605,
136490,선진,2026-07-16,9890.0,74591,
136490,선진,2026-07-20,9490.0,73739,
136490,선진,2026-07-21,9770.0,41996,
136490,선진,2026-07-22,9520.0,50128,
136490,선진,2026-07-23,9790.0,34266,
136490,선진,2026-07-24,9690.0,46721,7.52
136490,선진,2026-07-27,9640.0,46166,7.52
136490,선진,2026-07-28,9250.0,76188,7.48
136490,선진,2026-07-29,8970.0,215718,7.57
136490,선진,2026-07-30,9140.0,97636,7.69
136490,선진,2026-07-31,9510.0,39815,7.71
136490,선진,2026-08-03,9450.0,33319,7.67
136490,선진,2026-08-04,9790.0,55334,7.73
136490,선진,2026-08-05,10100.0,101559,7.77
136490,선진,2026-08-06,10190.0,48942,7.81
136490,선진,2026-08-07,10340.0,57083,7.87
136490,선진,2026-08-10,10760.0,93990,7.92
136490,선진,2026-08-11,10850.0,93503,7.81
136490,선진,2026-08-12,10850.0,92777,7.72
136490,선진,2026-08-13,10640.0,161383,7.54
136490,선진,2026-08-14,10450.0,217655,7.6
136490,선진,2026-08-18,10220.0,153305,7.49
136490,선진,2026-08-19,9930.0,79266,7.45
136490,선진,2026-08-20,10140.0,86311,7.46
136490,선진,2026-08-21,10300.0,109366,7.52
136490,선진,2026-08-24,10480.0,69653,7.66
136490,선진,2026-08-25,10640.0,81865,7.53
136490,선진,2026-08-26,10620.0,63472,7.52
136490,선진,2026-08-27,10150.0,69733,7.43
136490,선진,2026-08-28,10250.0,31071,7.45
136490,선진,2026-08-31,10160.0,51979,7.41
136490,선진,2026-09-01,10340.0,44784,7.39
136490,선진,2026-09-02,10150.0,32051,7.33
136490,선진,2026-09-03,10950.0,353133,7.76
136490,선진,2026-09-04,10990.0,104748,7.75
136490,선진,2026-09-07,11260.0,140270,7.77
136490,선진,2026-09-08,10970.0,119275,7.76
136490,선진,2026-09-09,10710.0,49611,7.75
136490,선진,2026-09-10,10800.0,39950,7.76
136490,선진,2026-09-11,10810.0,23490,7.76
136490,선진,2026-09-14,10590.0,32101,7.74
136490,선진,2026-09-15,10570.0,83053,7.73
136490,선진,2026-09-16,10280.0,36637,7.68
136490,선진,2026-09-17,10200.0,28268,7.65
136490,선진,2026-09-18,10230.0,42853,7.68
136490,선진,2026-09-21,10130.0,189795,7.65
136490,선진,2026-09-22,10230.0,57997,7.65
136490,선진,2026-09-23,10360.0,47242,7.65
136490,선진,2026-09-28,10270.0,28977,7.66
136490,선진,2026-09-29,10090.0,70514,7.64
136490,선진,2026-09-30,9960.0,88489,7.55
136490,선진,2026-10-01,10020.0,20855,7.55
136490,선진,2026-10-02,10130.0,24606,7.54
139480,이마트,2026-06-09,87300.0,178421,
139480,이마트,2026-06-10,87500.0,154715,
139480,이마트,2026-06-11,88400.0,262727,
139480,이마트,2026-06-12,88600.0,213578,
139480,이마트,2026-06-15,90200.0,127562,
139480,이마트,2026-06-16,91000.0,123589,
139480,이마트,2026-06-17,88900.0,158778,
139480,이마트,2026-06-18,87500.0,106538,
139480,이마트,2026-06-19,86400.0,164955,
139480,이마트,2026-06-22,82500.0,131028,
139480,이마트,2026-06-23,81400.0,156812,
139480,이마트,2026-06-24,80400.0,156105,
139480,이마트,2026-06-25,80600.0,105753,
139480,이마트,2026-06-26,79500.0,158519,
139480,이마트,2026-06-29,84300.0,162870,
139480,이마트,2026-06-30,82400.0,146426,
139480,이마트,2026-07-01,82400.0,99279,
139480,이마트,2026-07-02,83500.0,110541,
139480,이마트,2026-07-03,83500.0,161935,
139480,이마트,2026-07-06,85100.0,92833,
139480,이마트,2026-07-07,84700.0,85377,
139480,이마트,2026-07-08,81100.0,153672,
139480,이마트,2026-07-09,79600.0,158767,
139480,이마트,2026-07-10,81800.0,97998,
139480,이마트,2026-07-13,82300.0,118104,
139480,이마트,2026-07-14,80300.0,100269,
139480,이마트,2026-07-15,79400.0,138894,
139480,이마트,2026-07-16,79700.0,121455,
139480,이마트,2026-07-20,75500.0,125318,
139480,이마트,2026-07-21,79900.0,160116,
139480,이마트,2026-07-22,81700.0,166115,
139480,이마트,2026-07-23,83400.0,80252,
139480,이마트,2026-07-24,82300.0,82285,25.79
139480,이마트,2026-07-27,82700.0,52711,25.61
139480,이마트,2026-07-28,79300.0,75848,25.62
139480,이마트,2026-07-29,77100.0,174660,25.64
139480,이마트,2026-07-30,77800.0,92510,25.66
139480,이마트,2026-07-31,79800.0,124222,25.54
139480,이마트,2026-08-03,78200.0,93485,25.65
139480,이마트,2026-08-04,80100.0,89887,25.71
139480,이마트,2026-08-05,79700.0,87577,25.55
139480,이마트,2026-08-06,81400.0,90013,25.69
139480,이마트,2026-08-07,81600.0,108421,25.57
139480,이마트,2026-08-10,81800.0,111368,25.58
139480,이마트,2026-08-11,80600.0,88216,25.42
139480,이마트,2026-08-12,79900.0,94687,25.48
139480,이마트,2026-08-13,78100.0,324166,25.29
139480,이마트,2026-08-14,78900.0,124603,25.17
139480,이마트,2026-08-18,76100.0,196191,24.57
139480,이마트,2026-08-19,72500.0,213578,24.19
139480,이마트,2026-08-20,72500.0,121806,24.17
139480,이마트,2026-08-21,71900.0,121403,24.06
139480,이마트,2026-08-24,72600.0,96250,24.06
139480,이마트,2026-08-25,72800.0,103391,24.01
139480,이마트,2026-08-26,75100.0,108930,24.16
139480,이마트,2026-08-27,74000.0,89121,24.01
139480,이마트,2026-08-28,75100.0,85152,24.04
139480,이마트,2026-08-31,74300.0,68099,23.99
139480,이마트,2026-09-01,74800.0,110782,23.87
139480,이마트,2026-09-02,72900.0,73331,23.85
139480,이마트,2026-09-03,73800.0,88289,23.85
139480,이마트,2026-09-04,73500.0,88259,23.65
139480,이마트,2026-09-07,74200.0,74045,23.67
139480,이마트,2026-09-08,75900.0,135983,23.84
139480,이마트,2026-09-09,75000.0,95678,23.65
139480,이마트,2026-09-10,73900.0,176880,23.47
139480,이마트,2026-09-11,73700.0,52244,23.46
139480,이마트,2026-09-14,74600.0,117729,23.65
139480,이마트,2026-09-15,74300.0,105011,23.54
139480,이마트,2026-09-16,73400.0,100968,23.37
139480,이마트,2026-09-17,73500.0,68362,23.23
139480,이마트,2026-09-18,73800.0,102910,23.28
139480,이마트,2026-09-21,73300.0,68718,23.18
139480,이마트,2026-09-22,72700.0,89482,23.02
139480,이마트,2026-09-23,71800.0,99306,22.77
139480,이마트,2026-09-28,72000.0,67550,22.87
139480,이마트,2026-09-29,71900.0,52337,22.84
139480,이마트,2026-09-30,71700.0,90645,22.8
139480,이마트,2026-10-01,71000.0,68945,22.69
139480,이마트,2026-10-02,72000.0,72917,22.72
143160,아이디스,2026-06-09,15720.0,8548,
143160,아이디스,2026-06-10,15300.0,21437,
143160,아이디스,2026-06-11,15500.0,6335,
143160,아이디스,2026-06-12,15550.0,6753,
143160,아이디스,2026-06-15,15360.0,11144,
143160,아이디스,2026-06-16,15050.0,8421,
143160,아이디스,2026-06-17,15100.0,8191,
143160,아이디스,2026-06-18,14660.0,11946,
143160,아이디스,2026-06-19,14620.0,9788,
143160,아이디스,2026-06-22,14200.0,15713,
143160,아이디스,2026-06-23,13910.0,14068,
143160,아이디스,2026-06-24,14120.0,11406,
143160,아이디스,2026-06-25,14400.0,6577,
143160,아이디스,2026-06-26,14080.0,14447,
143160,아이디스,2026-06-29,15180.0,15333,
143160,아이디스,2026-06-30,15250.0,1406,
143160,아이디스,2026-07-01,15230.0,5973,
143160,아이디스,2026-07-02,14820.0,7868,
143160,아이디스,2026-07-03,15020.0,19087,
143160,아이디스,2026-07-06,15280.0,11225,
143160,아이디스,2026-07-07,15300.0,5003,
143160,아이디스,2026-07-08,15000.0,14601,
143160,아이디스,2026-07-09,14920.0,12003,
143160,아이디스,2026-07-10,15280.0,6169,
143160,아이디스,2026-07-13,14900.0,5680,
143160,아이디스,2026-07-14,14960.0,13744,
143160,아이디스,2026-07-15,15270.0,3643,
143160,아이디스,2026-07-16,15380.0,8093,
143160,아이디스,2026-07-20,15320.0,11459,
143160,아이디스,2026-07-21,15440.0,18389,
143160,아이디스,2026-07-22,15500.0,5915,
143160,아이디스,2026-07-23,15910.0,13839,
143160,아이디스,2026-07-24,15870.0,6590,2.4
143160,아이디스,2026-07-27,15810.0,16014,2.4
143160,아이디스,2026-07-28,15800.0,16389,2.44
143160,아이디스,2026-07-29,15650.0,28599,2.43
143160,아이디스,2026-07-30,15850.0,24495,2.44
143160,아이디스,2026-07-31,16100.0,10582,2.47
143160,아이디스,2026-08-03,15300.0,4429,2.45
143160,아이디스,2026-08-04,15270.0,7407,2.44
143160,아이디스,2026-08-05,15170.0,10386,2.43
143160,아이디스,2026-08-06,15290.0,2073,2.44
143160,아이디스,2026-08-07,15280.0,4925,2.45
143160,아이디스,2026-08-10,15510.0,6729,2.46
143160,아이디스,2026-08-11,15790.0,4547,2.47
143160,아이디스,2026-08-12,15750.0,4445,2.45
143160,아이디스,2026-08-13,15480.0,3433,2.44
143160,아이디스,2026-08-14,15700.0,6055,2.47
143160,아이디스,2026-08-18,15600.0,10271,2.48
143160,아이디스,2026-08-19,15550.0,20092,2.42
143160,아이디스,2026-08-20,16330.0,22055,2.35
143160,아이디스,2026-08-21,16160.0,945,2.34
143160,아이디스,2026-08-24,16090.0,4673,2.34
143160,아이디스,2026-08-25,16140.0,3949,2.33
143160,아이디스,2026-08-26,16130.0,2806,2.34
143160,아이디스,2026-08-27,16000.0,5093,2.33
143160,아이디스,2026-08-28,16150.0,2518,2.33
143160,아이디스,2026-08-31,16250.0,3962,2.28
143160,아이디스,2026-09-01,16290.0,2054,2.28
143160,아이디스,2026-09-02,16090.0,970,2.28
143160,아이디스,2026-09-03,16120.0,8274,2.27
143160,아이디스,2026-09-04,16100.0,2821,2.26
143160,아이디스,2026-09-07,16120.0,3142,2.26
143160,아이디스,2026-09-08,16140.0,4286,2.24
143160,아이디스,2026-09-09,16100.0,7613,2.19
143160,아이디스,2026-09-10,16070.0,5731,2.14
143160,아이디스,2026-09-11,16030.0,2044,2.13
143160,아이디스,2026-09-14,16150.0,1392,2.12
143160,아이디스,2026-09-15,16100.0,3566,2.09
143160,아이디스,2026-09-16,16090.0,690,2.1
143160,아이디스,2026-09-17,16000.0,6692,2.07
143160,아이디스,2026-09-18,16130.0,1231,2.06
143160,아이디스,2026-09-21,15910.0,4285,2.03
143160,아이디스,2026-09-22,15940.0,2714,2.02
143160,아이디스,2026-09-23,16200.0,2905,2.01
143160,아이디스,2026-09-28,16070.0,1890,2.01
143160,아이디스,2026-09-29,16140.0,2701,2.0
143160,아이디스,2026-09-30,15970.0,1183,2.0
143160,아이디스,2026-10-01,16070.0,4134,1.99
143160,아이디스,2026-10-02,16090.0,5706,2.0
161890,한국콜마,2026-06-09,81800.0,156285,
161890,한국콜마,2026-06-10,83000.0,144964,
161890,한국콜마,2026-06-11,86100.0,222041,
161890,한국콜마,2026-06-12,86400.0,228243,
161890,한국콜마,2026-06-15,87000.0,166785,
161890,한국콜마,2026-06-16,85700.0,259245,
161890,한국콜마,2026-06-17,88400.0,286295,
161890,한국콜마,2026-06-18,87800.0,167720,
161890,한국콜마,2026-06-19,86500.0,197637,
161890,한국콜마,2026-06-22,85800.0,163985,
161890,한국콜마,2026-06-23,83400.0,246880,
161890,한국콜마,2026-06-24,86400.0,183969,
161890,한국콜마,2026-06-25,86600.0,264099,
161890,한국콜마,2026-06-26,90700.0,523755,
161890,한국콜마,2026-06-29,99400.0,580691,
161890,한국콜마,2026-06-30,99500.0,454716,
161890,한국콜마,2026-07-01,106800.0,427584,
161890,한국콜마,2026-07-02,113700.0,1223617,
161890,한국콜마,2026-07-03,117800.0,668789,
161890,한국콜마,2026-07-06,116300.0,342547,
161890,한국콜마,2026-07-07,115100.0,482238,
161890,한국콜마,2026-07-08,112100.0,675494,
161890,한국콜마,2026-07-09,102800.0,662474,
161890,한국콜마,2026-07-10,106500.0,324913,
161890,한국콜마,2026-07-13,115800.0,557445,
161890,한국콜마,2026-07-14,106300.0,480040,
161890,한국콜마,2026-07-15,107200.0,390424,
161890,한국콜마,2026-07-16,107600.0,242341,
161890,한국콜마,2026-07-20,99500.0,240843,
161890,한국콜마,2026-07-21,101700.0,186806,
161890,한국콜마,2026-07-22,98300.0,367655,
161890,한국콜마,2026-07-23,102400.0,240139,
161890,한국콜마,2026-07-24,100200.0,167707,40.24
161890,한국콜마,2026-07-27,102500.0,200253,40.11
161890,한국콜마,2026-07-28,98900.0,221545,40.07
161890,한국콜마,2026-07-29,97400.0,465040,39.69
161890,한국콜마,2026-07-30,93200.0,333684,39.86
161890,한국콜마,2026-07-31,95200.0,278439,40.32
161890,한국콜마,2026-08-03,96800.0,164882,40.31
161890,한국콜마,2026-08-04,101300.0,341815,39.81
161890,한국콜마,2026-08-05,102300.0,124624,39.89
161890,한국콜마,2026-08-06,106900.0,222708,39.76
161890,한국콜마,2026-08-07,106700.0,174886,39.75
161890,한국콜마,2026-08-10,105900.0,196254,39.85
161890,한국콜마,2026-08-11,107900.0,326322,39.82
161890,한국콜마,2026-08-12,132500.0,2512264,39.0
161890,한국콜마,2026-08-13,135200.0,1269017,40.74
161890,한국콜마,2026-08-14,136700.0,604709,41.15
161890,한국콜마,2026-08-18,129700.0,499740,41.14
161890,한국콜마,2026-08-19,127800.0,295464,40.95
161890,한국콜마,2026-08-20,137800.0,411216,40.86
161890,한국콜마,2026-08-21,136700.0,365642,40.58
161890,한국콜마,2026-08-24,143300.0,318949,40.34
161890,한국콜마,2026-08-25,150000.0,470513,39.87
161890,한국콜마,2026-08-26,148800.0,255711,40.03
161890,한국콜마,2026-08-27,145800.0,230730,40.35
161890,한국콜마,2026-08-28,161700.0,497981,40.22
161890,한국콜마,2026-08-31,160100.0,434400,39.65
161890,한국콜마,2026-09-01,155000.0,392292,39.66
161890,한국콜마,2026-09-02,155000.0,243073,39.63
161890,한국콜마,2026-09-03,150600.0,315807,40.11
161890,한국콜마,2026-09-04,145800.0,345513,40.73
161890,한국콜마,2026-09-07,144300.0,287101,40.88
161890,한국콜마,2026-09-08,141000.0,437182,40.95
161890,한국콜마,2026-09-09,140300.0,181491,40.91
161890,한국콜마,2026-09-10,139400.0,320312,40.48
161890,한국콜마,2026-09-11,141300.0,414648,40.32
161890,한국콜마,2026-09-14,145800.0,504102,39.96
161890,한국콜마,2026-09-15,144700.0,186846,40.08
161890,한국콜마,2026-09-16,150200.0,265308,40.19
161890,한국콜마,2026-09-17,148000.0,220822,40.17
161890,한국콜마,2026-09-18,145500.0,271348,40.24
161890,한국콜마,2026-09-21,145900.0,157240,40.33
161890,한국콜마,2026-09-22,146000.0,266921,40.67
161890,한국콜마,2026-09-23,146700.0,274025,41.03
161890,한국콜마,2026-09-28,148000.0,116379,41.14
161890,한국콜마,2026-09-29,149600.0,144872,41.15
161890,한국콜마,2026-09-30,145600.0,271204,41.24
161890,한국콜마,2026-10-01,146000.0,232344,41.18
161890,한국콜마,2026-10-02,137100.0,689017,40.76
174900,앱클론,2026-06-09,30750.0,199872,
174900,앱클론,2026-06-10,29050.0,176940,
174900,앱클론,2026-06-11,29700.0,139359,
174900,앱클론,2026-06-12,29800.0,168095,
174900,앱클론,2026-06-15,31750.0,235199,
174900,앱클론,2026-06-16,33350.0,249186,
174900,앱클론,2026-06-17,34000.0,313787,
174900,앱클론,2026-06-18,31600.0,156597,
174900,앱클론,2026-06-19,29800.0,158771,
174900,앱클론,2026-06-22,28650.0,160524,
174900,앱클론,2026-06-23,26450.0,144242,
174900,앱클론,2026-06-24,29000.0,161377,
174900,앱클론,2026-06-25,27350.0,126786,
174900,앱클론,2026-06-26,25250.0,190266,
174900,앱클론,2026-06-29,30050.0,208436,
174900,앱클론,2026-06-30,27800.0,103421,
174900,앱클론,2026-07-01,28250.0,131499,
174900,앱클론,2026-07-02,26350.0,109991,
174900,앱클론,2026-07-03,26650.0,131353,
174900,앱클론,2026-07-06,25650.0,119360,
174900,앱클론,2026-07-07,25200.0,135635,
174900,앱클론,2026-07-08,23100.0,128980,
174900,앱클론,2026-07-09,22650.0,91720,
174900,앱클론,2026-07-10,23500.0,96892,
174900,앱클론,2026-07-13,22650.0,99052,
174900,앱클론,2026-07-14,21400.0,193265,
174900,앱클론,2026-07-15,22850.0,136064,
174900,앱클론,2026-07-16,21950.0,70395,
174900,앱클론,2026-07-20,20650.0,83115,
174900,앱클론,2026-07-21,19870.0,159002,
174900,앱클론,2026-07-22,19660.0,82745,
174900,앱클론,2026-07-23,20750.0,122073,
174900,앱클론,2026-07-24,19740.0,61570,12.76
174900,앱클론,2026-07-27,19760.0,64686,12.72
174900,앱클론,2026-07-28,18520.0,126482,12.78
174900,앱클론,2026-07-29,16820.0,209516,13.01
174900,앱클론,2026-07-30,17280.0,141594,13.1
174900,앱클론,2026-07-31,19700.0,97942,13.05
174900,앱클론,2026-08-03,21950.0,146070,13.56
174900,앱클론,2026-08-04,26500.0,499801,12.99
174900,앱클론,2026-08-05,26200.0,184558,12.7
174900,앱클론,2026-08-06,27300.0,226005,12.32
174900,앱클론,2026-08-07,28000.0,149962,12.13
174900,앱클론,2026-08-10,34700.0,535264,11.53
174900,앱클론,2026-08-11,34000.0,198663,11.3
174900,앱클론,2026-08-12,30900.0,276951,11.15
174900,앱클론,2026-08-13,31000.0,203785,10.48
174900,앱클론,2026-08-14,32350.0,277205,10.07
174900,앱클론,2026-08-18,29250.0,227148,10.08
174900,앱클론,2026-08-19,29750.0,240155,9.88
174900,앱클론,2026-08-20,30100.0,261766,9.48
174900,앱클론,2026-08-21,27550.0,193221,9.19
174900,앱클론,2026-08-24,30150.0,347389,8.78
174900,앱클론,2026-08-25,28300.0,320598,8.07
174900,앱클론,2026-08-26,28450.0,195761,7.83
174900,앱클론,2026-08-27,27650.0,221561,7.52
174900,앱클론,2026-08-28,26050.0,222845,7.33
174900,앱클론,2026-08-31,24600.0,217916,7.35
174900,앱클론,2026-09-01,23700.0,114025,7.42
174900,앱클론,2026-09-02,22300.0,130433,7.52
174900,앱클론,2026-09-03,20400.0,209116,7.68
174900,앱클론,2026-09-04,21600.0,163062,7.51
174900,앱클론,2026-09-07,21850.0,96217,7.43
174900,앱클론,2026-09-08,20450.0,153063,7.53
174900,앱클론,2026-09-09,20950.0,103599,7.73
174900,앱클론,2026-09-10,20850.0,69987,7.85
174900,앱클론,2026-09-11,20500.0,80476,7.71
174900,앱클론,2026-09-14,20050.0,72450,7.66
174900,앱클론,2026-09-15,20900.0,121492,7.56
174900,앱클론,2026-09-16,20450.0,47236,7.7
174900,앱클론,2026-09-17,19850.0,68726,7.54
174900,앱클론,2026-09-18,19550.0,118482,7.57
174900,앱클론,2026-09-21,19580.0,117367,7.74
174900,앱클론,2026-09-22,19440.0,133396,7.78
174900,앱클론,2026-09-23,19710.0,59853,7.8
174900,앱클론,2026-09-28,19410.0,94557,8.04
174900,앱클론,2026-09-29,22000.0,357272,7.9
174900,앱클론,2026-09-30,22250.0,235736,7.63
174900,앱클론,2026-10-01,26500.0,536798,7.41
174900,앱클론,2026-10-02,28250.0,330955,6.95
178320,서진시스템,2026-06-09,73600.0,1405296,
178320,서진시스템,2026-06-10,69700.0,5248240,
178320,서진시스템,2026-06-11,74500.0,2818164,
178320,서진시스템,2026-06-12,75100.0,2694190,
178320,서진시스템,2026-06-15,78200.0,1659261,
178320,서진시스템,2026-06-16,74300.0,2350125,
178320,서진시스템,2026-06-17,68900.0,1191333,
178320,서진시스템,2026-06-18,69100.0,1032109,
178320,서진시스템,2026-06-19,67500.0,1153593,
178320,서진시스템,2026-06-22,66400.0,1501517,
178320,서진시스템,2026-06-23,56700.0,2011958,
178320,서진시스템,2026-06-24,55500.0,1652451,
178320,서진시스템,2026-06-25,53100.0,1869410,
178320,서진시스템,2026-06-26,48850.0,1300389,
178320,서진시스템,2026-06-29,52800.0,1414852,
178320,서진시스템,2026-06-30,52500.0,1296982,
178320,서진시스템,2026-07-01,56400.0,1575561,
178320,서진시스템,2026-07-02,51800.0,1759959,
178320,서진시스템,2026-07-03,50900.0,920406,
178320,서진시스템,2026-07-06,46950.0,1392575,
178320,서진시스템,2026-07-07,45750.0,842662,
178320,서진시스템,2026-07-08,43600.0,1319089,
178320,서진시스템,2026-07-09,41700.0,1150465,
178320,서진시스템,2026-07-10,47350.0,1133176,
178320,서진시스템,2026-07-13,39250.0,1884699,
178320,서진시스템,2026-07-14,37700.0,1254161,
178320,서진시스템,2026-07-15,41950.0,2056791,
178320,서진시스템,2026-07-16,39300.0,558293,
178320,서진시스템,2026-07-20,36600.0,638415,
178320,서진시스템,2026-07-21,36200.0,1177660,
178320,서진시스템,2026-07-22,36250.0,656029,
178320,서진시스템,2026-07-23,42500.0,1208044,
178320,서진시스템,2026-07-24,39000.0,893439,16.36
178320,서진시스템,2026-07-27,39800.0,603864,15.95
178320,서진시스템,2026-07-28,33050.0,922018,15.93
178320,서진시스템,2026-07-29,29550.0,1447555,16.48
178320,서진시스템,2026-07-30,27900.0,809697,16.54
178320,서진시스템,2026-07-31,33000.0,1016962,15.97
178320,서진시스템,2026-08-03,33150.0,672851,16.27
178320,서진시스템,2026-08-04,36800.0,973074,15.69
178320,서진시스템,2026-08-05,37500.0,596041,15.61
178320,서진시스템,2026-08-06,35500.0,519614,15.87
178320,서진시스템,2026-08-07,34100.0,885835,15.71
178320,서진시스템,2026-08-10,37450.0,856156,15.69
178320,서진시스템,2026-08-11,38300.0,938531,15.41
178320,서진시스템,2026-08-12,37250.0,534254,15.21
178320,서진시스템,2026-08-13,36950.0,1139001,14.92
178320,서진시스템,2026-08-14,36950.0,1260086,15.2
178320,서진시스템,2026-08-18,37050.0,2106685,15.16
178320,서진시스템,2026-08-19,38250.0,1283359,15.18
178320,서진시스템,2026-08-20,38800.0,1030510,14.5
178320,서진시스템,2026-08-21,36250.0,828881,14.05
178320,서진시스템,2026-08-24,38150.0,840881,14.19
178320,서진시스템,2026-08-25,38400.0,667997,14.12
178320,서진시스템,2026-08-26,37200.0,687297,14.34
178320,서진시스템,2026-08-27,41350.0,2819720,14.83
178320,서진시스템,2026-08-28,38950.0,1231109,14.15
178320,서진시스템,2026-08-31,39000.0,936546,14.13
178320,서진시스템,2026-09-01,36800.0,1269755,13.72
178320,서진시스템,2026-09-02,33400.0,1337126,13.77
178320,서진시스템,2026-09-03,33200.0,670263,14.0
178320,서진시스템,2026-09-04,33650.0,520221,14.0
178320,서진시스템,2026-09-07,36600.0,1319827,14.54
178320,서진시스템,2026-09-08,35000.0,848095,14.26
178320,서진시스템,2026-09-09,36400.0,563246,14.3
178320,서진시스템,2026-09-10,36750.0,799883,14.03
178320,서진시스템,2026-09-11,35750.0,450328,14.03
178320,서진시스템,2026-09-14,34550.0,374008,14.02
178320,서진시스템,2026-09-15,35600.0,388951,14.1
178320,서진시스템,2026-09-16,36250.0,715296,14.09
178320,서진시스템,2026-09-17,34800.0,916829,13.69
178320,서진시스템,2026-09-18,34050.0,1125811,13.83
178320,서진시스템,2026-09-21,32800.0,1029522,13.69
178320,서진시스템,2026-09-22,31800.0,998177,13.8
178320,서진시스템,2026-09-23,32050.0,617764,13.81
178320,서진시스템,2026-09-28,36300.0,3189382,14.49
178320,서진시스템,2026-09-29,37450.0,1579300,14.02
178320,서진시스템,2026-09-30,38850.0,2472315,13.92
178320,서진시스템,2026-10-01,40400.0,1387695,13.89
178320,서진시스템,2026-10-02,41850.0,2017407,13.79
185750,종근당,2026-06-09,70800.0,34118,
185750,종근당,2026-06-10,70500.0,35256,
185750,종근당,2026-06-11,69800.0,80421,
185750,종근당,2026-06-12,70800.0,36277,
185750,종근당,2026-06-15,71700.0,23666,
185750,종근당,2026-06-16,73900.0,29194,
185750,종근당,2026-06-17,73000.0,29284,
185750,종근당,2026-06-18,71100.0,47566,
185750,종근당,2026-06-19,69900.0,51284,
185750,종근당,2026-06-22,68200.0,35169,
185750,종근당,2026-06-23,66900.0,39836,
185750,종근당,2026-06-24,67300.0,37302,
185750,종근당,2026-06-25,66700.0,73620,
185750,종근당,2026-06-26,64100.0,24481,
185750,종근당,2026-06-29,68900.0,23668,
185750,종근당,2026-06-30,66200.0,18533,
185750,종근당,2026-07-01,67700.0,17734,
185750,종근당,2026-07-02,68500.0,29525,
185750,종근당,2026-07-03,69000.0,24794,
185750,종근당,2026-07-06,69100.0,18065,
185750,종근당,2026-07-07,70200.0,24044,
185750,종근당,2026-07-08,69600.0,20681,
185750,종근당,2026-07-09,69800.0,69036,
185750,종근당,2026-07-10,70200.0,28480,
185750,종근당,2026-07-13,70400.0,21215,
185750,종근당,2026-07-14,67000.0,23852,
185750,종근당,2026-07-15,67900.0,22622,
185750,종근당,2026-07-16,68300.0,15038,
185750,종근당,2026-07-20,66700.0,17442,
185750,종근당,2026-07-21,66000.0,15530,
185750,종근당,2026-07-22,66100.0,15579,
185750,종근당,2026-07-23,67500.0,23753,
185750,종근당,2026-07-24,68600.0,18566,16.06
185750,종근당,2026-07-27,68600.0,12045,16.09
185750,종근당,2026-07-28,67500.0,12983,16.09
185750,종근당,2026-07-29,65600.0,25480,16.09
185750,종근당,2026-07-30,67200.0,30608,16.1
185750,종근당,2026-07-31,66900.0,25108,16.05
185750,종근당,2026-08-03,66300.0,24212,16.2
185750,종근당,2026-08-04,67500.0,27500,16.2
185750,종근당,2026-08-05,67500.0,16804,16.19
185750,종근당,2026-08-06,68800.0,16834,16.2
185750,종근당,2026-08-07,70500.0,25255,16.25
185750,종근당,2026-08-10,70600.0,13490,16.27
185750,종근당,2026-08-11,71100.0,21949,16.32
185750,종근당,2026-08-12,69100.0,26742,16.24
185750,종근당,2026-08-13,68200.0,37983,16.27
185750,종근당,2026-08-14,68300.0,26063,16.26
185750,종근당,2026-08-18,66700.0,24869,16.13
185750,종근당,2026-08-19,67200.0,22243,16.08
185750,종근당,2026-08-20,67200.0,17310,16.08
185750,종근당,2026-08-21,66900.0,24022,16.13
185750,종근당,2026-08-24,69100.0,19902,16.17
185750,종근당,2026-08-25,67500.0,14709,16.13
185750,종근당,2026-08-26,68800.0,19280,16.11
185750,종근당,2026-08-27,67100.0,17859,16.03
185750,종근당,2026-08-28,68500.0,11474,16.05
185750,종근당,2026-08-31,68400.0,17155,16.0
185750,종근당,2026-09-01,68800.0,15897,16.01
185750,종근당,2026-09-02,69300.0,88887,15.88
185750,종근당,2026-09-03,68200.0,23825,15.83
185750,종근당,2026-09-04,68000.0,16783,15.75
185750,종근당,2026-09-07,68400.0,13899,15.7
185750,종근당,2026-09-08,67800.0,11404,15.66
185750,종근당,2026-09-09,67500.0,10807,15.62
185750,종근당,2026-09-10,68000.0,21536,15.58
185750,종근당,2026-09-11,66800.0,14580,15.55
185750,종근당,2026-09-14,66600.0,14907,15.55
185750,종근당,2026-09-15,66100.0,11552,15.51
185750,종근당,2026-09-16,65600.0,10223,15.47
185750,종근당,2026-09-17,65700.0,10780,15.52
185750,종근당,2026-09-18,64400.0,40252,15.34
185750,종근당,2026-09-21,64500.0,13922,15.35
185750,종근당,2026-09-22,64500.0,21011,15.34
185750,종근당,2026-09-23,64800.0,15885,15.38
185750,종근당,2026-09-28,65200.0,25153,15.43
185750,종근당,2026-09-29,64300.0,22676,15.41
185750,종근당,2026-09-30,64300.0,20162,15.41
185750,종근당,2026-10-01,65100.0,14893,15.43
185750,종근당,2026-10-02,65300.0,11872,15.39
192820,코스맥스,2026-06-09,165800.0,62497,
192820,코스맥스,2026-06-10,164100.0,58307,
192820,코스맥스,2026-06-11,165900.0,73323,
192820,코스맥스,2026-06-12,168600.0,71464,
192820,코스맥스,2026-06-15,168700.0,75833,
192820,코스맥스,2026-06-16,167000.0,61330,
192820,코스맥스,2026-06-17,168900.0,58113,
192820,코스맥스,2026-06-18,165600.0,57453,
192820,코스맥스,2026-06-19,159200.0,144579,
192820,코스맥스,2026-06-22,156000.0,50515,
192820,코스맥스,2026-06-23,152500.0,112402,
192820,코스맥스,2026-06-24,151700.0,53736,
192820,코스맥스,2026-06-25,148100.0,60031,
192820,코스맥스,2026-06-26,144900.0,78603,
192820,코스맥스,2026-06-29,159100.0,74141,
192820,코스맥스,2026-06-30,154900.0,71374,
192820,코스맥스,2026-07-01,165300.0,76763,
192820,코스맥스,2026-07-02,167300.0,123088,
192820,코스맥스,2026-07-03,168300.0,73003,
192820,코스맥스,2026-07-06,178000.0,115004,
192820,코스맥스,2026-07-07,183000.0,124131,
192820,코스맥스,2026-07-08,179600.0,111191,
192820,코스맥스,2026-07-09,173500.0,95214,
192820,코스맥스,2026-07-10,172700.0,150381,
192820,코스맥스,2026-07-13,184300.0,115401,
192820,코스맥스,2026-07-14,174800.0,80224,
192820,코스맥스,2026-07-15,179800.0,88595,
192820,코스맥스,2026-07-16,181100.0,56229,
192820,코스맥스,2026-07-20,173600.0,44147,
192820,코스맥스,2026-07-21,172200.0,46441,
192820,코스맥스,2026-07-22,169200.0,48248,
192820,코스맥스,2026-07-23,177000.0,59127,
192820,코스맥스,2026-07-24,178400.0,56011,37.67
192820,코스맥스,2026-07-27,192500.0,140295,37.64
192820,코스맥스,2026-07-28,184600.0,81186,37.37
192820,코스맥스,2026-07-29,184700.0,136847,37.08
192820,코스맥스,2026-07-30,185900.0,106402,36.73
192820,코스맥스,2026-07-31,184700.0,155770,36.52
192820,코스맥스,2026-08-03,185500.0,57032,36.4
192820,코스맥스,2026-08-04,195200.0,109802,36.36
192820,코스맥스,2026-08-05,195000.0,106704,36.5
192820,코스맥스,2026-08-06,202000.0,100465,36.41
192820,코스맥스,2026-08-07,205500.0,66738,36.4
192820,코스맥스,2026-08-10,203500.0,66417,36.47
192820,코스맥스,2026-08-11,210000.0,133907,36.53
192820,코스맥스,2026-08-12,249500.0,604965,37.53
192820,코스맥스,2026-08-13,249000.0,266194,38.28
192820,코스맥스,2026-08-14,247500.0,148572,38.23
192820,코스맥스,2026-08-18,239000.0,172416,38.3
192820,코스맥스,2026-08-19,246000.0,128017,38.09
192820,코스맥스,2026-08-20,260500.0,163728,37.87
192820,코스맥스,2026-08-21,271000.0,198135,37.35
192820,코스맥스,2026-08-24,286000.0,214445,36.74
192820,코스맥스,2026-08-25,289000.0,133363,36.12
192820,코스맥스,2026-08-26,288000.0,172087,35.78
192820,코스맥스,2026-08-27,283000.0,128026,35.85
192820,코스맥스,2026-08-28,303000.0,341107,35.53
192820,코스맥스,2026-08-31,300000.0,208637,35.27
192820,코스맥스,2026-09-01,287000.0,128070,35.39
192820,코스맥스,2026-09-02,285500.0,143517,35.69
192820,코스맥스,2026-09-03,282000.0,125571,35.61
192820,코스맥스,2026-09-04,275500.0,126187,35.74
192820,코스맥스,2026-09-07,274000.0,85236,35.84
192820,코스맥스,2026-09-08,265000.0,201589,35.88
192820,코스맥스,2026-09-09,266500.0,112739,35.84
192820,코스맥스,2026-09-10,265000.0,122828,35.96
192820,코스맥스,2026-09-11,270500.0,166635,35.91
192820,코스맥스,2026-09-14,276000.0,131228,35.52
192820,코스맥스,2026-09-15,274000.0,60096,35.32
192820,코스맥스,2026-09-16,280500.0,81362,35.21
192820,코스맥스,2026-09-17,275000.0,98694,35.07
192820,코스맥스,2026-09-18,274000.0,86308,35.17
192820,코스맥스,2026-09-21,274500.0,53730,35.22
192820,코스맥스,2026-09-22,270500.0,64088,35.32
192820,코스맥스,2026-09-23,270500.0,67379,35.66
192820,코스맥스,2026-09-28,269500.0,46616,35.71
192820,코스맥스,2026-09-29,278500.0,59939,35.47
192820,코스맥스,2026-09-30,269000.0,88996,35.41
192820,코스맥스,2026-10-01,276000.0,77592,35.39
192820,코스맥스,2026-10-02,271000.0,127723,35.29
194700,노바렉스,2026-06-09,14500.0,92277,
194700,노바렉스,2026-06-10,14520.0,98806,
194700,노바렉스,2026-06-11,14710.0,84343,
194700,노바렉스,2026-06-12,14480.0,122663,
194700,노바렉스,2026-06-15,14330.0,101152,
194700,노바렉스,2026-06-16,13980.0,101925,
194700,노바렉스,2026-06-17,14080.0,65448,
194700,노바렉스,2026-06-18,13670.0,81086,
194700,노바렉스,2026-06-19,13380.0,106084,
194700,노바렉스,2026-06-22,12750.0,130739,
194700,노바렉스,2026-06-23,12200.0,89801,
194700,노바렉스,2026-06-24,12180.0,150549,
194700,노바렉스,2026-06-25,12120.0,76193,
194700,노바렉스,2026-06-26,11600.0,143430,
194700,노바렉스,2026-06-29,12640.0,97992,
194700,노바렉스,2026-06-30,12340.0,34535,
194700,노바렉스,2026-07-01,13190.0,155180,
194700,노바렉스,2026-07-02,13460.0,190199,
194700,노바렉스,2026-07-03,13200.0,87200,
194700,노바렉스,2026-07-06,12920.0,83901,
194700,노바렉스,2026-07-07,13300.0,104729,
194700,노바렉스,2026-07-08,13200.0,98998,
194700,노바렉스,2026-07-09,13170.0,92190,
194700,노바렉스,2026-07-10,13830.0,99545,
194700,노바렉스,2026-07-13,14190.0,196192,
194700,노바렉스,2026-07-14,13710.0,100605,
194700,노바렉스,2026-07-15,13490.0,94942,
194700,노바렉스,2026-07-16,13470.0,56949,
194700,노바렉스,2026-07-20,12870.0,58749,
194700,노바렉스,2026-07-21,13270.0,81865,
194700,노바렉스,2026-07-22,12780.0,67537,
194700,노바렉스,2026-07-23,13040.0,93925,
194700,노바렉스,2026-07-24,12730.0,87513,10.09
194700,노바렉스,2026-07-27,13130.0,69682,10.17
194700,노바렉스,2026-07-28,12670.0,52581,10.13
194700,노바렉스,2026-07-29,12770.0,141591,10.23
194700,노바렉스,2026-07-30,13110.0,62618,10.26
194700,노바렉스,2026-07-31,14000.0,118628,10.27
194700,노바렉스,2026-08-03,13650.0,106570,10.18
194700,노바렉스,2026-08-04,14920.0,301001,10.48
194700,노바렉스,2026-08-05,14450.0,93767,10.19
194700,노바렉스,2026-08-06,15460.0,272709,10.42
194700,노바렉스,2026-08-07,16270.0,442408,10.57
194700,노바렉스,2026-08-10,16800.0,554581,10.79
194700,노바렉스,2026-08-11,16750.0,303391,10.99
194700,노바렉스,2026-08-12,15710.0,372542,10.72
194700,노바렉스,2026-08-13,15080.0,174972,10.6
194700,노바렉스,2026-08-14,14560.0,185426,10.91
194700,노바렉스,2026-08-18,12010.0,953002,8.74
194700,노바렉스,2026-08-19,11140.0,382533,8.05
194700,노바렉스,2026-08-20,11190.0,177912,7.62
194700,노바렉스,2026-08-21,10780.0,231039,7.34
194700,노바렉스,2026-08-24,11130.0,112048,7.28
194700,노바렉스,2026-08-25,11570.0,123831,7.23
194700,노바렉스,2026-08-26,11650.0,88395,7.07
194700,노바렉스,2026-08-27,11510.0,60130,6.92
194700,노바렉스,2026-08-28,11740.0,123684,7.03
194700,노바렉스,2026-08-31,11370.0,156409,7.08
194700,노바렉스,2026-09-01,11230.0,91413,7.0
194700,노바렉스,2026-09-02,10760.0,58263,6.81
194700,노바렉스,2026-09-03,10650.0,84790,6.81
194700,노바렉스,2026-09-04,10470.0,113125,6.84
194700,노바렉스,2026-09-07,10500.0,82045,6.66
194700,노바렉스,2026-09-08,10350.0,50441,6.54
194700,노바렉스,2026-09-09,10220.0,45740,6.48
194700,노바렉스,2026-09-10,10290.0,41066,6.41
194700,노바렉스,2026-09-11,10250.0,28788,6.43
194700,노바렉스,2026-09-14,10130.0,64454,6.47
194700,노바렉스,2026-09-15,10080.0,33248,6.47
194700,노바렉스,2026-09-16,10100.0,39597,6.5
194700,노바렉스,2026-09-17,10190.0,22679,6.48
194700,노바렉스,2026-09-18,10360.0,44730,6.42
194700,노바렉스,2026-09-21,10240.0,58062,6.38
194700,노바렉스,2026-09-22,10090.0,49610,6.5
194700,노바렉스,2026-09-23,10090.0,16908,6.51
194700,노바렉스,2026-09-28,10300.0,34806,6.52
194700,노바렉스,2026-09-29,10200.0,25225,6.44
194700,노바렉스,2026-09-30,10100.0,35542,6.37
194700,노바렉스,2026-10-01,10220.0,66017,6.46
194700,노바렉스,2026-10-02,10430.0,47192,6.47
195940,HK이노엔,2026-06-09,41100.0,202321,
195940,HK이노엔,2026-06-10,41450.0,164591,
195940,HK이노엔,2026-06-11,41750.0,458799,
195940,HK이노엔,2026-06-12,41700.0,167012,
195940,HK이노엔,2026-06-15,42300.0,119622,
195940,HK이노엔,2026-06-16,42250.0,145477,
195940,HK이노엔,2026-06-17,43250.0,212257,
195940,HK이노엔,2026-06-18,41350.0,97204,
195940,HK이노엔,2026-06-19,40300.0,140113,
195940,HK이노엔,2026-06-22,39150.0,183934,
195940,HK이노엔,2026-06-23,38000.0,154782,
195940,HK이노엔,2026-06-24,38700.0,217729,
195940,HK이노엔,2026-06-25,39700.0,240324,
195940,HK이노엔,2026-06-26,38150.0,165285,
195940,HK이노엔,2026-06-29,42800.0,240664,
195940,HK이노엔,2026-06-30,40500.0,138318,
195940,HK이노엔,2026-07-01,41550.0,180736,
195940,HK이노엔,2026-07-02,41200.0,147159,
195940,HK이노엔,2026-07-03,42150.0,183136,
195940,HK이노엔,2026-07-06,40950.0,91949,
195940,HK이노엔,2026-07-07,41350.0,118740,
195940,HK이노엔,2026-07-08,39800.0,121746,
195940,HK이노엔,2026-07-09,39250.0,210560,
195940,HK이노엔,2026-07-10,40800.0,110013,
195940,HK이노엔,2026-07-13,39150.0,146419,
195940,HK이노엔,2026-07-14,37400.0,197412,
195940,HK이노엔,2026-07-15,39300.0,92416,
195940,HK이노엔,2026-07-16,38800.0,52679,
195940,HK이노엔,2026-07-20,37350.0,102455,
195940,HK이노엔,2026-07-21,37800.0,100861,
195940,HK이노엔,2026-07-22,37300.0,106830,
195940,HK이노엔,2026-07-23,38800.0,107999,
195940,HK이노엔,2026-07-24,38900.0,79433,13.88
195940,HK이노엔,2026-07-27,39150.0,103879,13.95
195940,HK이노엔,2026-07-28,38100.0,99324,13.94
195940,HK이노엔,2026-07-29,36000.0,193718,13.73
195940,HK이노엔,2026-07-30,34900.0,229652,13.38
195940,HK이노엔,2026-07-31,36100.0,159096,13.53
195940,HK이노엔,2026-08-03,36300.0,153619,13.57
195940,HK이노엔,2026-08-04,38900.0,181259,13.78
195940,HK이노엔,2026-08-05,40500.0,179911,13.79
195940,HK이노엔,2026-08-06,41250.0,121231,13.72
195940,HK이노엔,2026-08-07,41600.0,133119,13.79
195940,HK이노엔,2026-08-10,42500.0,83461,13.74
195940,HK이노엔,2026-08-11,42250.0,130939,13.74
195940,HK이노엔,2026-08-12,41650.0,91005,13.62
195940,HK이노엔,2026-08-13,41150.0,122620,13.23
195940,HK이노엔,2026-08-14,41650.0,96260,13.24
195940,HK이노엔,2026-08-18,40350.0,153194,13.24
195940,HK이노엔,2026-08-19,41250.0,117992,13.28
195940,HK이노엔,2026-08-20,42500.0,172133,13.39
195940,HK이노엔,2026-08-21,41000.0,149386,13.48
195940,HK이노엔,2026-08-24,44150.0,278568,13.68
195940,HK이노엔,2026-08-25,43750.0,165822,13.23
195940,HK이노엔,2026-08-26,43650.0,138451,13.08
195940,HK이노엔,2026-08-27,43050.0,110468,12.79
195940,HK이노엔,2026-08-28,43650.0,78248,12.82
195940,HK이노엔,2026-08-31,43050.0,117715,12.76
195940,HK이노엔,2026-09-01,43550.0,131511,12.73
195940,HK이노엔,2026-09-02,43450.0,203137,12.41
195940,HK이노엔,2026-09-03,41750.0,94689,12.27
195940,HK이노엔,2026-09-04,42050.0,78457,12.19
195940,HK이노엔,2026-09-07,40900.0,70876,12.05
195940,HK이노엔,2026-09-08,40050.0,65524,11.97
195940,HK이노엔,2026-09-09,40000.0,59185,11.94
195940,HK이노엔,2026-09-10,40300.0,100793,11.94
195940,HK이노엔,2026-09-11,40700.0,163210,11.97
195940,HK이노엔,2026-09-14,39700.0,126774,11.83
195940,HK이노엔,2026-09-15,39500.0,88386,11.79
195940,HK이노엔,2026-09-16,39150.0,95910,11.89
195940,HK이노엔,2026-09-17,39450.0,56120,11.86
195940,HK이노엔,2026-09-18,38900.0,128247,11.85
195940,HK이노엔,2026-09-21,38800.0,59693,11.82
195940,HK이노엔,2026-09-22,38500.0,97005,11.78
195940,HK이노엔,2026-09-23,38900.0,71739,11.71
195940,HK이노엔,2026-09-28,39150.0,69326,11.71
195940,HK이노엔,2026-09-29,39500.0,106953,11.67
195940,HK이노엔,2026-09-30,39150.0,60335,11.59
195940,HK이노엔,2026-10-01,40500.0,96650,11.57
195940,HK이노엔,2026-10-02,40300.0,40323,11.53
204270,제이앤티씨,2026-06-09,16520.0,178590,
204270,제이앤티씨,2026-06-10,15580.0,380622,
204270,제이앤티씨,2026-06-11,16280.0,360707,
204270,제이앤티씨,2026-06-12,16420.0,236980,
204270,제이앤티씨,2026-06-15,17100.0,147607,
204270,제이앤티씨,2026-06-16,17220.0,159684,
204270,제이앤티씨,2026-06-17,17220.0,106294,
204270,제이앤티씨,2026-06-18,16160.0,166897,
204270,제이앤티씨,2026-06-19,21000.0,184554,
204270,제이앤티씨,2026-06-22,22850.0,3771757,
204270,제이앤티씨,2026-06-23,21600.0,2766021,
204270,제이앤티씨,2026-06-24,22450.0,688221,
204270,제이앤티씨,2026-06-25,19420.0,726069,
204270,제이앤티씨,2026-06-26,17480.0,500335,
204270,제이앤티씨,2026-06-29,18300.0,277087,
204270,제이앤티씨,2026-06-30,18490.0,269940,
204270,제이앤티씨,2026-07-01,17750.0,510527,
204270,제이앤티씨,2026-07-02,15790.0,605803,
204270,제이앤티씨,2026-07-03,16590.0,421799,
204270,제이앤티씨,2026-07-06,16140.0,264430,
204270,제이앤티씨,2026-07-07,15620.0,493231,
204270,제이앤티씨,2026-07-08,14720.0,374566,
204270,제이앤티씨,2026-07-09,15560.0,458852,
204270,제이앤티씨,2026-07-10,17810.0,474404,
204270,제이앤티씨,2026-07-13,17020.0,636619,
204270,제이앤티씨,2026-07-14,15800.0,387694,
204270,제이앤티씨,2026-07-15,16320.0,295182,
204270,제이앤티씨,2026-07-16,15500.0,290655,
204270,제이앤티씨,2026-07-20,14250.0,245476,
204270,제이앤티씨,2026-07-21,13480.0,463476,
204270,제이앤티씨,2026-07-22,14100.0,357147,
204270,제이앤티씨,2026-07-23,15130.0,393856,
204270,제이앤티씨,2026-07-24,13860.0,233560,2.58
204270,제이앤티씨,2026-07-27,13970.0,151483,2.53
204270,제이앤티씨,2026-07-28,12560.0,337437,2.5
204270,제이앤티씨,2026-07-29,11800.0,411658,2.56
204270,제이앤티씨,2026-07-30,11210.0,212464,2.56
204270,제이앤티씨,2026-07-31,13250.0,282952,2.64
204270,제이앤티씨,2026-08-03,14620.0,361273,2.78
204270,제이앤티씨,2026-08-04,15060.0,260533,2.8
204270,제이앤티씨,2026-08-05,15190.0,191895,2.84
204270,제이앤티씨,2026-08-06,15650.0,265173,2.88
204270,제이앤티씨,2026-08-07,14550.0,349555,2.68
204270,제이앤티씨,2026-08-10,15410.0,220337,2.74
204270,제이앤티씨,2026-08-11,15350.0,192999,2.76
204270,제이앤티씨,2026-08-12,18870.0,1124620,2.96
204270,제이앤티씨,2026-08-13,18370.0,785325,2.96
204270,제이앤티씨,2026-08-14,18630.0,400855,3.08
204270,제이앤티씨,2026-08-18,17870.0,572760,3.1
204270,제이앤티씨,2026-08-19,18870.0,431469,3.18
204270,제이앤티씨,2026-08-20,19130.0,385734,3.24
204270,제이앤티씨,2026-08-21,19000.0,281528,3.25
204270,제이앤티씨,2026-08-24,18570.0,298642,3.28
204270,제이앤티씨,2026-08-25,20250.0,712174,4.18
204270,제이앤티씨,2026-08-26,20550.0,759069,4.06
204270,제이앤티씨,2026-08-27,21000.0,592995,3.9
204270,제이앤티씨,2026-08-28,20250.0,479877,3.6
204270,제이앤티씨,2026-08-31,20000.0,857683,3.54
204270,제이앤티씨,2026-09-01,19840.0,259882,3.52
204270,제이앤티씨,2026-09-02,18790.0,513494,3.43
204270,제이앤티씨,2026-09-03,18400.0,477828,3.37
204270,제이앤티씨,2026-09-04,19130.0,567341,3.16
204270,제이앤티씨,2026-09-07,20650.0,992235,2.93
204270,제이앤티씨,2026-09-08,20150.0,1185745,2.66
204270,제이앤티씨,2026-09-09,21200.0,1432059,2.88
204270,제이앤티씨,2026-09-10,22450.0,1197778,2.98
204270,제이앤티씨,2026-09-11,22950.0,1237603,2.91
204270,제이앤티씨,2026-09-14,21950.0,698876,2.77
204270,제이앤티씨,2026-09-15,21700.0,769250,2.84
204270,제이앤티씨,2026-09-16,22100.0,689082,2.79
204270,제이앤티씨,2026-09-17,22750.0,708988,2.77
204270,제이앤티씨,2026-09-18,23700.0,1305236,2.64
204270,제이앤티씨,2026-09-21,25300.0,2923701,3.01
204270,제이앤티씨,2026-09-22,25250.0,1955632,3.12
204270,제이앤티씨,2026-09-23,24000.0,1055612,2.84
204270,제이앤티씨,2026-09-28,23250.0,1178156,2.65
204270,제이앤티씨,2026-09-29,23150.0,808993,2.52
204270,제이앤티씨,2026-09-30,22100.0,1155468,2.53
204270,제이앤티씨,2026-10-01,21800.0,1268514,2.57
204270,제이앤티씨,2026-10-02,21800.0,858865,2.41
207940,삼성바이오로직스,2026-06-09,1286023.0,60181,
207940,삼성바이오로직스,2026-06-10,1288008.0,44907,
207940,삼성바이오로직스,2026-06-11,1276100.0,66817,
207940,삼성바이오로직스,2026-06-12,1285031.0,55177,
207940,삼성바이오로직스,2026-06-15,1321746.0,44199,
207940,삼성바이오로직스,2026-06-16,1322738.0,40692,
207940,삼성바이오로직스,2026-06-17,1359454.0,60685,
207940,삼성바이오로직스,2026-06-18,1418992.0,114571,
207940,삼성바이오로직스,2026-06-19,1363423.0,99976,
207940,삼성바이오로직스,2026-06-22,1285031.0,51940,
207940,삼성바이오로직스,2026-06-23,1263200.0,62319,
207940,삼성바이오로직스,2026-06-24,1374338.0,96258,
207940,삼성바이오로직스,2026-06-25,1375331.0,76832,
207940,삼성바이오로직스,2026-06-26,1332662.0,53904,
207940,삼성바이오로직스,2026-06-29,1436853.0,86453,
207940,삼성바이오로직스,2026-06-30,1380292.0,74820,
207940,삼성바이오로직스,2026-07-01,1385254.0,40020,
207940,삼성바이오로직스,2026-07-02,1395177.0,65648,
207940,삼성바이오로직스,2026-07-03,1410061.0,54582,
207940,삼성바이오로직스,2026-07-06,1394184.0,35852,
207940,삼성바이오로직스,2026-07-07,1411053.0,51590,
207940,삼성바이오로직스,2026-07-08,1352508.0,49347,
207940,삼성바이오로직스,2026-07-09,1314800.0,51742,
207940,삼성바이오로직스,2026-07-10,1384261.0,44023,
207940,삼성바이오로직스,2026-07-13,1389223.0,45967,
207940,삼성바이오로직스,2026-07-14,1357469.0,65572,
207940,삼성바이오로직스,2026-07-15,1372354.0,41165,
207940,삼성바이오로직스,2026-07-16,1385254.0,30206,
207940,삼성바이오로직스,2026-07-20,1334646.0,40841,
207940,삼성바이오로직스,2026-07-21,1384261.0,52067,
207940,삼성바이오로직스,2026-07-22,1361438.0,37898,
207940,삼성바이오로직스,2026-07-23,1368384.0,42713,
207940,삼성바이오로직스,2026-07-24,1506314.0,199592,12.95
207940,삼성바이오로직스,2026-07-27,1533107.0,100425,12.93
207940,삼성바이오로직스,2026-07-28,1537076.0,156861,12.93
207940,삼성바이오로직스,2026-07-29,1467615.0,91780,12.93
207940,삼성바이오로직스,2026-07-30,1515245.0,84359,12.93
207940,삼성바이오로직스,2026-07-31,1473568.0,91393,12.93
207940,삼성바이오로직스,2026-08-03,1412046.0,47478,12.93
207940,삼성바이오로직스,2026-08-04,1464638.0,52112,12.98
207940,삼성바이오로직스,2026-08-05,1479522.0,52584,13.01
207940,삼성바이오로직스,2026-08-06,1502345.0,49108,13.04
207940,삼성바이오로직스,2026-08-07,1544022.0,52187,13.07
207940,삼성바이오로직스,2026-08-10,1556922.0,42538,13.09
207940,삼성바이오로직스,2026-08-11,1596614.0,70397,13.13
207940,삼성바이오로직스,2026-08-12,1537076.0,69850,13.14
207940,삼성바이오로직스,2026-08-13,1551960.0,56224,13.19
207940,삼성바이오로직스,2026-08-14,1536083.0,30148,13.2
207940,삼성바이오로직스,2026-08-18,1519214.0,38010,13.19
207940,삼성바이오로직스,2026-08-19,1532114.0,28892,13.2
207940,삼성바이오로직스,2026-08-20,1561883.0,63050,13.21
207940,삼성바이오로직스,2026-08-21,1539060.0,45050,13.22
207940,삼성바이오로직스,2026-08-24,1560891.0,33124,13.22
207940,삼성바이오로직스,2026-08-25,1572799.0,42808,13.22
207940,삼성바이오로직스,2026-08-26,1586691.0,41132,13.22
207940,삼성바이오로직스,2026-08-27,1581729.0,29997,13.22
207940,삼성바이오로직스,2026-08-28,1474561.0,112022,13.13
207940,삼성바이오로직스,2026-08-31,1506314.0,87440,13.1
207940,삼성바이오로직스,2026-09-01,1508299.0,29423,13.11
207940,삼성바이오로직스,2026-09-02,1489445.0,36524,13.07
207940,삼성바이오로직스,2026-09-03,1465630.0,34492,13.07
207940,삼성바이오로직스,2026-09-04,1435861.0,45751,13.06
207940,삼성바이오로직스,2026-09-07,1454715.0,32365,13.12
207940,삼성바이오로직스,2026-09-08,1428915.0,30701,13.13
207940,삼성바이오로직스,2026-09-09,1440822.0,26182,13.14
207940,삼성바이오로직스,2026-09-10,1412046.0,60865,13.19
207940,삼성바이오로직스,2026-09-11,1404107.0,27093,13.19
207940,삼성바이오로직스,2026-09-14,1391207.0,32768,13.2
207940,삼성바이오로직스,2026-09-15,1398153.0,25325,13.2
207940,삼성바이오로직스,2026-09-16,1394183.0,33853,13.19
207940,삼성바이오로직스,2026-09-17,1393192.0,30588,13.2
207940,삼성바이오로직스,2026-09-18,1388230.0,34941,13.2
207940,삼성바이오로직스,2026-09-21,1392199.0,30414,13.2
207940,삼성바이오로직스,2026-09-22,1381284.0,30349,13.21
207940,삼성바이오로직스,2026-09-23,1362430.0,39249,13.22
207940,삼성바이오로직스,2026-09-28,1379299.0,49234,13.25
207940,삼성바이오로직스,2026-09-29,1373345.0,31109,13.23
207940,삼성바이오로직스,2026-09-30,1383268.0,49344,13.2
207940,삼성바이오로직스,2026-10-01,1417007.0,56108,13.24
207940,삼성바이오로직스,2026-10-02,1366000.0,51556,13.18
208140,정다운,2026-06-09,2235.0,59254,
208140,정다운,2026-06-10,2205.0,65357,
208140,정다운,2026-06-11,2240.0,48589,
208140,정다운,2026-06-12,2255.0,87790,
208140,정다운,2026-06-15,2290.0,98713,
208140,정다운,2026-06-16,2295.0,28190,
208140,정다운,2026-06-17,2280.0,20254,
208140,정다운,2026-06-18,2250.0,40761,
208140,정다운,2026-06-19,2240.0,79606,
208140,정다운,2026-06-22,2210.0,49459,
208140,정다운,2026-06-23,2160.0,110042,
208140,정다운,2026-06-24,2130.0,92499,
208140,정다운,2026-06-25,2110.0,63173,
208140,정다운,2026-06-26,2085.0,123594,
208140,정다운,2026-06-29,2160.0,50107,
208140,정다운,2026-06-30,2185.0,24801,
208140,정다운,2026-07-01,2215.0,33769,
208140,정다운,2026-07-02,2215.0,29278,
208140,정다운,2026-07-03,2275.0,40668,
208140,정다운,2026-07-06,2280.0,31976,
208140,정다운,2026-07-07,2255.0,31181,
208140,정다운,2026-07-08,2250.0,52491,
208140,정다운,2026-07-09,2260.0,87254,
208140,정다운,2026-07-10,2255.0,40155,
208140,정다운,2026-07-13,2215.0,36005,
208140,정다운,2026-07-14,2215.0,34181,
208140,정다운,2026-07-15,2215.0,30724,
208140,정다운,2026-07-16,2255.0,50165,
208140,정다운,2026-07-20,2235.0,22056,
208140,정다운,2026-07-21,2225.0,49403,
208140,정다운,2026-07-22,2225.0,22504,
208140,정다운,2026-07-23,2225.0,29133,
208140,정다운,2026-07-24,2215.0,29834,1.66
208140,정다운,2026-07-27,2210.0,23391,1.65
208140,정다운,2026-07-28,2155.0,78811,1.63
208140,정다운,2026-07-29,2130.0,77284,1.72
208140,정다운,2026-07-30,2145.0,66279,1.75
208140,정다운,2026-07-31,2160.0,70365,1.74
208140,정다운,2026-08-03,2195.0,39302,1.79
208140,정다운,2026-08-04,2230.0,9467,1.78
208140,정다운,2026-08-05,2235.0,14396,1.79
208140,정다운,2026-08-06,2225.0,5728,1.79
208140,정다운,2026-08-07,2245.0,20064,1.82
208140,정다운,2026-08-10,2270.0,20840,1.85
208140,정다운,2026-08-11,2290.0,14118,1.87
208140,정다운,2026-08-12,2290.0,5499,1.87
208140,정다운,2026-08-13,2290.0,8041,1.87
208140,정다운,2026-08-14,2280.0,6134,1.87
208140,정다운,2026-08-18,2265.0,37549,1.9
208140,정다운,2026-08-19,2265.0,7389,1.9
208140,정다운,2026-08-20,2270.0,4532,1.89
208140,정다운,2026-08-21,2260.0,12967,1.89
208140,정다운,2026-08-24,2265.0,14051,1.89
208140,정다운,2026-08-25,2255.0,8598,1.9
208140,정다운,2026-08-26,2280.0,16029,1.91
208140,정다운,2026-08-27,2265.0,11061,1.89
208140,정다운,2026-08-28,2300.0,23753,1.88
208140,정다운,2026-08-31,2295.0,15857,1.87
208140,정다운,2026-09-01,2300.0,6964,1.86
208140,정다운,2026-09-02,2300.0,13754,1.86
208140,정다운,2026-09-03,2300.0,33257,1.85
208140,정다운,2026-09-04,2290.0,12451,1.84
208140,정다운,2026-09-07,2280.0,8533,1.85
208140,정다운,2026-09-08,2260.0,33165,1.84
208140,정다운,2026-09-09,2265.0,12815,1.85
208140,정다운,2026-09-10,2280.0,9696,1.86
208140,정다운,2026-09-11,2270.0,21915,1.86
208140,정다운,2026-09-14,2290.0,9020,1.86
208140,정다운,2026-09-15,2290.0,10875,1.85
208140,정다운,2026-09-16,2270.0,6318,1.88
208140,정다운,2026-09-17,2270.0,21503,1.86
208140,정다운,2026-09-18,2275.0,10633,1.86
208140,정다운,2026-09-21,2260.0,14080,1.86
208140,정다운,2026-09-22,2265.0,17974,1.86
208140,정다운,2026-09-23,2265.0,9567,1.86
208140,정다운,2026-09-28,2265.0,17779,1.87
208140,정다운,2026-09-29,2265.0,18916,1.87
208140,정다운,2026-09-30,2260.0,38031,1.88
208140,정다운,2026-10-01,2250.0,52249,1.9
208140,정다운,2026-10-02,2245.0,27487,1.91
214450,파마리서치,2026-06-09,276000.0,94460,
214450,파마리서치,2026-06-10,281500.0,67064,
214450,파마리서치,2026-06-11,288500.0,162212,
214450,파마리서치,2026-06-12,289000.0,71785,
214450,파마리서치,2026-06-15,303500.0,67672,
214450,파마리서치,2026-06-16,295000.0,53958,
214450,파마리서치,2026-06-17,302000.0,44176,
214450,파마리서치,2026-06-18,298000.0,34276,
214450,파마리서치,2026-06-19,294000.0,79980,
214450,파마리서치,2026-06-22,293500.0,48786,
214450,파마리서치,2026-06-23,280000.0,59022,
214450,파마리서치,2026-06-24,304500.0,139561,
214450,파마리서치,2026-06-25,322500.0,198880,
214450,파마리서치,2026-06-26,324000.0,333487,
214450,파마리서치,2026-06-29,349000.0,424006,
214450,파마리서치,2026-06-30,363000.0,309350,
214450,파마리서치,2026-07-01,366500.0,288120,
214450,파마리서치,2026-07-02,360500.0,235734,
214450,파마리서치,2026-07-03,341000.0,218049,
214450,파마리서치,2026-07-06,314000.0,179875,
214450,파마리서치,2026-07-07,340500.0,298787,
214450,파마리서치,2026-07-08,327000.0,159155,
214450,파마리서치,2026-07-09,309000.0,140461,
214450,파마리서치,2026-07-10,319500.0,101159,
214450,파마리서치,2026-07-13,330500.0,145435,
214450,파마리서치,2026-07-14,318500.0,152546,
214450,파마리서치,2026-07-15,327500.0,172958,
214450,파마리서치,2026-07-16,336500.0,208403,
214450,파마리서치,2026-07-20,327000.0,98348,
214450,파마리서치,2026-07-21,341500.0,148062,
214450,파마리서치,2026-07-22,322500.0,108367,
214450,파마리서치,2026-07-23,360000.0,182266,
214450,파마리서치,2026-07-24,357000.0,142760,6.99
214450,파마리서치,2026-07-27,370000.0,172776,6.64
214450,파마리서치,2026-07-28,375500.0,369146,5.27
214450,파마리서치,2026-07-29,391000.0,452461,4.49
214450,파마리서치,2026-07-30,348000.0,353707,4.46
214450,파마리서치,2026-07-31,338500.0,257179,4.76
214450,파마리서치,2026-08-03,372000.0,238665,4.97
214450,파마리서치,2026-08-04,384500.0,172659,4.86
214450,파마리서치,2026-08-05,378000.0,200641,5.74
214450,파마리서치,2026-08-06,394500.0,221014,5.53
214450,파마리서치,2026-08-07,378500.0,644780,4.89
214450,파마리서치,2026-08-10,410000.0,243489,5.66
214450,파마리서치,2026-08-11,417000.0,226741,5.48
214450,파마리서치,2026-08-12,408000.0,191600,5.95
214450,파마리서치,2026-08-13,425500.0,257095,6.78
214450,파마리서치,2026-08-14,398000.0,197721,6.86
214450,파마리서치,2026-08-18,393000.0,156451,7.59
214450,파마리서치,2026-08-19,391000.0,94435,7.77
214450,파마리서치,2026-08-20,413500.0,156013,8.57
214450,파마리서치,2026-08-21,400500.0,83923,8.71
214450,파마리서치,2026-08-24,416000.0,89675,9.04
214450,파마리서치,2026-08-25,414500.0,69516,8.68
214450,파마리서치,2026-08-26,442000.0,200869,9.32
214450,파마리서치,2026-08-27,432500.0,86622,9.24
214450,파마리서치,2026-08-28,461500.0,202110,9.86
214450,파마리서치,2026-08-31,426000.0,118450,9.36
214450,파마리서치,2026-09-01,414000.0,149954,9.39
214450,파마리서치,2026-09-02,392500.0,108989,9.64
214450,파마리서치,2026-09-03,381000.0,113081,9.99
214450,파마리서치,2026-09-04,386500.0,55756,10.05
214450,파마리서치,2026-09-07,376500.0,79930,10.12
214450,파마리서치,2026-09-08,369000.0,114969,10.41
214450,파마리서치,2026-09-09,366000.0,173647,11.09
214450,파마리서치,2026-09-10,349500.0,225811,11.55
214450,파마리서치,2026-09-11,342000.0,121300,11.98
214450,파마리서치,2026-09-14,341500.0,81644,11.92
214450,파마리서치,2026-09-15,339000.0,70749,11.91
214450,파마리서치,2026-09-16,327500.0,111914,12.48
214450,파마리서치,2026-09-17,331000.0,69611,12.55
214450,파마리서치,2026-09-18,327000.0,95260,12.56
214450,파마리서치,2026-09-21,326000.0,54318,12.87
214450,파마리서치,2026-09-22,323500.0,60271,12.82
214450,파마리서치,2026-09-23,323500.0,48735,12.85
214450,파마리서치,2026-09-28,319000.0,45753,12.62
214450,파마리서치,2026-09-29,316500.0,68494,12.89
214450,파마리서치,2026-09-30,309500.0,102032,13.23
214450,파마리서치,2026-10-01,313000.0,121222,13.64
214450,파마리서치,2026-10-02,307000.0,128164,13.68
215000,골프존,2026-06-09,44550.0,44333,
215000,골프존,2026-06-10,44000.0,20627,
215000,골프존,2026-06-11,43250.0,300609,
215000,골프존,2026-06-12,42550.0,62540,
215000,골프존,2026-06-15,42600.0,24117,
215000,골프존,2026-06-16,42800.0,24621,
215000,골프존,2026-06-17,42700.0,23156,
215000,골프존,2026-06-18,41250.0,28450,
215000,골프존,2026-06-19,40000.0,43326,
215000,골프존,2026-06-22,39650.0,23844,
215000,골프존,2026-06-23,38100.0,24512,
215000,골프존,2026-06-24,38750.0,32155,
215000,골프존,2026-06-25,37800.0,14324,
215000,골프존,2026-06-26,37000.0,27129,
215000,골프존,2026-06-29,40950.0,58069,
215000,골프존,2026-06-30,39950.0,30855,
215000,골프존,2026-07-01,40300.0,10719,
215000,골프존,2026-07-02,39800.0,15010,
215000,골프존,2026-07-03,40350.0,11581,
215000,골프존,2026-07-06,39900.0,7681,
215000,골프존,2026-07-07,39850.0,17853,
215000,골프존,2026-07-08,39750.0,24332,
215000,골프존,2026-07-09,38700.0,17122,
215000,골프존,2026-07-10,40450.0,14033,
215000,골프존,2026-07-13,39000.0,17056,
215000,골프존,2026-07-14,39350.0,23144,
215000,골프존,2026-07-15,39000.0,20645,
215000,골프존,2026-07-16,39000.0,8496,
215000,골프존,2026-07-20,38600.0,14024,
215000,골프존,2026-07-21,38950.0,15800,
215000,골프존,2026-07-22,39000.0,32873,
215000,골프존,2026-07-23,39200.0,17843,
215000,골프존,2026-07-24,39400.0,26112,19.18
215000,골프존,2026-07-27,39700.0,22214,19.18
215000,골프존,2026-07-28,38650.0,11276,19.22
215000,골프존,2026-07-29,37650.0,26698,19.17
215000,골프존,2026-07-30,39050.0,25266,19.27
215000,골프존,2026-07-31,39200.0,13763,19.25
215000,골프존,2026-08-03,36500.0,54122,18.85
215000,골프존,2026-08-04,37300.0,28969,19.01
215000,골프존,2026-08-05,37050.0,21483,18.82
215000,골프존,2026-08-06,36850.0,24712,18.74
215000,골프존,2026-08-07,36850.0,28206,18.62
215000,골프존,2026-08-10,36600.0,21213,18.37
215000,골프존,2026-08-11,37600.0,23327,18.46
215000,골프존,2026-08-12,36550.0,29361,18.02
215000,골프존,2026-08-13,36400.0,20816,17.98
215000,골프존,2026-08-14,36250.0,29955,17.71
215000,골프존,2026-08-18,34800.0,56203,17.11
215000,골프존,2026-08-19,34450.0,12880,17.06
215000,골프존,2026-08-20,34900.0,24468,16.91
215000,골프존,2026-08-21,34450.0,21291,16.74
215000,골프존,2026-08-24,34800.0,23003,16.73
215000,골프존,2026-08-25,35600.0,21270,16.8
215000,골프존,2026-08-26,35850.0,15521,16.88
215000,골프존,2026-08-27,35450.0,20266,16.67
215000,골프존,2026-08-28,36700.0,28477,16.77
215000,골프존,2026-08-31,36200.0,23242,16.6
215000,골프존,2026-09-01,36200.0,19700,16.55
215000,골프존,2026-09-02,36000.0,39438,16.62
215000,골프존,2026-09-03,36700.0,26994,16.82
215000,골프존,2026-09-04,36800.0,11055,16.72
215000,골프존,2026-09-07,36350.0,8463,16.6
215000,골프존,2026-09-08,36000.0,10185,16.56
215000,골프존,2026-09-09,35650.0,11601,16.47
215000,골프존,2026-09-10,35600.0,12980,16.39
215000,골프존,2026-09-11,35600.0,5674,16.42
215000,골프존,2026-09-14,35750.0,7181,16.44
215000,골프존,2026-09-15,35400.0,9363,16.28
215000,골프존,2026-09-16,35400.0,8549,16.23
215000,골프존,2026-09-17,35600.0,4327,16.19
215000,골프존,2026-09-18,35650.0,102304,16.16
215000,골프존,2026-09-21,35650.0,7256,16.02
215000,골프존,2026-09-22,35750.0,29613,15.81
215000,골프존,2026-09-23,35900.0,8548,15.78
215000,골프존,2026-09-28,36500.0,16945,15.8
215000,골프존,2026-09-29,36400.0,9645,15.71
215000,골프존,2026-09-30,35900.0,11138,15.55
215000,골프존,2026-10-01,35900.0,5725,15.53
215000,골프존,2026-10-02,35800.0,4950,15.5
222800,심텍,2026-06-09,115100.0,935079,
222800,심텍,2026-06-10,109500.0,1286578,
222800,심텍,2026-06-11,133300.0,2402891,
222800,심텍,2026-06-12,130100.0,1835390,
222800,심텍,2026-06-15,134100.0,758837,
222800,심텍,2026-06-16,126600.0,598098,
222800,심텍,2026-06-17,129900.0,539041,
222800,심텍,2026-06-18,127500.0,596787,
222800,심텍,2026-06-19,124300.0,930246,
222800,심텍,2026-06-22,134000.0,706530,
222800,심텍,2026-06-23,120500.0,757819,
222800,심텍,2026-06-24,117700.0,513214,
222800,심텍,2026-06-25,126200.0,683677,
222800,심텍,2026-06-26,124800.0,1199227,
222800,심텍,2026-06-29,124300.0,543510,
222800,심텍,2026-06-30,148700.0,1312771,
222800,심텍,2026-07-01,157300.0,1437971,
222800,심텍,2026-07-02,124700.0,1041092,
222800,심텍,2026-07-03,129100.0,1008602,
222800,심텍,2026-07-06,118500.0,1139813,
222800,심텍,2026-07-07,108400.0,894172,
222800,심텍,2026-07-08,104600.0,682846,
222800,심텍,2026-07-09,117900.0,1009251,
222800,심텍,2026-07-10,122700.0,678807,
222800,심텍,2026-07-13,108100.0,658439,
222800,심텍,2026-07-14,108000.0,577770,
222800,심텍,2026-07-15,121600.0,643119,
222800,심텍,2026-07-16,107400.0,493882,
222800,심텍,2026-07-20,99500.0,581145,
222800,심텍,2026-07-21,100900.0,409900,
222800,심텍,2026-07-22,97600.0,401129,
222800,심텍,2026-07-23,98300.0,563801,
222800,심텍,2026-07-24,88500.0,499124,10.72
222800,심텍,2026-07-27,92300.0,361120,10.83
222800,심텍,2026-07-28,75500.0,798196,12.02
222800,심텍,2026-07-29,68600.0,935981,12.29
222800,심텍,2026-07-30,63800.0,693200,12.95
222800,심텍,2026-07-31,82900.0,858373,12.93
222800,심텍,2026-08-03,87500.0,810453,11.96
222800,심텍,2026-08-04,97100.0,864236,11.19
222800,심텍,2026-08-05,103000.0,705855,10.46
222800,심텍,2026-08-06,106000.0,1701533,9.89
222800,심텍,2026-08-07,110000.0,1051000,9.85
222800,심텍,2026-08-10,115900.0,941623,9.83
222800,심텍,2026-08-11,113900.0,1036586,10.03
222800,심텍,2026-08-12,104600.0,1693969,10.15
222800,심텍,2026-08-13,105800.0,1045721,10.61
222800,심텍,2026-08-14,108700.0,861169,10.82
222800,심텍,2026-08-18,110900.0,1296116,11.67
222800,심텍,2026-08-19,110700.0,918613,11.75
222800,심텍,2026-08-20,114900.0,592567,11.43
222800,심텍,2026-08-21,99700.0,912849,10.87
222800,심텍,2026-08-24,105200.0,697252,11.72
222800,심텍,2026-08-25,116900.0,797143,11.84
222800,심텍,2026-08-26,112700.0,775957,11.12
222800,심텍,2026-08-27,126900.0,1716697,11.24
222800,심텍,2026-08-28,122800.0,1116598,11.06
222800,심텍,2026-08-31,129300.0,823968,10.84
222800,심텍,2026-09-01,125600.0,491577,10.71
222800,심텍,2026-09-02,123400.0,554253,10.91
222800,심텍,2026-09-03,117500.0,608159,11.22
222800,심텍,2026-09-04,117900.0,752610,11.36
222800,심텍,2026-09-07,119800.0,509314,11.64
222800,심텍,2026-09-08,121800.0,899225,13.02
222800,심텍,2026-09-09,132600.0,844161,13.36
222800,심텍,2026-09-10,133900.0,1830325,11.27
222800,심텍,2026-09-11,131200.0,563519,10.88
222800,심텍,2026-09-14,122200.0,425443,10.87
222800,심텍,2026-09-15,126800.0,395704,11.1
222800,심텍,2026-09-16,129200.0,405333,11.46
222800,심텍,2026-09-17,129500.0,242946,11.52
222800,심텍,2026-09-18,125900.0,441016,10.98
222800,심텍,2026-09-21,131600.0,416545,11.09
222800,심텍,2026-09-22,148900.0,1870126,11.89
222800,심텍,2026-09-23,149400.0,584741,11.77
222800,심텍,2026-09-28,145100.0,600086,12.23
222800,심텍,2026-09-29,152700.0,596159,12.9
222800,심텍,2026-09-30,150400.0,373717,12.89
222800,심텍,2026-10-01,160000.0,814312,13.1
222800,심텍,2026-10-02,170200.0,1104881,13.57
226400,오스테오닉,2026-06-09,4505.0,209137,
226400,오스테오닉,2026-06-10,4450.0,118529,
226400,오스테오닉,2026-06-11,4540.0,67851,
226400,오스테오닉,2026-06-12,4550.0,91913,
226400,오스테오닉,2026-06-15,4575.0,165025,
226400,오스테오닉,2026-06-16,4500.0,154077,
226400,오스테오닉,2026-06-17,4495.0,117486,
226400,오스테오닉,2026-06-18,4385.0,107682,
226400,오스테오닉,2026-06-19,4240.0,199352,
226400,오스테오닉,2026-06-22,4240.0,142861,
226400,오스테오닉,2026-06-23,3960.0,107965,
226400,오스테오닉,2026-06-24,4100.0,58951,
226400,오스테오닉,2026-06-25,4070.0,94002,
226400,오스테오닉,2026-06-26,3745.0,201777,
226400,오스테오닉,2026-06-29,4205.0,161315,
226400,오스테오닉,2026-06-30,4165.0,77764,
226400,오스테오닉,2026-07-01,4165.0,61389,
226400,오스테오닉,2026-07-02,4320.0,204051,
226400,오스테오닉,2026-07-03,4500.0,115897,
226400,오스테오닉,2026-07-06,4400.0,85931,
226400,오스테오닉,2026-07-07,4530.0,159032,
226400,오스테오닉,2026-07-08,4375.0,89471,
226400,오스테오닉,2026-07-09,4270.0,79315,
226400,오스테오닉,2026-07-10,4500.0,89787,
226400,오스테오닉,2026-07-13,4275.0,153579,
226400,오스테오닉,2026-07-14,4235.0,112969,
226400,오스테오닉,2026-07-15,4400.0,45137,
226400,오스테오닉,2026-07-16,4445.0,76354,
226400,오스테오닉,2026-07-20,4560.0,108688,
226400,오스테오닉,2026-07-21,4575.0,44557,
226400,오스테오닉,2026-07-22,4495.0,54701,
226400,오스테오닉,2026-07-23,4600.0,67726,
226400,오스테오닉,2026-07-24,4565.0,107935,6.85
226400,오스테오닉,2026-07-27,4800.0,175314,6.92
226400,오스테오닉,2026-07-28,4635.0,81124,6.9
226400,오스테오닉,2026-07-29,4375.0,217928,7.15
226400,오스테오닉,2026-07-30,4540.0,77986,7.29
226400,오스테오닉,2026-07-31,4900.0,125634,7.14
226400,오스테오닉,2026-08-03,4910.0,183916,7.21
226400,오스테오닉,2026-08-04,5050.0,152205,7.21
226400,오스테오닉,2026-08-05,5000.0,123957,7.2
226400,오스테오닉,2026-08-06,5100.0,68080,7.17
226400,오스테오닉,2026-08-07,5070.0,32099,7.15
226400,오스테오닉,2026-08-10,5040.0,85758,7.09
226400,오스테오닉,2026-08-11,5020.0,87648,7.17
226400,오스테오닉,2026-08-12,4880.0,212525,7.26
226400,오스테오닉,2026-08-13,4765.0,94747,7.15
226400,오스테오닉,2026-08-14,4780.0,163214,7.3
226400,오스테오닉,2026-08-18,4445.0,283237,7.16
226400,오스테오닉,2026-08-19,4225.0,130767,6.95
226400,오스테오닉,2026-08-20,4345.0,42332,6.92
226400,오스테오닉,2026-08-21,4135.0,155245,6.84
226400,오스테오닉,2026-08-24,4200.0,95845,6.73
226400,오스테오닉,2026-08-25,4340.0,51116,6.69
226400,오스테오닉,2026-08-26,4470.0,67212,6.65
226400,오스테오닉,2026-08-27,4275.0,85860,6.5
226400,오스테오닉,2026-08-28,4395.0,103457,6.54
226400,오스테오닉,2026-08-31,4360.0,62828,6.5
226400,오스테오닉,2026-09-01,4350.0,52621,6.48
226400,오스테오닉,2026-09-02,4325.0,30603,6.43
226400,오스테오닉,2026-09-03,4245.0,61635,6.31
226400,오스테오닉,2026-09-04,4180.0,34935,6.27
226400,오스테오닉,2026-09-07,4235.0,31566,6.22
226400,오스테오닉,2026-09-08,4205.0,43017,6.24
226400,오스테오닉,2026-09-09,4125.0,58219,6.26
226400,오스테오닉,2026-09-10,4010.0,82522,6.24
226400,오스테오닉,2026-09-11,3975.0,34588,6.18
226400,오스테오닉,2026-09-14,4070.0,34221,6.13
226400,오스테오닉,2026-09-15,4055.0,47897,6.07
226400,오스테오닉,2026-09-16,4215.0,62517,6.13
226400,오스테오닉,2026-09-17,4270.0,36833,6.02
226400,오스테오닉,2026-09-18,4270.0,111651,6.0
226400,오스테오닉,2026-09-21,4230.0,192860,6.05
226400,오스테오닉,2026-09-22,4140.0,182904,6.24
226400,오스테오닉,2026-09-23,4030.0,322216,6.57
226400,오스테오닉,2026-09-28,4025.0,56425,6.54
226400,오스테오닉,2026-09-29,3950.0,363317,6.72
226400,오스테오닉,2026-09-30,4060.0,165505,6.88
226400,오스테오닉,2026-10-01,4130.0,50957,6.83
226400,오스테오닉,2026-10-02,4185.0,58264,6.72
232680,라온로보틱스,2026-06-09,14300.0,289029,
232680,라온로보틱스,2026-06-10,13550.0,340360,
232680,라온로보틱스,2026-06-11,13760.0,164012,
232680,라온로보틱스,2026-06-12,13710.0,410754,
232680,라온로보틱스,2026-06-15,13720.0,239120,
232680,라온로보틱스,2026-06-16,13550.0,225358,
232680,라온로보틱스,2026-06-17,13290.0,140939,
232680,라온로보틱스,2026-06-18,12730.0,219289,
232680,라온로보틱스,2026-06-19,12410.0,193527,
232680,라온로보틱스,2026-06-22,11970.0,162074,
232680,라온로보틱스,2026-06-23,10570.0,249437,
232680,라온로보틱스,2026-06-24,10360.0,197497,
232680,라온로보틱스,2026-06-25,10130.0,124230,
232680,라온로보틱스,2026-06-26,9910.0,144179,
232680,라온로보틱스,2026-06-29,10510.0,136103,
232680,라온로보틱스,2026-06-30,10760.0,149227,
232680,라온로보틱스,2026-07-01,10580.0,150260,
232680,라온로보틱스,2026-07-02,9390.0,165856,
232680,라온로보틱스,2026-07-03,9710.0,106083,
232680,라온로보틱스,2026-07-06,9440.0,71239,
232680,라온로보틱스,2026-07-07,8910.0,96202,
232680,라온로보틱스,2026-07-08,8170.0,125792,
232680,라온로보틱스,2026-07-09,8270.0,84690,
232680,라온로보틱스,2026-07-10,9200.0,101156,
232680,라온로보틱스,2026-07-13,8520.0,110090,
232680,라온로보틱스,2026-07-14,8210.0,87452,
232680,라온로보틱스,2026-07-15,8900.0,56072,
232680,라온로보틱스,2026-07-16,8410.0,82973,
232680,라온로보틱스,2026-07-20,7840.0,68755,
232680,라온로보틱스,2026-07-21,8300.0,98083,
232680,라온로보틱스,2026-07-22,8450.0,317872,
232680,라온로보틱스,2026-07-23,8830.0,169548,
232680,라온로보틱스,2026-07-24,8070.0,112804,5.57
232680,라온로보틱스,2026-07-27,8700.0,134580,5.55
232680,라온로보틱스,2026-07-28,8350.0,209452,5.0
232680,라온로보틱스,2026-07-29,7520.0,303881,4.32
232680,라온로보틱스,2026-07-30,7500.0,259828,4.1
232680,라온로보틱스,2026-07-31,8520.0,417396,5.75
232680,라온로보틱스,2026-08-03,8710.0,351934,5.09
232680,라온로보틱스,2026-08-04,9100.0,177580,5.38
232680,라온로보틱스,2026-08-05,9570.0,185505,5.55
232680,라온로보틱스,2026-08-06,9660.0,2189479,3.19
232680,라온로보틱스,2026-08-07,9190.0,318950,2.78
232680,라온로보틱스,2026-08-10,10380.0,874720,4.14
232680,라온로보틱스,2026-08-11,10160.0,284187,3.58
232680,라온로보틱스,2026-08-12,10410.0,179809,3.61
232680,라온로보틱스,2026-08-13,10380.0,244298,4.03
232680,라온로보틱스,2026-08-14,10440.0,230202,3.99
232680,라온로보틱스,2026-08-18,10000.0,253398,3.85
232680,라온로보틱스,2026-08-19,9810.0,149316,3.74
232680,라온로보틱스,2026-08-20,9930.0,118109,3.79
232680,라온로보틱스,2026-08-21,9190.0,183435,3.6
232680,라온로보틱스,2026-08-24,9210.0,97747,3.63
232680,라온로보틱스,2026-08-25,9520.0,105293,3.69
232680,라온로보틱스,2026-08-26,9380.0,77987,3.59
232680,라온로보틱스,2026-08-27,9380.0,67819,3.65
232680,라온로보틱스,2026-08-28,9160.0,66427,3.58
232680,라온로보틱스,2026-08-31,9480.0,97373,3.63
232680,라온로보틱스,2026-09-01,9320.0,78965,3.65
232680,라온로보틱스,2026-09-02,9330.0,73763,3.59
232680,라온로보틱스,2026-09-03,9160.0,59830,3.58
232680,라온로보틱스,2026-09-04,9400.0,105501,3.81
232680,라온로보틱스,2026-09-07,9470.0,87676,3.8
232680,라온로보틱스,2026-09-08,9240.0,63792,3.71
232680,라온로보틱스,2026-09-09,9370.0,77891,3.77
232680,라온로보틱스,2026-09-10,9570.0,117469,3.79
232680,라온로보틱스,2026-09-11,9400.0,52973,3.72
232680,라온로보틱스,2026-09-14,9160.0,68625,3.74
232680,라온로보틱스,2026-09-15,9350.0,90405,3.79
232680,라온로보틱스,2026-09-16,9250.0,48881,3.81
232680,라온로보틱스,2026-09-17,9550.0,83244,3.9
232680,라온로보틱스,2026-09-18,9640.0,90134,3.96
232680,라온로보틱스,2026-09-21,9990.0,134204,3.84
232680,라온로보틱스,2026-09-22,10150.0,181645,3.76
232680,라온로보틱스,2026-09-23,10120.0,101446,3.8
232680,라온로보틱스,2026-09-28,10260.0,157753,3.85
232680,라온로보틱스,2026-09-29,10330.0,82509,3.79
232680,라온로보틱스,2026-09-30,10440.0,100139,3.8
232680,라온로보틱스,2026-10-01,11000.0,273001,4.36
232680,라온로보틱스,2026-10-02,10980.0,103745,4.3
234080,JW생명과학,2026-06-09,11200.0,30274,
234080,JW생명과학,2026-06-10,11010.0,24472,
234080,JW생명과학,2026-06-11,11180.0,35617,
234080,JW생명과학,2026-06-12,11410.0,34499,
234080,JW생명과학,2026-06-15,11530.0,34441,
234080,JW생명과학,2026-06-16,11480.0,41886,
234080,JW생명과학,2026-06-17,11530.0,43458,
234080,JW생명과학,2026-06-18,11400.0,34780,
234080,JW생명과학,2026-06-19,11360.0,60013,
234080,JW생명과학,2026-06-22,11230.0,31557,
234080,JW생명과학,2026-06-23,10950.0,81190,
234080,JW생명과학,2026-06-24,11020.0,40342,
234080,JW생명과학,2026-06-25,11110.0,28172,
234080,JW생명과학,2026-06-26,10980.0,52111,
234080,JW생명과학,2026-06-29,11510.0,35218,
234080,JW생명과학,2026-06-30,11390.0,30809,
234080,JW생명과학,2026-07-01,11410.0,27059,
234080,JW생명과학,2026-07-02,11320.0,29802,
234080,JW생명과학,2026-07-03,11480.0,34015,
234080,JW생명과학,2026-07-06,11740.0,25752,
234080,JW생명과학,2026-07-07,11620.0,42872,
234080,JW생명과학,2026-07-08,11450.0,35056,
234080,JW생명과학,2026-07-09,11170.0,25684,
234080,JW생명과학,2026-07-10,11390.0,14930,
234080,JW생명과학,2026-07-13,11110.0,24876,
234080,JW생명과학,2026-07-14,11150.0,57670,
234080,JW생명과학,2026-07-15,11220.0,11162,
234080,JW생명과학,2026-07-16,11380.0,25809,
234080,JW생명과학,2026-07-20,11080.0,18278,
234080,JW생명과학,2026-07-21,11030.0,20830,
234080,JW생명과학,2026-07-22,10860.0,33435,
234080,JW생명과학,2026-07-23,11190.0,16827,
234080,JW생명과학,2026-07-24,11090.0,23302,14.34
234080,JW생명과학,2026-07-27,11200.0,14197,14.36
234080,JW생명과학,2026-07-28,10720.0,25151,14.37
234080,JW생명과학,2026-07-29,10820.0,67640,14.45
234080,JW생명과학,2026-07-30,10930.0,25649,14.48
234080,JW생명과학,2026-07-31,11140.0,21293,14.47
234080,JW생명과학,2026-08-03,11170.0,24575,14.46
234080,JW생명과학,2026-08-04,11170.0,42677,14.51
234080,JW생명과학,2026-08-05,11340.0,18688,14.53
234080,JW생명과학,2026-08-06,11400.0,27346,14.58
234080,JW생명과학,2026-08-07,11510.0,13132,14.63
234080,JW생명과학,2026-08-10,11710.0,36775,14.62
234080,JW생명과학,2026-08-11,11740.0,22563,14.66
234080,JW생명과학,2026-08-12,11590.0,45408,14.6
234080,JW생명과학,2026-08-13,11440.0,19646,14.6
234080,JW생명과학,2026-08-14,11570.0,19275,14.62
234080,JW생명과학,2026-08-18,11390.0,21072,14.59
234080,JW생명과학,2026-08-19,11190.0,25752,14.58
234080,JW생명과학,2026-08-20,11300.0,16567,14.56
234080,JW생명과학,2026-08-21,11090.0,16831,14.51
234080,JW생명과학,2026-08-24,11210.0,9733,14.53
234080,JW생명과학,2026-08-25,11230.0,20376,14.54
234080,JW생명과학,2026-08-26,11260.0,10627,14.54
234080,JW생명과학,2026-08-27,11070.0,22128,14.51
234080,JW생명과학,2026-08-28,11310.0,15568,14.53
234080,JW생명과학,2026-08-31,11400.0,15352,14.48
234080,JW생명과학,2026-09-01,11390.0,18381,14.49
234080,JW생명과학,2026-09-02,11390.0,15825,14.5
234080,JW생명과학,2026-09-03,11200.0,20738,14.5
234080,JW생명과학,2026-09-04,11260.0,9477,14.5
234080,JW생명과학,2026-09-07,11110.0,14215,14.48
234080,JW생명과학,2026-09-08,11070.0,9707,14.47
234080,JW생명과학,2026-09-09,11060.0,6354,14.47
234080,JW생명과학,2026-09-10,11020.0,19112,14.5
234080,JW생명과학,2026-09-11,11000.0,5975,14.47
234080,JW생명과학,2026-09-14,10990.0,12928,14.47
234080,JW생명과학,2026-09-15,10990.0,9525,14.45
234080,JW생명과학,2026-09-16,11000.0,5897,14.48
234080,JW생명과학,2026-09-17,11080.0,10437,14.43
234080,JW생명과학,2026-09-18,11150.0,9541,14.42
234080,JW생명과학,2026-09-21,11000.0,9495,14.38
234080,JW생명과학,2026-09-22,10970.0,9287,14.37
234080,JW생명과학,2026-09-23,10990.0,6751,14.36
234080,JW생명과학,2026-09-28,11080.0,8239,14.37
234080,JW생명과학,2026-09-29,11000.0,7009,14.36
234080,JW생명과학,2026-09-30,11000.0,5913,14.36
234080,JW생명과학,2026-10-01,11060.0,12381,14.37
234080,JW생명과학,2026-10-02,11070.0,3957,14.36
237690,에스티팜,2026-06-09,118100.0,141866,
237690,에스티팜,2026-06-10,117800.0,81567,
237690,에스티팜,2026-06-11,123200.0,209396,
237690,에스티팜,2026-06-12,122000.0,157128,
237690,에스티팜,2026-06-15,123800.0,74244,
237690,에스티팜,2026-06-16,124100.0,81387,
237690,에스티팜,2026-06-17,133000.0,250663,
237690,에스티팜,2026-06-18,127000.0,115106,
237690,에스티팜,2026-06-19,121800.0,112347,
237690,에스티팜,2026-06-22,118500.0,140299,
237690,에스티팜,2026-06-23,115900.0,88011,
237690,에스티팜,2026-06-24,121000.0,107293,
237690,에스티팜,2026-06-25,122500.0,107982,
237690,에스티팜,2026-06-26,117400.0,105696,
237690,에스티팜,2026-06-29,135000.0,319863,
237690,에스티팜,2026-06-30,132200.0,127692,
237690,에스티팜,2026-07-01,131600.0,118975,
237690,에스티팜,2026-07-02,129700.0,110718,
237690,에스티팜,2026-07-03,130500.0,97864,
237690,에스티팜,2026-07-06,124500.0,73338,
237690,에스티팜,2026-07-07,128700.0,154676,
237690,에스티팜,2026-07-08,120200.0,109507,
237690,에스티팜,2026-07-09,119200.0,124807,
237690,에스티팜,2026-07-10,123600.0,93256,
237690,에스티팜,2026-07-13,125900.0,155150,
237690,에스티팜,2026-07-14,128100.0,176526,
237690,에스티팜,2026-07-15,123000.0,214056,
237690,에스티팜,2026-07-16,124300.0,117467,
237690,에스티팜,2026-07-20,113900.0,96489,
237690,에스티팜,2026-07-21,114000.0,91570,
237690,에스티팜,2026-07-22,113000.0,54181,
237690,에스티팜,2026-07-23,117900.0,78733,
237690,에스티팜,2026-07-24,116700.0,73588,11.85
237690,에스티팜,2026-07-27,99900.0,328509,11.2
237690,에스티팜,2026-07-28,98500.0,156906,11.57
237690,에스티팜,2026-07-29,90600.0,355062,12.15
237690,에스티팜,2026-07-30,84700.0,187921,12.23
237690,에스티팜,2026-07-31,88500.0,214779,12.45
237690,에스티팜,2026-08-03,94400.0,144428,12.61
237690,에스티팜,2026-08-04,100700.0,166173,12.67
237690,에스티팜,2026-08-05,100800.0,99316,12.82
237690,에스티팜,2026-08-06,101300.0,84931,12.75
237690,에스티팜,2026-08-07,100100.0,77843,12.74
237690,에스티팜,2026-08-10,108000.0,161669,12.62
237690,에스티팜,2026-08-11,108000.0,94841,12.54
237690,에스티팜,2026-08-12,107000.0,90285,12.64
237690,에스티팜,2026-08-13,107600.0,83301,12.44
237690,에스티팜,2026-08-14,106400.0,76624,12.45
237690,에스티팜,2026-08-18,100300.0,122440,12.61
237690,에스티팜,2026-08-19,99300.0,63936,12.6
237690,에스티팜,2026-08-20,110900.0,1411054,11.24
237690,에스티팜,2026-08-21,99700.0,419835,11.48
237690,에스티팜,2026-08-24,110200.0,335571,12.04
237690,에스티팜,2026-08-25,106700.0,197455,12.02
237690,에스티팜,2026-08-26,110000.0,165740,12.16
237690,에스티팜,2026-08-27,110900.0,151997,12.33
237690,에스티팜,2026-08-28,110200.0,166152,12.13
237690,에스티팜,2026-08-31,105200.0,118915,12.22
237690,에스티팜,2026-09-01,103000.0,76369,12.3
237690,에스티팜,2026-09-02,101200.0,85218,12.45
237690,에스티팜,2026-09-03,99000.0,63258,12.49
237690,에스티팜,2026-09-04,101200.0,45260,12.52
237690,에스티팜,2026-09-07,91700.0,370160,12.05
237690,에스티팜,2026-09-08,91900.0,107031,12.31
237690,에스티팜,2026-09-09,91000.0,146179,12.61
237690,에스티팜,2026-09-10,91800.0,145820,12.58
237690,에스티팜,2026-09-11,90000.0,83248,12.63
237690,에스티팜,2026-09-14,88000.0,61223,12.71
237690,에스티팜,2026-09-15,89800.0,66706,12.77
237690,에스티팜,2026-09-16,89900.0,58881,12.88
237690,에스티팜,2026-09-17,91400.0,50063,12.89
237690,에스티팜,2026-09-18,92700.0,142406,12.68
237690,에스티팜,2026-09-21,91100.0,60228,12.73
237690,에스티팜,2026-09-22,90200.0,42996,12.75
237690,에스티팜,2026-09-23,90800.0,48558,12.8
237690,에스티팜,2026-09-28,92800.0,102158,12.88
237690,에스티팜,2026-09-29,93100.0,53516,13.01
237690,에스티팜,2026-09-30,92000.0,44963,13.02
237690,에스티팜,2026-10-01,95200.0,124179,13.35
237690,에스티팜,2026-10-02,93300.0,62574,13.28
248170,샘표식품,2026-06-09,22950.0,8799,
248170,샘표식품,2026-06-10,22600.0,7059,
248170,샘표식품,2026-06-11,22900.0,11562,
248170,샘표식품,2026-06-12,23400.0,8254,
248170,샘표식품,2026-06-15,23450.0,7472,
248170,샘표식품,2026-06-16,23300.0,6123,
248170,샘표식품,2026-06-17,23000.0,6893,
248170,샘표식품,2026-06-18,22550.0,6179,
248170,샘표식품,2026-06-19,21950.0,20745,
248170,샘표식품,2026-06-22,21450.0,17693,
248170,샘표식품,2026-06-23,21450.0,17491,
248170,샘표식품,2026-06-24,21100.0,11513,
248170,샘표식품,2026-06-25,21000.0,17697,
248170,샘표식품,2026-06-26,20550.0,13464,
248170,샘표식품,2026-06-29,21900.0,7967,
248170,샘표식품,2026-06-30,21650.0,3398,
248170,샘표식품,2026-07-01,21700.0,8490,
248170,샘표식품,2026-07-02,21950.0,7872,
248170,샘표식품,2026-07-03,22100.0,6438,
248170,샘표식품,2026-07-06,22250.0,4160,
248170,샘표식품,2026-07-07,22450.0,4920,
248170,샘표식품,2026-07-08,22250.0,4313,
248170,샘표식품,2026-07-09,22050.0,4487,
248170,샘표식품,2026-07-10,22300.0,7753,
248170,샘표식품,2026-07-13,21950.0,4422,
248170,샘표식품,2026-07-14,21800.0,12700,
248170,샘표식품,2026-07-15,23300.0,85040,
248170,샘표식품,2026-07-16,23900.0,383027,
248170,샘표식품,2026-07-20,23000.0,87221,
248170,샘표식품,2026-07-21,22500.0,30634,
248170,샘표식품,2026-07-22,22500.0,26059,
248170,샘표식품,2026-07-23,22700.0,18525,
248170,샘표식품,2026-07-24,22900.0,13560,7.67
248170,샘표식품,2026-07-27,23000.0,8445,7.69
248170,샘표식품,2026-07-28,22500.0,11457,7.77
248170,샘표식품,2026-07-29,21850.0,18090,7.78
248170,샘표식품,2026-07-30,22250.0,8004,7.87
248170,샘표식품,2026-07-31,22400.0,5218,7.82
248170,샘표식품,2026-08-03,22750.0,6541,7.83
248170,샘표식품,2026-08-04,23100.0,4536,7.8
248170,샘표식품,2026-08-05,22800.0,7771,7.73
248170,샘표식품,2026-08-06,23300.0,5836,7.73
248170,샘표식품,2026-08-07,23600.0,12272,7.83
248170,샘표식품,2026-08-10,24250.0,15115,7.74
248170,샘표식품,2026-08-11,24500.0,8373,7.76
248170,샘표식품,2026-08-12,23900.0,8248,7.77
248170,샘표식품,2026-08-13,23450.0,8776,7.7
248170,샘표식품,2026-08-14,24050.0,15039,7.72
248170,샘표식품,2026-08-18,23700.0,9755,7.69
248170,샘표식품,2026-08-19,23350.0,5179,7.7
248170,샘표식품,2026-08-20,23400.0,6364,7.66
248170,샘표식품,2026-08-21,23100.0,7145,7.64
248170,샘표식품,2026-08-24,23250.0,4693,7.68
248170,샘표식품,2026-08-25,23450.0,4977,7.71
248170,샘표식품,2026-08-26,23400.0,4149,7.7
248170,샘표식품,2026-08-27,22800.0,13801,7.77
248170,샘표식품,2026-08-28,23450.0,3546,7.8
248170,샘표식품,2026-08-31,23450.0,2513,7.74
248170,샘표식품,2026-09-01,23500.0,8019,7.7
248170,샘표식품,2026-09-02,23100.0,4362,7.68
248170,샘표식품,2026-09-03,23000.0,6753,7.67
248170,샘표식품,2026-09-04,23200.0,1026,7.66
248170,샘표식품,2026-09-07,22950.0,15111,7.64
248170,샘표식품,2026-09-08,22900.0,2183,7.58
248170,샘표식품,2026-09-09,23200.0,9239,7.54
248170,샘표식품,2026-09-10,30150.0,1726181,6.33
248170,샘표식품,2026-09-11,25700.0,2355899,6.34
248170,샘표식품,2026-09-14,23550.0,181953,6.29
248170,샘표식품,2026-09-15,23500.0,229489,6.46
248170,샘표식품,2026-09-16,22900.0,71509,6.64
248170,샘표식품,2026-09-17,22850.0,54959,6.49
248170,샘표식품,2026-09-18,22550.0,52715,6.42
248170,샘표식품,2026-09-21,22600.0,32309,6.6
248170,샘표식품,2026-09-22,22300.0,29183,6.53
248170,샘표식품,2026-09-23,22300.0,19870,6.58
248170,샘표식품,2026-09-28,22250.0,23830,6.75
248170,샘표식품,2026-09-29,22000.0,18015,6.7
248170,샘표식품,2026-09-30,21850.0,29664,6.45
248170,샘표식품,2026-10-01,21850.0,17811,6.38
248170,샘표식품,2026-10-02,21900.0,17156,6.41
257720,실리콘투,2026-06-09,33300.0,651065,
257720,실리콘투,2026-06-10,34500.0,686065,
257720,실리콘투,2026-06-11,35400.0,496109,
257720,실리콘투,2026-06-12,34650.0,465005,
257720,실리콘투,2026-06-15,35800.0,263963,
257720,실리콘투,2026-06-16,35050.0,315837,
257720,실리콘투,2026-06-17,35050.0,374476,
257720,실리콘투,2026-06-18,33800.0,381833,
257720,실리콘투,2026-06-19,33200.0,677609,
257720,실리콘투,2026-06-22,34700.0,384319,
257720,실리콘투,2026-06-23,34000.0,604736,
257720,실리콘투,2026-06-24,33600.0,280955,
257720,실리콘투,2026-06-25,32150.0,606196,
257720,실리콘투,2026-06-26,30400.0,774528,
257720,실리콘투,2026-06-29,32650.0,713814,
257720,실리콘투,2026-06-30,31650.0,230406,
257720,실리콘투,2026-07-01,35550.0,613536,
257720,실리콘투,2026-07-02,34950.0,778810,
257720,실리콘투,2026-07-03,36100.0,772689,
257720,실리콘투,2026-07-06,37300.0,1013251,
257720,실리콘투,2026-07-07,38500.0,1085395,
257720,실리콘투,2026-07-08,36000.0,607915,
257720,실리콘투,2026-07-09,35550.0,491778,
257720,실리콘투,2026-07-10,37600.0,685703,
257720,실리콘투,2026-07-13,38350.0,680945,
257720,실리콘투,2026-07-14,36500.0,476252,
257720,실리콘투,2026-07-15,36500.0,584571,
257720,실리콘투,2026-07-16,36050.0,338419,
257720,실리콘투,2026-07-20,34450.0,322117,
257720,실리콘투,2026-07-21,35650.0,487219,
257720,실리콘투,2026-07-22,35000.0,443067,
257720,실리콘투,2026-07-23,36400.0,477231,
257720,실리콘투,2026-07-24,35250.0,209275,7.11
257720,실리콘투,2026-07-27,38400.0,677408,7.31
257720,실리콘투,2026-07-28,36500.0,458364,7.49
257720,실리콘투,2026-07-29,34600.0,841341,7.42
257720,실리콘투,2026-07-30,33050.0,764198,7.39
257720,실리콘투,2026-07-31,33950.0,575787,7.51
257720,실리콘투,2026-08-03,34500.0,396819,7.53
257720,실리콘투,2026-08-04,37350.0,1104301,8.05
257720,실리콘투,2026-08-05,37100.0,453122,8.19
257720,실리콘투,2026-08-06,39350.0,653808,8.38
257720,실리콘투,2026-08-07,39300.0,700629,8.05
257720,실리콘투,2026-08-10,38400.0,472251,7.86
257720,실리콘투,2026-08-11,40050.0,890861,7.63
257720,실리콘투,2026-08-12,45250.0,5369257,8.24
257720,실리콘투,2026-08-13,40800.0,2627447,6.97
257720,실리콘투,2026-08-14,42850.0,2550832,7.7
257720,실리콘투,2026-08-18,44500.0,2778113,7.22
257720,실리콘투,2026-08-19,45300.0,3659369,6.46
257720,실리콘투,2026-08-20,45950.0,1293152,6.77
257720,실리콘투,2026-08-21,47650.0,1490292,6.57
257720,실리콘투,2026-08-24,49450.0,1623357,6.63
257720,실리콘투,2026-08-25,51900.0,1590646,6.87
257720,실리콘투,2026-08-26,51800.0,944454,7.0
257720,실리콘투,2026-08-27,49150.0,8059350,11.7
257720,실리콘투,2026-08-28,53300.0,2143399,11.88
257720,실리콘투,2026-08-31,54200.0,1094227,11.42
257720,실리콘투,2026-09-01,51900.0,1246999,11.78
257720,실리콘투,2026-09-02,50900.0,870206,12.2
257720,실리콘투,2026-09-03,48500.0,1169532,12.46
257720,실리콘투,2026-09-04,48000.0,747717,12.54
257720,실리콘투,2026-09-07,47150.0,965759,13.02
257720,실리콘투,2026-09-08,46250.0,780018,13.23
257720,실리콘투,2026-09-09,44600.0,1044776,13.7
257720,실리콘투,2026-09-10,43550.0,898036,13.69
257720,실리콘투,2026-09-11,43500.0,781204,13.55
257720,실리콘투,2026-09-14,45400.0,1532202,12.55
257720,실리콘투,2026-09-15,43650.0,679067,11.95
257720,실리콘투,2026-09-16,42450.0,626003,11.84
257720,실리콘투,2026-09-17,42300.0,511339,11.89
257720,실리콘투,2026-09-18,41300.0,743499,11.76
257720,실리콘투,2026-09-21,41150.0,691852,12.16
257720,실리콘투,2026-09-22,39950.0,859673,12.35
257720,실리콘투,2026-09-23,38900.0,625198,12.52
257720,실리콘투,2026-09-28,38700.0,599652,12.45
257720,실리콘투,2026-09-29,38300.0,502067,12.24
257720,실리콘투,2026-09-30,38300.0,470606,12.0
257720,실리콘투,2026-10-01,38350.0,622353,11.9
257720,실리콘투,2026-10-02,37200.0,782305,11.94
260930,씨티케이,2026-06-09,2570.0,48029,
260930,씨티케이,2026-06-10,2700.0,45409,
260930,씨티케이,2026-06-11,2795.0,38974,
260930,씨티케이,2026-06-12,2950.0,49793,
260930,씨티케이,2026-06-15,2900.0,30830,
260930,씨티케이,2026-06-16,2900.0,24199,
260930,씨티케이,2026-06-17,2980.0,18134,
260930,씨티케이,2026-06-18,2920.0,13131,
260930,씨티케이,2026-06-19,2725.0,31168,
260930,씨티케이,2026-06-22,2725.0,25170,
260930,씨티케이,2026-06-23,2590.0,35417,
260930,씨티케이,2026-06-24,2550.0,41527,
260930,씨티케이,2026-06-25,2520.0,23371,
260930,씨티케이,2026-06-26,2355.0,122910,
260930,씨티케이,2026-06-29,2500.0,106449,
260930,씨티케이,2026-06-30,2435.0,40239,
260930,씨티케이,2026-07-01,2600.0,19512,
260930,씨티케이,2026-07-02,2615.0,18449,
260930,씨티케이,2026-07-03,2585.0,16914,
260930,씨티케이,2026-07-06,2720.0,40091,
260930,씨티케이,2026-07-07,2690.0,35199,
260930,씨티케이,2026-07-08,2710.0,100936,
260930,씨티케이,2026-07-09,2645.0,41491,
260930,씨티케이,2026-07-10,2760.0,23406,
260930,씨티케이,2026-07-13,2760.0,43574,
260930,씨티케이,2026-07-14,2710.0,49677,
260930,씨티케이,2026-07-15,2780.0,21358,
260930,씨티케이,2026-07-16,2735.0,9374,
260930,씨티케이,2026-07-20,2630.0,17479,
260930,씨티케이,2026-07-21,2600.0,22231,
260930,씨티케이,2026-07-22,2700.0,32907,
260930,씨티케이,2026-07-23,2730.0,15887,
260930,씨티케이,2026-07-24,2630.0,51214,3.41
260930,씨티케이,2026-07-27,2665.0,20701,3.44
260930,씨티케이,2026-07-28,2515.0,21245,3.45
260930,씨티케이,2026-07-29,2425.0,46767,3.44
260930,씨티케이,2026-07-30,2340.0,66659,3.57
260930,씨티케이,2026-07-31,2400.0,18961,3.58
260930,씨티케이,2026-08-03,2370.0,9589,3.59
260930,씨티케이,2026-08-04,2500.0,17223,3.6
260930,씨티케이,2026-08-05,2565.0,12488,3.61
260930,씨티케이,2026-08-06,2570.0,16025,3.62
260930,씨티케이,2026-08-07,2555.0,6706,3.62
260930,씨티케이,2026-08-10,2600.0,75599,3.6
260930,씨티케이,2026-08-11,2690.0,47903,3.68
260930,씨티케이,2026-08-12,2850.0,48155,3.69
260930,씨티케이,2026-08-13,2840.0,63743,3.74
260930,씨티케이,2026-08-14,2750.0,50065,3.76
260930,씨티케이,2026-08-18,2620.0,24695,3.76
260930,씨티케이,2026-08-19,2550.0,35000,3.79
260930,씨티케이,2026-08-20,2550.0,27355,3.81
260930,씨티케이,2026-08-21,2550.0,23945,3.82
260930,씨티케이,2026-08-24,2565.0,8125,3.81
260930,씨티케이,2026-08-25,2590.0,30490,3.8
260930,씨티케이,2026-08-26,2630.0,21543,3.81
260930,씨티케이,2026-08-27,2660.0,8691,3.79
260930,씨티케이,2026-08-28,2600.0,19915,3.8
260930,씨티케이,2026-08-31,2700.0,24139,3.83
260930,씨티케이,2026-09-01,2720.0,11879,3.82
260930,씨티케이,2026-09-02,2625.0,11974,3.79
260930,씨티케이,2026-09-03,2520.0,39575,3.82
260930,씨티케이,2026-09-04,2460.0,66060,3.77
260930,씨티케이,2026-09-07,2435.0,25421,3.75
260930,씨티케이,2026-09-08,2380.0,22218,3.71
260930,씨티케이,2026-09-09,2350.0,35918,3.7
260930,씨티케이,2026-09-10,2380.0,28017,3.66
260930,씨티케이,2026-09-11,2410.0,10223,3.65
260930,씨티케이,2026-09-14,2495.0,29582,3.62
260930,씨티케이,2026-09-15,2525.0,10668,3.62
260930,씨티케이,2026-09-16,2400.0,22383,3.57
260930,씨티케이,2026-09-17,2310.0,22620,3.53
260930,씨티케이,2026-09-18,2335.0,19150,3.52
260930,씨티케이,2026-09-21,2320.0,16757,3.5
260930,씨티케이,2026-09-22,2350.0,8964,3.49
260930,씨티케이,2026-09-23,2370.0,18079,3.47
260930,씨티케이,2026-09-28,2310.0,8816,3.48
260930,씨티케이,2026-09-29,2280.0,43130,3.5
260930,씨티케이,2026-09-30,2260.0,27806,3.47
260930,씨티케이,2026-10-01,2295.0,16390,3.47
260930,씨티케이,2026-10-02,2345.0,35137,3.48
260970,에스앤디,2026-06-09,47900.0,66563,
260970,에스앤디,2026-06-10,48150.0,33265,
260970,에스앤디,2026-06-11,50600.0,28547,
260970,에스앤디,2026-06-12,49900.0,18813,
260970,에스앤디,2026-06-15,49700.0,12090,
260970,에스앤디,2026-06-16,50000.0,14711,
260970,에스앤디,2026-06-17,50000.0,26961,
260970,에스앤디,2026-06-18,48200.0,18253,
260970,에스앤디,2026-06-19,47500.0,36535,
260970,에스앤디,2026-06-22,46100.0,14372,
260970,에스앤디,2026-06-23,42900.0,37793,
260970,에스앤디,2026-06-24,45350.0,28670,
260970,에스앤디,2026-06-25,47250.0,25295,
260970,에스앤디,2026-06-26,44200.0,12069,
260970,에스앤디,2026-06-29,48700.0,25775,
260970,에스앤디,2026-06-30,46600.0,12556,
260970,에스앤디,2026-07-01,49200.0,34397,
260970,에스앤디,2026-07-02,48850.0,32774,
260970,에스앤디,2026-07-03,48300.0,23334,
260970,에스앤디,2026-07-06,47550.0,12898,
260970,에스앤디,2026-07-07,50400.0,70897,
260970,에스앤디,2026-07-08,49700.0,26668,
260970,에스앤디,2026-07-09,50700.0,20832,
260970,에스앤디,2026-07-10,50100.0,17553,
260970,에스앤디,2026-07-13,49000.0,27562,
260970,에스앤디,2026-07-14,47650.0,25504,
260970,에스앤디,2026-07-15,49950.0,23983,
260970,에스앤디,2026-07-16,51000.0,22970,
260970,에스앤디,2026-07-20,49350.0,18257,
260970,에스앤디,2026-07-21,52000.0,24333,
260970,에스앤디,2026-07-22,49200.0,34208,
260970,에스앤디,2026-07-23,50100.0,14667,
260970,에스앤디,2026-07-24,49200.0,8048,4.55
260970,에스앤디,2026-07-27,49950.0,10467,4.58
260970,에스앤디,2026-07-28,46700.0,19935,4.57
260970,에스앤디,2026-07-29,47700.0,61009,4.4
260970,에스앤디,2026-07-30,47300.0,88334,5.31
260970,에스앤디,2026-07-31,48200.0,34947,5.55
260970,에스앤디,2026-08-03,47400.0,12420,5.58
260970,에스앤디,2026-08-04,51600.0,22767,5.95
260970,에스앤디,2026-08-05,53200.0,14226,5.94
260970,에스앤디,2026-08-06,54400.0,21867,6.09
260970,에스앤디,2026-08-07,58300.0,39181,6.31
260970,에스앤디,2026-08-10,59100.0,28600,6.27
260970,에스앤디,2026-08-11,58400.0,30566,6.57
260970,에스앤디,2026-08-12,56900.0,19719,6.59
260970,에스앤디,2026-08-13,56800.0,20892,6.58
260970,에스앤디,2026-08-14,56500.0,52288,6.65
260970,에스앤디,2026-08-18,51000.0,57499,6.23
260970,에스앤디,2026-08-19,49200.0,28809,5.95
260970,에스앤디,2026-08-20,51100.0,22628,5.94
260970,에스앤디,2026-08-21,52000.0,31861,5.5
260970,에스앤디,2026-08-24,54100.0,24119,5.58
260970,에스앤디,2026-08-25,56800.0,29478,5.54
260970,에스앤디,2026-08-26,60600.0,45449,5.23
260970,에스앤디,2026-08-27,59300.0,19391,5.14
260970,에스앤디,2026-08-28,61000.0,23507,5.09
260970,에스앤디,2026-08-31,58200.0,13118,5.06
260970,에스앤디,2026-09-01,55800.0,20468,5.3
260970,에스앤디,2026-09-02,55800.0,15819,5.05
260970,에스앤디,2026-09-03,53900.0,10139,5.01
260970,에스앤디,2026-09-04,54000.0,9854,4.86
260970,에스앤디,2026-09-07,52100.0,39578,4.83
260970,에스앤디,2026-09-08,53200.0,20172,4.83
260970,에스앤디,2026-09-09,52000.0,9205,4.8
260970,에스앤디,2026-09-10,52100.0,14709,4.82
260970,에스앤디,2026-09-11,55400.0,23427,4.88
260970,에스앤디,2026-09-14,56200.0,17446,4.73
260970,에스앤디,2026-09-15,56100.0,6389,4.71
260970,에스앤디,2026-09-16,56300.0,6306,4.73
260970,에스앤디,2026-09-17,56700.0,3433,4.72
260970,에스앤디,2026-09-18,55300.0,9476,4.83
260970,에스앤디,2026-09-21,56200.0,7423,4.77
260970,에스앤디,2026-09-22,56200.0,7090,4.78
260970,에스앤디,2026-09-23,57200.0,15064,4.72
260970,에스앤디,2026-09-28,57100.0,10262,4.95
260970,에스앤디,2026-09-29,59800.0,19514,4.83
260970,에스앤디,2026-09-30,58800.0,4732,4.79
260970,에스앤디,2026-10-01,60800.0,11516,4.79
260970,에스앤디,2026-10-02,61200.0,8608,4.76
264900,크라운제과,2026-06-09,8100.0,5805,
264900,크라운제과,2026-06-10,8150.0,15482,
264900,크라운제과,2026-06-11,8030.0,12176,
264900,크라운제과,2026-06-12,8420.0,28943,
264900,크라운제과,2026-06-15,8250.0,14604,
264900,크라운제과,2026-06-16,8340.0,19131,
264900,크라운제과,2026-06-17,8400.0,15951,
264900,크라운제과,2026-06-18,8210.0,11668,
264900,크라운제과,2026-06-19,8140.0,27895,
264900,크라운제과,2026-06-22,8090.0,17225,
264900,크라운제과,2026-06-23,7560.0,1895944,
264900,크라운제과,2026-06-24,7770.0,140074,
264900,크라운제과,2026-06-25,7710.0,80571,
264900,크라운제과,2026-06-26,7640.0,48351,
264900,크라운제과,2026-06-29,8060.0,52978,
264900,크라운제과,2026-06-30,8070.0,28612,
264900,크라운제과,2026-07-01,8270.0,32994,
264900,크라운제과,2026-07-02,8510.0,45268,
264900,크라운제과,2026-07-03,8450.0,16906,
264900,크라운제과,2026-07-06,8370.0,26459,
264900,크라운제과,2026-07-07,8380.0,20744,
264900,크라운제과,2026-07-08,8490.0,44246,
264900,크라운제과,2026-07-09,8230.0,13738,
264900,크라운제과,2026-07-10,8350.0,11255,
264900,크라운제과,2026-07-13,8110.0,22996,
264900,크라운제과,2026-07-14,8160.0,44994,
264900,크라운제과,2026-07-15,8130.0,15443,
264900,크라운제과,2026-07-16,8120.0,11031,
264900,크라운제과,2026-07-20,8000.0,13841,
264900,크라운제과,2026-07-21,8030.0,7161,
264900,크라운제과,2026-07-22,8030.0,4975,
264900,크라운제과,2026-07-23,8010.0,4637,
264900,크라운제과,2026-07-24,8040.0,10996,3.09
264900,크라운제과,2026-07-27,8100.0,4272,3.09
264900,크라운제과,2026-07-28,7930.0,18306,3.09
264900,크라운제과,2026-07-29,8030.0,22845,3.09
264900,크라운제과,2026-07-30,8020.0,13130,3.13
264900,크라운제과,2026-07-31,8010.0,7292,3.14
264900,크라운제과,2026-08-03,8040.0,1862,3.14
264900,크라운제과,2026-08-04,8080.0,3667,3.14
264900,크라운제과,2026-08-05,8100.0,1091,3.14
264900,크라운제과,2026-08-06,8100.0,2020,3.14
264900,크라운제과,2026-08-07,8160.0,3445,3.15
264900,크라운제과,2026-08-10,8160.0,3424,3.13
264900,크라운제과,2026-08-11,8210.0,3337,3.13
264900,크라운제과,2026-08-12,8130.0,6602,3.13
264900,크라운제과,2026-08-13,8140.0,7183,3.11
264900,크라운제과,2026-08-14,8270.0,58145,3.16
264900,크라운제과,2026-08-18,8200.0,11410,3.16
264900,크라운제과,2026-08-19,8170.0,11489,3.15
264900,크라운제과,2026-08-20,8150.0,9855,3.14
264900,크라운제과,2026-08-21,8150.0,11425,3.13
264900,크라운제과,2026-08-24,8130.0,1175,3.13
264900,크라운제과,2026-08-25,8170.0,3554,3.01
264900,크라운제과,2026-08-26,8220.0,4335,3.01
264900,크라운제과,2026-08-27,8140.0,12169,2.96
264900,크라운제과,2026-08-28,8110.0,3324,2.97
264900,크라운제과,2026-08-31,8160.0,4248,2.98
264900,크라운제과,2026-09-01,8150.0,20036,3.05
264900,크라운제과,2026-09-02,8160.0,1914,3.05
264900,크라운제과,2026-09-03,8090.0,8542,3.04
264900,크라운제과,2026-09-04,8110.0,4109,3.04
264900,크라운제과,2026-09-07,8090.0,2289,3.03
264900,크라운제과,2026-09-08,8060.0,6203,3.02
264900,크라운제과,2026-09-09,8030.0,13401,3.01
264900,크라운제과,2026-09-10,8110.0,8389,3.01
264900,크라운제과,2026-09-11,8050.0,9687,3.0
264900,크라운제과,2026-09-14,8060.0,2384,3.0
264900,크라운제과,2026-09-15,8070.0,1918,3.0
264900,크라운제과,2026-09-16,8020.0,6187,2.97
264900,크라운제과,2026-09-17,7790.0,43965,2.84
264900,크라운제과,2026-09-18,7820.0,4673,2.84
264900,크라운제과,2026-09-21,7800.0,12046,2.86
264900,크라운제과,2026-09-22,7750.0,7691,2.82
264900,크라운제과,2026-09-23,7780.0,5460,2.82
264900,크라운제과,2026-09-28,7760.0,7919,2.83
264900,크라운제과,2026-09-29,7770.0,2011,2.82
264900,크라운제과,2026-09-30,7700.0,6673,2.77
264900,크라운제과,2026-10-01,7670.0,4641,2.75
264900,크라운제과,2026-10-02,7650.0,6119,2.74
267980,매일유업,2026-06-09,32800.0,9920,
267980,매일유업,2026-06-10,32850.0,11175,
267980,매일유업,2026-06-11,33600.0,2719,
267980,매일유업,2026-06-12,33800.0,6145,
267980,매일유업,2026-06-15,34050.0,6984,
267980,매일유업,2026-06-16,34650.0,13400,
267980,매일유업,2026-06-17,33950.0,1704,
267980,매일유업,2026-06-18,33300.0,5470,
267980,매일유업,2026-06-19,32550.0,15725,
267980,매일유업,2026-06-22,32550.0,6635,
267980,매일유업,2026-06-23,31700.0,5716,
267980,매일유업,2026-06-24,31750.0,7287,
267980,매일유업,2026-06-25,31500.0,3577,
267980,매일유업,2026-06-26,31650.0,6602,
267980,매일유업,2026-06-29,32950.0,4560,
267980,매일유업,2026-06-30,32200.0,1948,
267980,매일유업,2026-07-01,33000.0,2839,
267980,매일유업,2026-07-02,33000.0,5168,
267980,매일유업,2026-07-03,33200.0,4181,
267980,매일유업,2026-07-06,33450.0,5135,
267980,매일유업,2026-07-07,33750.0,3915,
267980,매일유업,2026-07-08,33050.0,3733,
267980,매일유업,2026-07-09,33100.0,4431,
267980,매일유업,2026-07-10,35100.0,26331,
267980,매일유업,2026-07-13,33650.0,10934,
267980,매일유업,2026-07-14,33350.0,3949,
267980,매일유업,2026-07-15,33450.0,6792,
267980,매일유업,2026-07-16,33850.0,13211,
267980,매일유업,2026-07-20,32700.0,3949,
267980,매일유업,2026-07-21,32300.0,2654,
267980,매일유업,2026-07-22,32900.0,1567,
267980,매일유업,2026-07-23,33350.0,3796,
267980,매일유업,2026-07-24,33800.0,3748,13.85
267980,매일유업,2026-07-27,33550.0,2235,13.86
267980,매일유업,2026-07-28,33100.0,3167,13.87
267980,매일유업,2026-07-29,32450.0,6699,13.92
267980,매일유업,2026-07-30,33050.0,3268,13.95
267980,매일유업,2026-07-31,33950.0,3042,13.96
267980,매일유업,2026-08-03,34200.0,3785,13.98
267980,매일유업,2026-08-04,34000.0,2109,13.98
267980,매일유업,2026-08-05,34400.0,2807,13.98
267980,매일유업,2026-08-06,33950.0,5411,14.02
267980,매일유업,2026-08-07,34550.0,2258,14.03
267980,매일유업,2026-08-10,34500.0,3509,14.06
267980,매일유업,2026-08-11,34400.0,2367,14.05
267980,매일유업,2026-08-12,34350.0,1975,14.03
267980,매일유업,2026-08-13,33950.0,5143,14.0
267980,매일유업,2026-08-14,34200.0,1428,14.01
267980,매일유업,2026-08-18,35000.0,4367,14.02
267980,매일유업,2026-08-19,34500.0,2478,14.0
267980,매일유업,2026-08-20,34450.0,1982,13.99
267980,매일유업,2026-08-21,34000.0,2801,13.99
267980,매일유업,2026-08-24,34350.0,3002,14.04
267980,매일유업,2026-08-25,34800.0,1929,14.06
267980,매일유업,2026-08-26,34450.0,1607,14.06
267980,매일유업,2026-08-27,34050.0,4304,14.06
267980,매일유업,2026-08-28,34600.0,2341,14.07
267980,매일유업,2026-08-31,34950.0,1575,14.07
267980,매일유업,2026-09-01,34850.0,1790,14.06
267980,매일유업,2026-09-02,34200.0,1499,14.06
267980,매일유업,2026-09-03,34250.0,1017,14.06
267980,매일유업,2026-09-04,34350.0,1164,14.06
267980,매일유업,2026-09-07,34050.0,1556,14.05
267980,매일유업,2026-09-08,34050.0,1053,14.03
267980,매일유업,2026-09-09,34400.0,713,14.03
267980,매일유업,2026-09-10,34000.0,2855,14.04
267980,매일유업,2026-09-11,34200.0,1046,14.04
267980,매일유업,2026-09-14,34200.0,1053,14.05
267980,매일유업,2026-09-15,33900.0,2405,14.05
267980,매일유업,2026-09-16,34000.0,980,14.04
267980,매일유업,2026-09-17,33850.0,1222,14.04
267980,매일유업,2026-09-18,33800.0,996,14.04
267980,매일유업,2026-09-21,33850.0,777,14.03
267980,매일유업,2026-09-22,33850.0,2518,14.03
267980,매일유업,2026-09-23,33550.0,5183,14.03
267980,매일유업,2026-09-28,33500.0,1790,14.03
267980,매일유업,2026-09-29,33000.0,2516,13.99
267980,매일유업,2026-09-30,33200.0,4387,13.94
267980,매일유업,2026-10-01,33150.0,5483,13.89
267980,매일유업,2026-10-02,33900.0,13589,13.82
271560,오리온,2026-06-09,132900.0,88443,
271560,오리온,2026-06-10,132500.0,96812,
271560,오리온,2026-06-11,138100.0,148738,
271560,오리온,2026-06-12,135500.0,91015,
271560,오리온,2026-06-15,133800.0,264737,
271560,오리온,2026-06-16,134000.0,131915,
271560,오리온,2026-06-17,135100.0,229891,
271560,오리온,2026-06-18,134000.0,118062,
271560,오리온,2026-06-19,134000.0,120950,
271560,오리온,2026-06-22,130100.0,69842,
271560,오리온,2026-06-23,125500.0,140505,
271560,오리온,2026-06-24,125400.0,112839,
271560,오리온,2026-06-25,124800.0,149856,
271560,오리온,2026-06-26,126400.0,179824,
271560,오리온,2026-06-29,137900.0,182220,
271560,오리온,2026-06-30,131900.0,126462,
271560,오리온,2026-07-01,136700.0,77243,
271560,오리온,2026-07-02,139000.0,193800,
271560,오리온,2026-07-03,136300.0,107104,
271560,오리온,2026-07-06,136900.0,78908,
271560,오리온,2026-07-07,139500.0,130966,
271560,오리온,2026-07-08,140300.0,141119,
271560,오리온,2026-07-09,135500.0,102559,
271560,오리온,2026-07-10,137100.0,141543,
271560,오리온,2026-07-13,133700.0,128707,
271560,오리온,2026-07-14,128400.0,72329,
271560,오리온,2026-07-15,127100.0,79423,
271560,오리온,2026-07-16,128400.0,102380,
271560,오리온,2026-07-20,127000.0,103272,
271560,오리온,2026-07-21,128000.0,100046,
271560,오리온,2026-07-22,128600.0,74947,
271560,오리온,2026-07-23,129300.0,91249,
271560,오리온,2026-07-24,130500.0,83709,39.07
271560,오리온,2026-07-27,130000.0,50759,39.13
271560,오리온,2026-07-28,129900.0,120786,39.06
271560,오리온,2026-07-29,135000.0,261634,38.78
271560,오리온,2026-07-30,135300.0,156709,38.64
271560,오리온,2026-07-31,131800.0,130063,38.75
271560,오리온,2026-08-03,133500.0,107210,38.73
271560,오리온,2026-08-04,132700.0,62778,38.76
271560,오리온,2026-08-05,130300.0,165968,38.89
271560,오리온,2026-08-06,135500.0,116808,39.0
271560,오리온,2026-08-07,137600.0,78841,38.98
271560,오리온,2026-08-10,137500.0,90717,39.11
271560,오리온,2026-08-11,136000.0,83623,39.19
271560,오리온,2026-08-12,132800.0,133626,39.26
271560,오리온,2026-08-13,131800.0,136340,39.16
271560,오리온,2026-08-14,134000.0,70656,39.19
271560,오리온,2026-08-18,125100.0,178282,38.88
271560,오리온,2026-08-19,124100.0,114133,38.84
271560,오리온,2026-08-20,124600.0,112450,38.87
271560,오리온,2026-08-21,125400.0,142647,38.86
271560,오리온,2026-08-24,128300.0,75660,39.0
271560,오리온,2026-08-25,126700.0,65422,38.97
271560,오리온,2026-08-26,129000.0,66306,39.0
271560,오리온,2026-08-27,126200.0,75013,38.97
271560,오리온,2026-08-28,129500.0,64994,38.98
271560,오리온,2026-08-31,130000.0,153114,39.01
271560,오리온,2026-09-01,129700.0,138860,39.01
271560,오리온,2026-09-02,127500.0,68039,39.05
271560,오리온,2026-09-03,129300.0,95889,39.13
271560,오리온,2026-09-04,126300.0,84688,39.07
271560,오리온,2026-09-07,123000.0,121608,39.03
271560,오리온,2026-09-08,121100.0,98466,39.02
271560,오리온,2026-09-09,120000.0,76939,39.09
271560,오리온,2026-09-10,120100.0,100912,39.19
271560,오리온,2026-09-11,119300.0,58332,39.21
271560,오리온,2026-09-14,113800.0,142537,39.17
271560,오리온,2026-09-15,115200.0,141247,39.25
271560,오리온,2026-09-16,111800.0,238208,39.19
271560,오리온,2026-09-17,114000.0,47775,39.19
271560,오리온,2026-09-18,112500.0,268687,39.04
271560,오리온,2026-09-21,111400.0,68110,39.0
271560,오리온,2026-09-22,110700.0,99266,38.99
271560,오리온,2026-09-23,110200.0,73852,38.99
271560,오리온,2026-09-28,111600.0,74660,39.06
271560,오리온,2026-09-29,110500.0,48201,39.04
271560,오리온,2026-09-30,107000.0,129247,38.97
271560,오리온,2026-10-01,106100.0,46895,38.89
271560,오리온,2026-10-02,105700.0,106030,38.9
272450,진에어,2026-06-09,5410.0,84318,
272450,진에어,2026-06-10,5320.0,78293,
272450,진에어,2026-06-11,5270.0,99634,
272450,진에어,2026-06-12,5510.0,242352,
272450,진에어,2026-06-15,6200.0,2572231,
272450,진에어,2026-06-16,6090.0,259741,
272450,진에어,2026-06-17,6270.0,244680,
272450,진에어,2026-06-18,6050.0,266054,
272450,진에어,2026-06-19,6050.0,233342,
272450,진에어,2026-06-22,5800.0,129253,
272450,진에어,2026-06-23,5610.0,204280,
272450,진에어,2026-06-24,5720.0,146296,
272450,진에어,2026-06-25,5950.0,141432,
272450,진에어,2026-06-26,5660.0,156425,
272450,진에어,2026-06-29,5860.0,102202,
272450,진에어,2026-06-30,5670.0,106452,
272450,진에어,2026-07-01,5720.0,67812,
272450,진에어,2026-07-02,5650.0,207306,
272450,진에어,2026-07-03,5700.0,126586,
272450,진에어,2026-07-06,5680.0,97664,
272450,진에어,2026-07-07,5650.0,148613,
272450,진에어,2026-07-08,5390.0,194218,
272450,진에어,2026-07-09,5290.0,174829,
272450,진에어,2026-07-10,5420.0,96263,
272450,진에어,2026-07-13,5190.0,126990,
272450,진에어,2026-07-14,5080.0,131025,
272450,진에어,2026-07-15,5120.0,73207,
272450,진에어,2026-07-16,5120.0,60030,
272450,진에어,2026-07-20,4920.0,123764,
272450,진에어,2026-07-21,4980.0,52492,
272450,진에어,2026-07-22,4990.0,36871,
272450,진에어,2026-07-23,5170.0,41602,
272450,진에어,2026-07-24,5110.0,40729,1.08
272450,진에어,2026-07-27,5240.0,57932,1.09
272450,진에어,2026-07-28,5000.0,65182,1.06
272450,진에어,2026-07-29,4815.0,168545,1.07
272450,진에어,2026-07-30,4960.0,90621,1.16
272450,진에어,2026-07-31,5200.0,91936,1.19
272450,진에어,2026-08-03,5270.0,81202,1.19
272450,진에어,2026-08-04,5300.0,53761,1.2
272450,진에어,2026-08-05,5470.0,94186,1.25
272450,진에어,2026-08-06,5480.0,58211,1.26
272450,진에어,2026-08-07,5380.0,63439,1.25
272450,진에어,2026-08-10,5470.0,70495,1.24
272450,진에어,2026-08-11,5370.0,42967,1.21
272450,진에어,2026-08-12,5350.0,35371,1.19
272450,진에어,2026-08-13,5290.0,68856,1.13
272450,진에어,2026-08-14,5320.0,43806,1.15
272450,진에어,2026-08-18,5130.0,70034,1.08
272450,진에어,2026-08-19,5050.0,58730,1.04
272450,진에어,2026-08-20,5140.0,33072,1.03
272450,진에어,2026-08-21,5170.0,30637,1.03
272450,진에어,2026-08-24,5720.0,382606,1.15
272450,진에어,2026-08-25,5690.0,113334,1.16
272450,진에어,2026-08-26,5890.0,175679,1.22
272450,진에어,2026-08-27,5900.0,131109,1.21
272450,진에어,2026-08-28,5910.0,80591,1.21
272450,진에어,2026-08-31,5750.0,44398,1.2
272450,진에어,2026-09-01,5800.0,56911,1.2
272450,진에어,2026-09-02,5740.0,40855,1.19
272450,진에어,2026-09-03,5820.0,83314,1.19
272450,진에어,2026-09-04,6140.0,189240,1.26
272450,진에어,2026-09-07,6180.0,180241,1.29
272450,진에어,2026-09-08,6500.0,322495,1.39
272450,진에어,2026-09-09,6150.0,208966,1.34
272450,진에어,2026-09-10,6150.0,120533,1.36
272450,진에어,2026-09-11,5930.0,129306,1.34
272450,진에어,2026-09-14,6020.0,91709,1.37
272450,진에어,2026-09-15,5960.0,55839,1.34
272450,진에어,2026-09-16,5790.0,72000,1.31
272450,진에어,2026-09-17,5860.0,40366,1.31
272450,진에어,2026-09-18,5820.0,57740,1.28
272450,진에어,2026-09-21,5820.0,34553,1.25
272450,진에어,2026-09-22,6030.0,153945,1.31
272450,진에어,2026-09-23,6030.0,129919,1.29
272450,진에어,2026-09-28,5960.0,68242,1.32
272450,진에어,2026-09-29,5940.0,43665,1.33
272450,진에어,2026-09-30,6020.0,46320,1.34
272450,진에어,2026-10-01,5970.0,53557,1.32
272450,진에어,2026-10-02,5910.0,51597,1.28
272550,삼양패키징,2026-06-09,8770.0,35560,
272550,삼양패키징,2026-06-10,8800.0,46242,
272550,삼양패키징,2026-06-11,8890.0,27647,
272550,삼양패키징,2026-06-12,9160.0,17655,
272550,삼양패키징,2026-06-15,9250.0,31140,
272550,삼양패키징,2026-06-16,9270.0,37453,
272550,삼양패키징,2026-06-17,9180.0,19828,
272550,삼양패키징,2026-06-18,8830.0,32278,
272550,삼양패키징,2026-06-19,8680.0,37322,
272550,삼양패키징,2026-06-22,8520.0,14395,
272550,삼양패키징,2026-06-23,8210.0,39452,
272550,삼양패키징,2026-06-24,8110.0,41054,
272550,삼양패키징,2026-06-25,8100.0,22362,
272550,삼양패키징,2026-06-26,7900.0,55249,
272550,삼양패키징,2026-06-29,8550.0,32855,
272550,삼양패키징,2026-06-30,8300.0,24335,
272550,삼양패키징,2026-07-01,8420.0,27570,
272550,삼양패키징,2026-07-02,8370.0,41595,
272550,삼양패키징,2026-07-03,8610.0,22517,
272550,삼양패키징,2026-07-06,8670.0,23953,
272550,삼양패키징,2026-07-07,8700.0,26986,
272550,삼양패키징,2026-07-08,8730.0,54669,
272550,삼양패키징,2026-07-09,8540.0,20526,
272550,삼양패키징,2026-07-10,8670.0,15530,
272550,삼양패키징,2026-07-13,8590.0,32322,
272550,삼양패키징,2026-07-14,8470.0,32053,
272550,삼양패키징,2026-07-15,8560.0,19282,
272550,삼양패키징,2026-07-16,8660.0,16070,
272550,삼양패키징,2026-07-20,8590.0,36520,
272550,삼양패키징,2026-07-21,8630.0,28808,
272550,삼양패키징,2026-07-22,8580.0,14791,
272550,삼양패키징,2026-07-23,8820.0,15372,
272550,삼양패키징,2026-07-24,8940.0,40663,2.3
272550,삼양패키징,2026-07-27,8880.0,19281,2.29
272550,삼양패키징,2026-07-28,8640.0,26520,2.3
272550,삼양패키징,2026-07-29,8450.0,42049,2.4
272550,삼양패키징,2026-07-30,8790.0,25902,2.43
272550,삼양패키징,2026-07-31,8900.0,22794,2.44
272550,삼양패키징,2026-08-03,8860.0,12102,2.49
272550,삼양패키징,2026-08-04,9240.0,18651,2.43
272550,삼양패키징,2026-08-05,9320.0,41220,2.45
272550,삼양패키징,2026-08-06,9390.0,16815,2.51
272550,삼양패키징,2026-08-07,9520.0,22284,2.55
272550,삼양패키징,2026-08-10,9800.0,37588,2.58
272550,삼양패키징,2026-08-11,9940.0,24725,2.62
272550,삼양패키징,2026-08-12,9940.0,32260,2.59
272550,삼양패키징,2026-08-13,9890.0,33969,2.53
272550,삼양패키징,2026-08-14,10050.0,33537,2.58
272550,삼양패키징,2026-08-18,9990.0,22413,2.57
272550,삼양패키징,2026-08-19,9940.0,16161,2.55
272550,삼양패키징,2026-08-20,9900.0,25178,2.5
272550,삼양패키징,2026-08-21,9860.0,15623,2.48
272550,삼양패키징,2026-08-24,9940.0,13050,2.52
272550,삼양패키징,2026-08-25,10000.0,28861,2.62
272550,삼양패키징,2026-08-26,10060.0,22878,2.63
272550,삼양패키징,2026-08-27,9990.0,29328,2.6
272550,삼양패키징,2026-08-28,10000.0,38209,2.69
272550,삼양패키징,2026-08-31,10000.0,15371,2.68
272550,삼양패키징,2026-09-01,9860.0,14482,2.63
272550,삼양패키징,2026-09-02,9800.0,12477,2.63
272550,삼양패키징,2026-09-03,9840.0,9051,2.62
272550,삼양패키징,2026-09-04,9880.0,11840,2.6
272550,삼양패키징,2026-09-07,9850.0,15649,2.56
272550,삼양패키징,2026-09-08,9910.0,8053,2.52
272550,삼양패키징,2026-09-09,9870.0,8125,2.51
272550,삼양패키징,2026-09-10,9860.0,6398,2.53
272550,삼양패키징,2026-09-11,9870.0,17938,2.59
272550,삼양패키징,2026-09-14,9920.0,5347,2.6
272550,삼양패키징,2026-09-15,9890.0,13673,2.56
272550,삼양패키징,2026-09-16,9860.0,25185,2.58
272550,삼양패키징,2026-09-17,9740.0,12488,2.56
272550,삼양패키징,2026-09-18,9680.0,20299,2.55
272550,삼양패키징,2026-09-21,9660.0,9051,2.54
272550,삼양패키징,2026-09-22,9680.0,8840,2.55
272550,삼양패키징,2026-09-23,9800.0,7772,2.53
272550,삼양패키징,2026-09-28,9800.0,14652,2.51
272550,삼양패키징,2026-09-29,9800.0,5732,2.46
272550,삼양패키징,2026-09-30,9840.0,11973,2.47
272550,삼양패키징,2026-10-01,9880.0,16486,2.46
272550,삼양패키징,2026-10-02,9800.0,10703,2.45
280360,롯데웰푸드,2026-06-09,104300.0,22180,
280360,롯데웰푸드,2026-06-10,103200.0,22989,
280360,롯데웰푸드,2026-06-11,105000.0,25022,
280360,롯데웰푸드,2026-06-12,108300.0,26619,
280360,롯데웰푸드,2026-06-15,110200.0,19683,
280360,롯데웰푸드,2026-06-16,106300.0,30079,
280360,롯데웰푸드,2026-06-17,104900.0,21847,
280360,롯데웰푸드,2026-06-18,101100.0,33219,
280360,롯데웰푸드,2026-06-19,99000.0,27613,
280360,롯데웰푸드,2026-06-22,94800.0,17072,
280360,롯데웰푸드,2026-06-23,93300.0,17642,
280360,롯데웰푸드,2026-06-24,92800.0,9847,
280360,롯데웰푸드,2026-06-25,92800.0,12826,
280360,롯데웰푸드,2026-06-26,91900.0,15940,
280360,롯데웰푸드,2026-06-29,97500.0,19508,
280360,롯데웰푸드,2026-06-30,95300.0,19413,
280360,롯데웰푸드,2026-07-01,96100.0,18373,
280360,롯데웰푸드,2026-07-02,101500.0,19780,
280360,롯데웰푸드,2026-07-03,102000.0,14933,
280360,롯데웰푸드,2026-07-06,104200.0,12967,
280360,롯데웰푸드,2026-07-07,107000.0,14459,
280360,롯데웰푸드,2026-07-08,105600.0,12295,
280360,롯데웰푸드,2026-07-09,101900.0,21619,
280360,롯데웰푸드,2026-07-10,106500.0,19857,
280360,롯데웰푸드,2026-07-13,107800.0,17263,
280360,롯데웰푸드,2026-07-14,102500.0,26832,
280360,롯데웰푸드,2026-07-15,100200.0,21235,
280360,롯데웰푸드,2026-07-16,101000.0,8782,
280360,롯데웰푸드,2026-07-20,100000.0,16334,
280360,롯데웰푸드,2026-07-21,100500.0,17318,
280360,롯데웰푸드,2026-07-22,99500.0,20857,
280360,롯데웰푸드,2026-07-23,102000.0,25380,
280360,롯데웰푸드,2026-07-24,102000.0,10032,14.16
280360,롯데웰푸드,2026-07-27,103500.0,27725,14.22
280360,롯데웰푸드,2026-07-28,100800.0,9248,14.24
280360,롯데웰푸드,2026-07-29,102500.0,35768,14.23
280360,롯데웰푸드,2026-07-30,106000.0,34182,14.2
280360,롯데웰푸드,2026-07-31,103000.0,24231,14.16
280360,롯데웰푸드,2026-08-03,100900.0,20160,14.19
280360,롯데웰푸드,2026-08-04,103300.0,19540,14.23
280360,롯데웰푸드,2026-08-05,101800.0,15722,14.21
280360,롯데웰푸드,2026-08-06,104000.0,10267,14.23
280360,롯데웰푸드,2026-08-07,116900.0,105777,14.53
280360,롯데웰푸드,2026-08-10,130900.0,111514,14.8
280360,롯데웰푸드,2026-08-11,127200.0,24790,14.76
280360,롯데웰푸드,2026-08-12,122800.0,31120,14.75
280360,롯데웰푸드,2026-08-13,119200.0,53155,15.0
280360,롯데웰푸드,2026-08-14,129300.0,62201,15.0
280360,롯데웰푸드,2026-08-18,123200.0,24827,14.95
280360,롯데웰푸드,2026-08-19,123400.0,21026,14.93
280360,롯데웰푸드,2026-08-20,128000.0,35391,14.74
280360,롯데웰푸드,2026-08-21,128300.0,29031,14.59
280360,롯데웰푸드,2026-08-24,130100.0,23613,14.51
280360,롯데웰푸드,2026-08-25,135200.0,55369,14.28
280360,롯데웰푸드,2026-08-26,139900.0,84149,13.97
280360,롯데웰푸드,2026-08-27,136000.0,36331,13.75
280360,롯데웰푸드,2026-08-28,146300.0,61535,13.6
280360,롯데웰푸드,2026-08-31,145700.0,122654,13.55
280360,롯데웰푸드,2026-09-01,144700.0,44855,13.49
280360,롯데웰푸드,2026-09-02,148600.0,47437,13.43
280360,롯데웰푸드,2026-09-03,146600.0,22722,13.41
280360,롯데웰푸드,2026-09-04,145500.0,19450,13.41
280360,롯데웰푸드,2026-09-07,138600.0,32971,13.5
280360,롯데웰푸드,2026-09-08,139700.0,18324,13.48
280360,롯데웰푸드,2026-09-09,139100.0,16050,13.5
280360,롯데웰푸드,2026-09-10,144700.0,28575,13.48
280360,롯데웰푸드,2026-09-11,142900.0,26336,13.54
280360,롯데웰푸드,2026-09-14,141100.0,18760,13.62
280360,롯데웰푸드,2026-09-15,135800.0,17415,13.7
280360,롯데웰푸드,2026-09-16,131200.0,30630,13.83
280360,롯데웰푸드,2026-09-17,130500.0,29658,13.99
280360,롯데웰푸드,2026-09-18,127100.0,18368,13.99
280360,롯데웰푸드,2026-09-21,127500.0,14515,13.97
280360,롯데웰푸드,2026-09-22,124500.0,9592,13.94
280360,롯데웰푸드,2026-09-23,125000.0,13331,13.98
280360,롯데웰푸드,2026-09-28,125900.0,11397,13.98
280360,롯데웰푸드,2026-09-29,124200.0,10532,13.97
280360,롯데웰푸드,2026-09-30,121900.0,14883,13.95
280360,롯데웰푸드,2026-10-01,122400.0,8707,13.93
280360,롯데웰푸드,2026-10-02,120100.0,13597,13.96
284740,쿠쿠홈시스,2026-06-09,22150.0,11674,
284740,쿠쿠홈시스,2026-06-10,22200.0,9968,
284740,쿠쿠홈시스,2026-06-11,22550.0,16862,
284740,쿠쿠홈시스,2026-06-12,22500.0,20264,
284740,쿠쿠홈시스,2026-06-15,23000.0,34392,
284740,쿠쿠홈시스,2026-06-16,22800.0,25583,
284740,쿠쿠홈시스,2026-06-17,22250.0,9475,
284740,쿠쿠홈시스,2026-06-18,22200.0,32760,
284740,쿠쿠홈시스,2026-06-19,22300.0,30910,
284740,쿠쿠홈시스,2026-06-22,21800.0,16391,
284740,쿠쿠홈시스,2026-06-23,20900.0,14724,
284740,쿠쿠홈시스,2026-06-24,20950.0,21840,
284740,쿠쿠홈시스,2026-06-25,20800.0,16830,
284740,쿠쿠홈시스,2026-06-26,20500.0,12704,
284740,쿠쿠홈시스,2026-06-29,21150.0,12400,
284740,쿠쿠홈시스,2026-06-30,21100.0,12158,
284740,쿠쿠홈시스,2026-07-01,22050.0,5797,
284740,쿠쿠홈시스,2026-07-02,22300.0,26970,
284740,쿠쿠홈시스,2026-07-03,22350.0,13519,
284740,쿠쿠홈시스,2026-07-06,22050.0,8090,
284740,쿠쿠홈시스,2026-07-07,21900.0,11979,
284740,쿠쿠홈시스,2026-07-08,21450.0,15930,
284740,쿠쿠홈시스,2026-07-09,20850.0,13314,
284740,쿠쿠홈시스,2026-07-10,21400.0,6567,
284740,쿠쿠홈시스,2026-07-13,21100.0,7511,
284740,쿠쿠홈시스,2026-07-14,21050.0,7767,
284740,쿠쿠홈시스,2026-07-15,20950.0,10116,
284740,쿠쿠홈시스,2026-07-16,21250.0,11932,
284740,쿠쿠홈시스,2026-07-20,21150.0,5289,
284740,쿠쿠홈시스,2026-07-21,21150.0,8258,
284740,쿠쿠홈시스,2026-07-22,20950.0,8272,
284740,쿠쿠홈시스,2026-07-23,21400.0,7461,
284740,쿠쿠홈시스,2026-07-24,21600.0,6434,9.35
284740,쿠쿠홈시스,2026-07-27,22150.0,5835,9.38
284740,쿠쿠홈시스,2026-07-28,21350.0,20500,9.39
284740,쿠쿠홈시스,2026-07-29,21100.0,26057,9.43
284740,쿠쿠홈시스,2026-07-30,21000.0,25297,9.48
284740,쿠쿠홈시스,2026-07-31,21500.0,11749,9.5
284740,쿠쿠홈시스,2026-08-03,20900.0,7577,9.48
284740,쿠쿠홈시스,2026-08-04,21550.0,8578,9.48
284740,쿠쿠홈시스,2026-08-05,21500.0,8318,9.47
284740,쿠쿠홈시스,2026-08-06,21550.0,43178,9.44
284740,쿠쿠홈시스,2026-08-07,21650.0,7350,9.46
284740,쿠쿠홈시스,2026-08-10,21650.0,6892,9.45
284740,쿠쿠홈시스,2026-08-11,21700.0,9590,9.46
284740,쿠쿠홈시스,2026-08-12,21550.0,7334,9.46
284740,쿠쿠홈시스,2026-08-13,21550.0,16885,9.46
284740,쿠쿠홈시스,2026-08-14,21700.0,8471,9.48
284740,쿠쿠홈시스,2026-08-18,22500.0,28917,9.54
284740,쿠쿠홈시스,2026-08-19,22300.0,20882,9.5
284740,쿠쿠홈시스,2026-08-20,22200.0,11660,9.46
284740,쿠쿠홈시스,2026-08-21,22650.0,27054,9.45
284740,쿠쿠홈시스,2026-08-24,22850.0,12521,9.48
284740,쿠쿠홈시스,2026-08-25,23050.0,26021,9.5
284740,쿠쿠홈시스,2026-08-26,23000.0,9045,9.51
284740,쿠쿠홈시스,2026-08-27,22850.0,18422,9.52
284740,쿠쿠홈시스,2026-08-28,24050.0,43201,9.59
284740,쿠쿠홈시스,2026-08-31,23750.0,8544,9.59
284740,쿠쿠홈시스,2026-09-01,23400.0,9894,9.57
284740,쿠쿠홈시스,2026-09-02,23400.0,8657,9.56
284740,쿠쿠홈시스,2026-09-03,23200.0,8906,9.55
284740,쿠쿠홈시스,2026-09-04,23500.0,15057,9.53
284740,쿠쿠홈시스,2026-09-07,23550.0,10226,9.53
284740,쿠쿠홈시스,2026-09-08,23550.0,6515,9.54
284740,쿠쿠홈시스,2026-09-09,23200.0,6037,9.54
284740,쿠쿠홈시스,2026-09-10,23250.0,7857,9.56
284740,쿠쿠홈시스,2026-09-11,23000.0,4107,9.55
284740,쿠쿠홈시스,2026-09-14,23350.0,4485,9.56
284740,쿠쿠홈시스,2026-09-15,23450.0,18958,9.54
284740,쿠쿠홈시스,2026-09-16,23500.0,20082,9.53
284740,쿠쿠홈시스,2026-09-17,23950.0,19625,9.5
284740,쿠쿠홈시스,2026-09-18,23700.0,4836,9.5
284740,쿠쿠홈시스,2026-09-21,23850.0,6807,9.49
284740,쿠쿠홈시스,2026-09-22,23800.0,9149,9.62
284740,쿠쿠홈시스,2026-09-23,23800.0,6240,9.46
284740,쿠쿠홈시스,2026-09-28,24200.0,11975,9.44
284740,쿠쿠홈시스,2026-09-29,23900.0,11917,9.46
284740,쿠쿠홈시스,2026-09-30,23900.0,6122,9.46
284740,쿠쿠홈시스,2026-10-01,24600.0,32283,9.5
284740,쿠쿠홈시스,2026-10-02,24800.0,9874,9.51
287840,인투셀,2026-06-09,24200.0,101699,
287840,인투셀,2026-06-10,23700.0,49960,
287840,인투셀,2026-06-11,23850.0,34236,
287840,인투셀,2026-06-12,22350.0,115273,
287840,인투셀,2026-06-15,24900.0,126519,
287840,인투셀,2026-06-16,24850.0,148233,
287840,인투셀,2026-06-17,26750.0,88214,
287840,인투셀,2026-06-18,25000.0,58292,
287840,인투셀,2026-06-19,23850.0,67371,
287840,인투셀,2026-06-22,23300.0,31287,
287840,인투셀,2026-06-23,21900.0,86171,
287840,인투셀,2026-06-24,24250.0,52936,
287840,인투셀,2026-06-25,22100.0,58324,
287840,인투셀,2026-06-26,21050.0,59213,
287840,인투셀,2026-06-29,25100.0,101007,
287840,인투셀,2026-06-30,23800.0,37317,
287840,인투셀,2026-07-01,23850.0,31417,
287840,인투셀,2026-07-02,23200.0,35371,
287840,인투셀,2026-07-03,22000.0,49178,
287840,인투셀,2026-07-06,23000.0,44876,
287840,인투셀,2026-07-07,24300.0,81036,
287840,인투셀,2026-07-08,22750.0,66851,
287840,인투셀,2026-07-09,21900.0,44729,
287840,인투셀,2026-07-10,23100.0,55571,
287840,인투셀,2026-07-13,22450.0,42320,
287840,인투셀,2026-07-14,21750.0,63086,
287840,인투셀,2026-07-15,22550.0,77409,
287840,인투셀,2026-07-16,22000.0,79027,
287840,인투셀,2026-07-20,20500.0,60100,
287840,인투셀,2026-07-21,19770.0,44272,
287840,인투셀,2026-07-22,20200.0,49166,
287840,인투셀,2026-07-23,23400.0,194543,
287840,인투셀,2026-07-24,19750.0,155994,4.38
287840,인투셀,2026-07-27,19400.0,37929,4.46
287840,인투셀,2026-07-28,16510.0,112778,4.25
287840,인투셀,2026-07-29,13850.0,90300,4.4
287840,인투셀,2026-07-30,14480.0,65228,4.52
287840,인투셀,2026-07-31,16180.0,61854,4.69
287840,인투셀,2026-08-03,17140.0,58923,4.87
287840,인투셀,2026-08-04,18610.0,83618,5.27
287840,인투셀,2026-08-05,18430.0,44887,5.22
287840,인투셀,2026-08-06,18240.0,58217,5.33
287840,인투셀,2026-08-07,18000.0,38961,5.37
287840,인투셀,2026-08-10,19920.0,78716,5.52
287840,인투셀,2026-08-11,21200.0,64227,5.44
287840,인투셀,2026-08-12,21350.0,36712,5.4
287840,인투셀,2026-08-13,21800.0,40824,5.53
287840,인투셀,2026-08-14,22250.0,40005,5.39
287840,인투셀,2026-08-18,20950.0,54208,5.13
287840,인투셀,2026-08-19,20450.0,47031,5.18
287840,인투셀,2026-08-20,22150.0,66538,4.96
287840,인투셀,2026-08-21,19450.0,72344,4.6
287840,인투셀,2026-08-24,19200.0,72359,4.77
287840,인투셀,2026-08-25,19130.0,37035,4.78
287840,인투셀,2026-08-26,19340.0,40544,4.8
287840,인투셀,2026-08-27,19380.0,29277,4.82
287840,인투셀,2026-08-28,19040.0,31230,4.81
287840,인투셀,2026-08-31,18960.0,39100,4.83
287840,인투셀,2026-09-01,18790.0,29575,4.87
287840,인투셀,2026-09-02,18190.0,68550,4.86
287840,인투셀,2026-09-03,17600.0,33900,4.76
287840,인투셀,2026-09-04,18260.0,21580,4.78
287840,인투셀,2026-09-07,17350.0,45339,4.66
287840,인투셀,2026-09-08,17520.0,39029,4.84
287840,인투셀,2026-09-09,17210.0,25257,4.86
287840,인투셀,2026-09-10,16980.0,31277,4.86
287840,인투셀,2026-09-11,16870.0,21644,4.92
287840,인투셀,2026-09-14,16200.0,31190,4.99
287840,인투셀,2026-09-15,16380.0,18524,5.03
287840,인투셀,2026-09-16,16310.0,33639,5.31
287840,인투셀,2026-09-17,17140.0,17954,5.15
287840,인투셀,2026-09-18,17130.0,22167,5.06
287840,인투셀,2026-09-21,17290.0,26842,4.98
287840,인투셀,2026-09-22,17300.0,72000,4.64
287840,인투셀,2026-09-23,17710.0,28361,4.66
287840,인투셀,2026-09-28,17260.0,36754,4.68
287840,인투셀,2026-09-29,16790.0,31095,4.58
287840,인투셀,2026-09-30,17490.0,24293,4.67
287840,인투셀,2026-10-01,18180.0,48529,4.81
287840,인투셀,2026-10-02,18100.0,20894,4.76
290650,엘앤씨바이오,2026-06-09,75060.0,453659,
290650,엘앤씨바이오,2026-06-10,72251.0,293184,
290650,엘앤씨바이오,2026-06-11,81742.0,481168,
290650,엘앤씨바이오,2026-06-12,74479.0,324378,
290650,엘앤씨바이오,2026-06-15,73801.0,196462,
290650,엘앤씨바이오,2026-06-16,75738.0,196353,
290650,엘앤씨바이오,2026-06-17,83583.0,834824,
290650,엘앤씨바이오,2026-06-18,77675.0,303679,
290650,엘앤씨바이오,2026-06-19,81839.0,363032,
290650,엘앤씨바이오,2026-06-22,85229.0,432083,
290650,엘앤씨바이오,2026-06-23,85132.0,1000978,
290650,엘앤씨바이오,2026-06-24,91234.0,697843,
290650,엘앤씨바이오,2026-06-25,94043.0,503922,
290650,엘앤씨바이오,2026-06-26,85520.0,452983,
290650,엘앤씨바이오,2026-06-29,91234.0,392648,
290650,엘앤씨바이오,2026-06-30,87554.0,256452,
290650,엘앤씨바이오,2026-07-01,87844.0,253027,
290650,엘앤씨바이오,2026-07-02,84939.0,461048,
290650,엘앤씨바이오,2026-07-03,80483.0,502021,
290650,엘앤씨바이오,2026-07-06,75738.0,301137,
290650,엘앤씨바이오,2026-07-07,77481.0,253133,
290650,엘앤씨바이오,2026-07-08,73316.0,271414,
290650,엘앤씨바이오,2026-07-09,67602.0,312643,
290650,엘앤씨바이오,2026-07-10,70411.0,169478,
290650,엘앤씨바이오,2026-07-13,67312.0,157361,
290650,엘앤씨바이오,2026-07-14,66730.0,180670,
290650,엘앤씨바이오,2026-07-15,69539.0,138944,
290650,엘앤씨바이오,2026-07-16,68764.0,191036,
290650,엘앤씨바이오,2026-07-20,62178.0,291360,
290650,엘앤씨바이오,2026-07-21,64697.0,177884,
290650,엘앤씨바이오,2026-07-22,59079.0,595674,
290650,엘앤씨바이오,2026-07-23,61113.0,214416,
290650,엘앤씨바이오,2026-07-24,54430.0,322561,21.92
290650,엘앤씨바이오,2026-07-27,56270.0,166464,21.94
290650,엘앤씨바이오,2026-07-28,50944.0,193514,22.05
290650,엘앤씨바이오,2026-07-29,50653.0,323802,22.38
290650,엘앤씨바이오,2026-07-30,49878.0,219098,22.55
290650,엘앤씨바이오,2026-07-31,50266.0,516496,22.16
290650,엘앤씨바이오,2026-08-03,47021.0,541533,22.93
290650,엘앤씨바이오,2026-08-04,56852.0,505818,22.56
290650,엘앤씨바이오,2026-08-05,55980.0,201164,22.7
290650,엘앤씨바이오,2026-08-06,61791.0,481063,22.99
290650,엘앤씨바이오,2026-08-07,60048.0,170169,23.03
290650,엘앤씨바이오,2026-08-10,62566.0,302794,23.17
290650,엘앤씨바이오,2026-08-11,61500.0,301567,23.32
290650,엘앤씨바이오,2026-08-12,55011.0,397324,22.75
290650,엘앤씨바이오,2026-08-13,52977.0,186690,22.8
290650,엘앤씨바이오,2026-08-14,52977.0,135383,22.35
290650,엘앤씨바이오,2026-08-18,51137.0,190840,22.37
290650,엘앤씨바이오,2026-08-19,50169.0,104421,22.4
290650,엘앤씨바이오,2026-08-20,51622.0,190321,22.62
290650,엘앤씨바이오,2026-08-21,49394.0,145942,22.61
290650,엘앤씨바이오,2026-08-24,49007.0,90972,22.75
290650,엘앤씨바이오,2026-08-25,50653.0,143186,22.67
290650,엘앤씨바이오,2026-08-26,49103.0,90291,22.57
290650,엘앤씨바이오,2026-08-27,48813.0,139151,22.63
290650,엘앤씨바이오,2026-08-28,51234.0,221724,22.65
290650,엘앤씨바이오,2026-08-31,51428.0,104119,22.66
290650,엘앤씨바이오,2026-09-01,52009.0,129124,22.59
290650,엘앤씨바이오,2026-09-02,52300.0,185701,22.64
290650,엘앤씨바이오,2026-09-03,48600.0,172004,21.91
290650,엘앤씨바이오,2026-09-04,47900.0,125833,21.69
290650,엘앤씨바이오,2026-09-07,46850.0,150766,21.76
290650,엘앤씨바이오,2026-09-08,50600.0,227188,21.99
290650,엘앤씨바이오,2026-09-09,52500.0,1027811,24.69
290650,엘앤씨바이오,2026-09-10,49200.0,363506,24.15
290650,엘앤씨바이오,2026-09-11,47450.0,225523,24.13
290650,엘앤씨바이오,2026-09-14,46000.0,138992,24.14
290650,엘앤씨바이오,2026-09-15,47700.0,82813,24.11
290650,엘앤씨바이오,2026-09-16,45400.0,112978,23.95
290650,엘앤씨바이오,2026-09-17,46500.0,53452,23.82
290650,엘앤씨바이오,2026-09-18,46000.0,157318,23.77
290650,엘앤씨바이오,2026-09-21,45700.0,52630,23.75
290650,엘앤씨바이오,2026-09-22,46750.0,124256,23.94
290650,엘앤씨바이오,2026-09-23,47000.0,60473,24.19
290650,엘앤씨바이오,2026-09-28,45450.0,124742,24.16
290650,엘앤씨바이오,2026-09-29,47500.0,94920,24.38
290650,엘앤씨바이오,2026-09-30,51400.0,389792,24.23
290650,엘앤씨바이오,2026-10-01,55700.0,368494,23.75
290650,엘앤씨바이오,2026-10-02,54000.0,295149,23.24
293490,카카오게임즈,2026-06-09,8620.0,337713,
293490,카카오게임즈,2026-06-10,8510.0,285058,
293490,카카오게임즈,2026-06-11,8710.0,527594,
293490,카카오게임즈,2026-06-12,8940.0,271830,
293490,카카오게임즈,2026-06-15,9130.0,117197,
293490,카카오게임즈,2026-06-16,9110.0,249117,
293490,카카오게임즈,2026-06-17,9120.0,137670,
293490,카카오게임즈,2026-06-18,8910.0,113118,
293490,카카오게임즈,2026-06-19,8810.0,211486,
293490,카카오게임즈,2026-06-22,10040.0,6885966,
293490,카카오게임즈,2026-06-23,8730.0,1210840,
293490,카카오게임즈,2026-06-24,8400.0,469089,
293490,카카오게임즈,2026-06-25,7650.0,762938,
293490,카카오게임즈,2026-06-26,6930.0,634184,
293490,카카오게임즈,2026-06-29,7780.0,562778,
293490,카카오게임즈,2026-06-30,7760.0,627257,
293490,카카오게임즈,2026-07-01,7990.0,846113,
293490,카카오게임즈,2026-07-02,7820.0,395704,
293490,카카오게임즈,2026-07-03,7850.0,374693,
293490,카카오게임즈,2026-07-06,7720.0,240117,
293490,카카오게임즈,2026-07-07,7780.0,332799,
293490,카카오게임즈,2026-07-08,8200.0,900229,
293490,카카오게임즈,2026-07-09,8480.0,722065,
293490,카카오게임즈,2026-07-10,8340.0,437315,
293490,카카오게임즈,2026-07-13,7910.0,482573,
293490,카카오게임즈,2026-07-14,7930.0,433828,
293490,카카오게임즈,2026-07-15,7800.0,318343,
293490,카카오게임즈,2026-07-16,7850.0,215759,
293490,카카오게임즈,2026-07-20,7650.0,335661,
293490,카카오게임즈,2026-07-21,7590.0,218367,
293490,카카오게임즈,2026-07-22,7450.0,275393,
293490,카카오게임즈,2026-07-23,7790.0,299907,
293490,카카오게임즈,2026-07-24,7650.0,269954,4.7
293490,카카오게임즈,2026-07-27,7910.0,256919,4.72
293490,카카오게임즈,2026-07-28,7480.0,301344,4.71
293490,카카오게임즈,2026-07-29,7350.0,596483,4.73
293490,카카오게임즈,2026-07-30,7500.0,397744,4.8
293490,카카오게임즈,2026-07-31,7970.0,357231,4.85
293490,카카오게임즈,2026-08-03,7970.0,374786,5.02
293490,카카오게임즈,2026-08-04,8340.0,410137,5.0
293490,카카오게임즈,2026-08-05,7770.0,744706,4.74
293490,카카오게임즈,2026-08-06,7970.0,432772,4.82
293490,카카오게임즈,2026-08-07,8330.0,601083,4.84
293490,카카오게임즈,2026-08-10,8360.0,267432,4.83
293490,카카오게임즈,2026-08-11,8720.0,496009,4.82
293490,카카오게임즈,2026-08-12,8840.0,521471,4.7
293490,카카오게임즈,2026-08-13,9070.0,404652,4.72
293490,카카오게임즈,2026-08-14,8990.0,498252,4.76
293490,카카오게임즈,2026-08-18,8810.0,467462,4.66
293490,카카오게임즈,2026-08-19,8850.0,387260,4.59
293490,카카오게임즈,2026-08-20,8970.0,338925,4.57
293490,카카오게임즈,2026-08-21,8510.0,410284,4.53
293490,카카오게임즈,2026-08-24,8660.0,430386,4.55
293490,카카오게임즈,2026-08-25,8490.0,283153,4.5
293490,카카오게임즈,2026-08-26,8400.0,334428,4.45
293490,카카오게임즈,2026-08-27,8190.0,370260,4.33
293490,카카오게임즈,2026-08-28,8260.0,218188,4.4
293490,카카오게임즈,2026-08-31,8810.0,1510310,4.39
293490,카카오게임즈,2026-09-01,9880.0,3140970,4.27
293490,카카오게임즈,2026-09-02,9020.0,859212,4.25
293490,카카오게임즈,2026-09-03,8830.0,365259,4.24
293490,카카오게임즈,2026-09-04,9030.0,243246,4.2
293490,카카오게임즈,2026-09-07,8900.0,231977,4.23
293490,카카오게임즈,2026-09-08,8940.0,220552,4.22
293490,카카오게임즈,2026-09-09,8820.0,161557,4.17
293490,카카오게임즈,2026-09-10,9390.0,555264,4.1
293490,카카오게임즈,2026-09-11,9230.0,284185,4.1
293490,카카오게임즈,2026-09-14,9500.0,351630,4.11
293490,카카오게임즈,2026-09-15,9880.0,304032,4.08
293490,카카오게임즈,2026-09-16,9610.0,232626,4.03
293490,카카오게임즈,2026-09-17,9610.0,118649,4.04
293490,카카오게임즈,2026-09-18,9290.0,402437,4.02
293490,카카오게임즈,2026-09-21,9000.0,227999,4.05
293490,카카오게임즈,2026-09-22,8920.0,200722,4.07
293490,카카오게임즈,2026-09-23,9030.0,284286,4.12
293490,카카오게임즈,2026-09-28,9490.0,426432,4.26
293490,카카오게임즈,2026-09-29,9540.0,186232,4.25
293490,카카오게임즈,2026-09-30,9290.0,367264,4.26
293490,카카오게임즈,2026-10-01,9880.0,643344,4.46
293490,카카오게임즈,2026-10-02,10180.0,652724,4.59
294870,IPARK현대산업개발,2026-06-09,19800.0,159714,
294870,IPARK현대산업개발,2026-06-10,19630.0,328469,
294870,IPARK현대산업개발,2026-06-11,19340.0,110095,
294870,IPARK현대산업개발,2026-06-12,19920.0,136121,
294870,IPARK현대산업개발,2026-06-15,20400.0,146468,
294870,IPARK현대산업개발,2026-06-16,20750.0,284360,
294870,IPARK현대산업개발,2026-06-17,20400.0,150797,
294870,IPARK현대산업개발,2026-06-18,20200.0,133544,
294870,IPARK현대산업개발,2026-06-19,20450.0,240514,
294870,IPARK현대산업개발,2026-06-22,19500.0,131542,
294870,IPARK현대산업개발,2026-06-23,19310.0,161747,
294870,IPARK현대산업개발,2026-06-24,19040.0,138531,
294870,IPARK현대산업개발,2026-06-25,18040.0,205266,
294870,IPARK현대산업개발,2026-06-26,17710.0,135645,
294870,IPARK현대산업개발,2026-06-29,19310.0,215640,
294870,IPARK현대산업개발,2026-06-30,17960.0,200262,
294870,IPARK현대산업개발,2026-07-01,18700.0,181231,
294870,IPARK현대산업개발,2026-07-02,18510.0,159223,
294870,IPARK현대산업개발,2026-07-03,18450.0,143468,
294870,IPARK현대산업개발,2026-07-06,19280.0,230712,
294870,IPARK현대산업개발,2026-07-07,18550.0,264093,
294870,IPARK현대산업개발,2026-07-08,18000.0,158849,
294870,IPARK현대산업개발,2026-07-09,17230.0,205026,
294870,IPARK현대산업개발,2026-07-10,17800.0,151305,
294870,IPARK현대산업개발,2026-07-13,17880.0,143001,
294870,IPARK현대산업개발,2026-07-14,17350.0,168007,
294870,IPARK현대산업개발,2026-07-15,17210.0,159550,
294870,IPARK현대산업개발,2026-07-16,18030.0,424976,
294870,IPARK현대산업개발,2026-07-20,19370.0,493159,
294870,IPARK현대산업개발,2026-07-21,19810.0,241992,
294870,IPARK현대산업개발,2026-07-22,19410.0,122416,
294870,IPARK현대산업개발,2026-07-23,20750.0,262547,
294870,IPARK현대산업개발,2026-07-24,20500.0,321485,17.07
294870,IPARK현대산업개발,2026-07-27,20950.0,266774,17.23
294870,IPARK현대산업개발,2026-07-28,19950.0,251847,17.24
294870,IPARK현대산업개발,2026-07-29,19020.0,318159,17.32
294870,IPARK현대산업개발,2026-07-30,19370.0,215862,16.99
294870,IPARK현대산업개발,2026-07-31,19850.0,237604,17.01
294870,IPARK현대산업개발,2026-08-03,20050.0,154200,16.96
294870,IPARK현대산업개발,2026-08-04,21250.0,279056,17.06
294870,IPARK현대산업개발,2026-08-05,21700.0,261923,17.25
294870,IPARK현대산업개발,2026-08-06,22700.0,306099,17.43
294870,IPARK현대산업개발,2026-08-07,22650.0,117386,17.41
294870,IPARK현대산업개발,2026-08-10,22750.0,119962,17.46
294870,IPARK현대산업개발,2026-08-11,22450.0,154164,17.43
294870,IPARK현대산업개발,2026-08-12,21850.0,278373,17.51
294870,IPARK현대산업개발,2026-08-13,21800.0,280309,17.46
294870,IPARK현대산업개발,2026-08-14,22100.0,156849,17.55
294870,IPARK현대산업개발,2026-08-18,22500.0,359427,17.63
294870,IPARK현대산업개발,2026-08-19,22050.0,132650,17.58
294870,IPARK현대산업개발,2026-08-20,21750.0,124857,17.43
294870,IPARK현대산업개발,2026-08-21,21600.0,124780,17.45
294870,IPARK현대산업개발,2026-08-24,21900.0,68295,17.48
294870,IPARK현대산업개발,2026-08-25,22400.0,151216,17.47
294870,IPARK현대산업개발,2026-08-26,23000.0,187998,17.65
294870,IPARK현대산업개발,2026-08-27,23000.0,123685,17.68
294870,IPARK현대산업개발,2026-08-28,23150.0,72103,17.7
294870,IPARK현대산업개발,2026-08-31,23400.0,127915,17.7
294870,IPARK현대산업개발,2026-09-01,23050.0,96667,17.64
294870,IPARK현대산업개발,2026-09-02,22800.0,138583,17.54
294870,IPARK현대산업개발,2026-09-03,23200.0,105595,17.52
294870,IPARK현대산업개발,2026-09-04,23300.0,109364,17.48
294870,IPARK현대산업개발,2026-09-07,23150.0,100165,17.46
294870,IPARK현대산업개발,2026-09-08,23200.0,126268,17.48
294870,IPARK현대산업개발,2026-09-09,23550.0,121955,17.51
294870,IPARK현대산업개발,2026-09-10,23850.0,133849,17.46
294870,IPARK현대산업개발,2026-09-11,24850.0,267257,17.7
294870,IPARK현대산업개발,2026-09-14,24250.0,128489,17.75
294870,IPARK현대산업개발,2026-09-15,24500.0,121950,17.75
294870,IPARK현대산업개발,2026-09-16,23850.0,161908,17.73
294870,IPARK현대산업개발,2026-09-17,23400.0,208207,17.78
294870,IPARK현대산업개발,2026-09-18,23550.0,149681,17.75
294870,IPARK현대산업개발,2026-09-21,23550.0,124758,17.74
294870,IPARK현대산업개발,2026-09-22,23600.0,155188,17.75
294870,IPARK현대산업개발,2026-09-23,23500.0,103827,17.75
294870,IPARK현대산업개발,2026-09-28,23450.0,209871,17.86
294870,IPARK현대산업개발,2026-09-29,23100.0,192025,17.83
294870,IPARK현대산업개발,2026-09-30,23150.0,128050,17.76
294870,IPARK현대산업개발,2026-10-01,22650.0,113596,17.68
294870,IPARK현대산업개발,2026-10-02,22350.0,63883,17.66
298540,더네이쳐홀딩스,2026-06-09,5940.0,38867,
298540,더네이쳐홀딩스,2026-06-10,5930.0,21323,
298540,더네이쳐홀딩스,2026-06-11,6120.0,27626,
298540,더네이쳐홀딩스,2026-06-12,6060.0,35705,
298540,더네이쳐홀딩스,2026-06-15,6170.0,38883,
298540,더네이쳐홀딩스,2026-06-16,6300.0,20482,
298540,더네이쳐홀딩스,2026-06-17,6320.0,10558,
298540,더네이쳐홀딩스,2026-06-18,6200.0,15929,
298540,더네이쳐홀딩스,2026-06-19,6200.0,32124,
298540,더네이쳐홀딩스,2026-06-22,6050.0,16967,
298540,더네이쳐홀딩스,2026-06-23,6000.0,23238,
298540,더네이쳐홀딩스,2026-06-24,5830.0,22750,
298540,더네이쳐홀딩스,2026-06-25,5820.0,15978,
298540,더네이쳐홀딩스,2026-06-26,5780.0,28085,
298540,더네이쳐홀딩스,2026-06-29,5930.0,12294,
298540,더네이쳐홀딩스,2026-06-30,5930.0,9396,
298540,더네이쳐홀딩스,2026-07-01,6000.0,25412,
298540,더네이쳐홀딩스,2026-07-02,6170.0,21817,
298540,더네이쳐홀딩스,2026-07-03,6340.0,36161,
298540,더네이쳐홀딩스,2026-07-06,6450.0,22766,
298540,더네이쳐홀딩스,2026-07-07,6420.0,18335,
298540,더네이쳐홀딩스,2026-07-08,6350.0,16108,
298540,더네이쳐홀딩스,2026-07-09,6440.0,27985,
298540,더네이쳐홀딩스,2026-07-10,6420.0,9712,
298540,더네이쳐홀딩스,2026-07-13,6340.0,19080,
298540,더네이쳐홀딩스,2026-07-14,6300.0,22334,
298540,더네이쳐홀딩스,2026-07-15,6110.0,11510,
298540,더네이쳐홀딩스,2026-07-16,6140.0,20511,
298540,더네이쳐홀딩스,2026-07-20,6260.0,29425,
298540,더네이쳐홀딩스,2026-07-21,6210.0,15593,
298540,더네이쳐홀딩스,2026-07-22,6210.0,7344,
298540,더네이쳐홀딩스,2026-07-23,6220.0,22068,
298540,더네이쳐홀딩스,2026-07-24,6500.0,23508,8.64
298540,더네이쳐홀딩스,2026-07-27,6710.0,25953,8.63
298540,더네이쳐홀딩스,2026-07-28,6500.0,14731,8.63
298540,더네이쳐홀딩스,2026-07-29,6060.0,45487,8.78
298540,더네이쳐홀딩스,2026-07-30,6240.0,16806,8.76
298540,더네이쳐홀딩스,2026-07-31,6420.0,12359,8.79
298540,더네이쳐홀딩스,2026-08-03,6460.0,9856,8.8
298540,더네이쳐홀딩스,2026-08-04,6580.0,7025,8.82
298540,더네이쳐홀딩스,2026-08-05,6560.0,21452,8.8
298540,더네이쳐홀딩스,2026-08-06,6580.0,18266,8.85
298540,더네이쳐홀딩스,2026-08-07,6740.0,13560,8.88
298540,더네이쳐홀딩스,2026-08-10,6830.0,13347,8.89
298540,더네이쳐홀딩스,2026-08-11,6890.0,11741,8.91
298540,더네이쳐홀딩스,2026-08-12,6790.0,8749,8.91
298540,더네이쳐홀딩스,2026-08-13,6630.0,10592,8.87
298540,더네이쳐홀딩스,2026-08-14,6680.0,7981,8.9
298540,더네이쳐홀딩스,2026-08-18,6690.0,14852,8.9
298540,더네이쳐홀딩스,2026-08-19,6690.0,18129,8.85
298540,더네이쳐홀딩스,2026-08-20,6700.0,20448,8.84
298540,더네이쳐홀딩스,2026-08-21,6690.0,12492,8.66
298540,더네이쳐홀딩스,2026-08-24,6650.0,7735,8.68
298540,더네이쳐홀딩스,2026-08-25,6600.0,30502,8.72
298540,더네이쳐홀딩스,2026-08-26,6700.0,9854,8.72
298540,더네이쳐홀딩스,2026-08-27,6670.0,3453,8.72
298540,더네이쳐홀딩스,2026-08-28,7000.0,22107,8.71
298540,더네이쳐홀딩스,2026-08-31,6930.0,4121,8.7
298540,더네이쳐홀딩스,2026-09-01,6900.0,3030,8.69
298540,더네이쳐홀딩스,2026-09-02,6720.0,7102,8.67
298540,더네이쳐홀딩스,2026-09-03,6750.0,3369,8.67
298540,더네이쳐홀딩스,2026-09-04,6780.0,5052,8.66
298540,더네이쳐홀딩스,2026-09-07,6640.0,6107,8.63
298540,더네이쳐홀딩스,2026-09-08,6510.0,3770,8.62
298540,더네이쳐홀딩스,2026-09-09,6630.0,3951,8.61
298540,더네이쳐홀딩스,2026-09-10,6500.0,9708,8.59
298540,더네이쳐홀딩스,2026-09-11,6560.0,5654,8.59
298540,더네이쳐홀딩스,2026-09-14,6540.0,6327,8.65
298540,더네이쳐홀딩스,2026-09-15,6750.0,5656,8.58
298540,더네이쳐홀딩스,2026-09-16,6700.0,15433,8.54
298540,더네이쳐홀딩스,2026-09-17,6650.0,7191,8.5
298540,더네이쳐홀딩스,2026-09-18,6690.0,8368,8.5
298540,더네이쳐홀딩스,2026-09-21,6740.0,1555,8.51
298540,더네이쳐홀딩스,2026-09-22,6680.0,6951,8.51
298540,더네이쳐홀딩스,2026-09-23,6690.0,3104,8.5
298540,더네이쳐홀딩스,2026-09-28,6670.0,3513,8.5
298540,더네이쳐홀딩스,2026-09-29,6660.0,61044,8.51
298540,더네이쳐홀딩스,2026-09-30,6760.0,3253,8.51
298540,더네이쳐홀딩스,2026-10-01,6700.0,5102,8.5
298540,더네이쳐홀딩스,2026-10-02,6780.0,69791,8.54
300720,한일시멘트,2026-06-09,13770.0,123816,
300720,한일시멘트,2026-06-10,14250.0,91607,
300720,한일시멘트,2026-06-11,13930.0,339794,
300720,한일시멘트,2026-06-12,14500.0,293729,
300720,한일시멘트,2026-06-15,14700.0,122745,
300720,한일시멘트,2026-06-16,15150.0,181360,
300720,한일시멘트,2026-06-17,14500.0,120243,
300720,한일시멘트,2026-06-18,14050.0,116008,
300720,한일시멘트,2026-06-19,14050.0,148218,
300720,한일시멘트,2026-06-22,13740.0,87060,
300720,한일시멘트,2026-06-23,13550.0,93081,
300720,한일시멘트,2026-06-24,13660.0,117887,
300720,한일시멘트,2026-06-25,13260.0,148918,
300720,한일시멘트,2026-06-26,13060.0,128136,
300720,한일시멘트,2026-06-29,14380.0,256568,
300720,한일시멘트,2026-06-30,13610.0,118369,
300720,한일시멘트,2026-07-01,14210.0,160970,
300720,한일시멘트,2026-07-02,13990.0,110995,
300720,한일시멘트,2026-07-03,14120.0,84990,
300720,한일시멘트,2026-07-06,14110.0,58254,
300720,한일시멘트,2026-07-07,14690.0,298568,
300720,한일시멘트,2026-07-08,14470.0,147493,
300720,한일시멘트,2026-07-09,14660.0,183359,
300720,한일시멘트,2026-07-10,14790.0,145350,
300720,한일시멘트,2026-07-13,14310.0,91972,
300720,한일시멘트,2026-07-14,13960.0,100025,
300720,한일시멘트,2026-07-15,13890.0,86180,
300720,한일시멘트,2026-07-16,13990.0,53336,
300720,한일시멘트,2026-07-20,13920.0,106124,
300720,한일시멘트,2026-07-21,13710.0,82547,
300720,한일시멘트,2026-07-22,13580.0,84824,
300720,한일시멘트,2026-07-23,14140.0,70968,
300720,한일시멘트,2026-07-24,14130.0,60475,4.13
300720,한일시멘트,2026-07-27,14180.0,43381,4.14
300720,한일시멘트,2026-07-28,13880.0,98352,4.19
300720,한일시멘트,2026-07-29,13590.0,114881,4.19
300720,한일시멘트,2026-07-30,13660.0,95788,4.21
300720,한일시멘트,2026-07-31,13900.0,96354,4.21
300720,한일시멘트,2026-08-03,13810.0,75334,4.21
300720,한일시멘트,2026-08-04,14010.0,51515,4.23
300720,한일시멘트,2026-08-05,14230.0,49424,4.25
300720,한일시멘트,2026-08-06,14730.0,77459,4.3
300720,한일시멘트,2026-08-07,14830.0,40869,4.3
300720,한일시멘트,2026-08-10,14880.0,46531,4.3
300720,한일시멘트,2026-08-11,14900.0,40232,4.31
300720,한일시멘트,2026-08-12,14710.0,74883,4.26
300720,한일시멘트,2026-08-13,14540.0,78708,4.25
300720,한일시멘트,2026-08-14,14900.0,59337,4.29
300720,한일시멘트,2026-08-18,15040.0,87037,4.33
300720,한일시멘트,2026-08-19,15190.0,106541,4.32
300720,한일시멘트,2026-08-20,15170.0,152040,4.33
300720,한일시멘트,2026-08-21,15520.0,85593,4.31
300720,한일시멘트,2026-08-24,16210.0,199177,4.34
300720,한일시멘트,2026-08-25,15980.0,79790,4.3
300720,한일시멘트,2026-08-26,16150.0,55040,4.32
300720,한일시멘트,2026-08-27,16330.0,93163,4.31
300720,한일시멘트,2026-08-28,16950.0,243158,4.53
300720,한일시멘트,2026-08-31,17010.0,119151,4.48
300720,한일시멘트,2026-09-01,17070.0,106596,4.46
300720,한일시멘트,2026-09-02,16390.0,148670,4.48
300720,한일시멘트,2026-09-03,16780.0,95126,4.51
300720,한일시멘트,2026-09-04,16670.0,62465,4.48
300720,한일시멘트,2026-09-07,16770.0,43333,4.48
300720,한일시멘트,2026-09-08,16660.0,53319,4.47
300720,한일시멘트,2026-09-09,16410.0,51058,4.51
300720,한일시멘트,2026-09-10,16850.0,112718,4.54
300720,한일시멘트,2026-09-11,16600.0,56392,4.53
300720,한일시멘트,2026-09-14,16610.0,42274,4.55
300720,한일시멘트,2026-09-15,16420.0,38002,4.55
300720,한일시멘트,2026-09-16,16010.0,45662,4.53
300720,한일시멘트,2026-09-17,16230.0,49852,4.53
300720,한일시멘트,2026-09-18,16300.0,69509,4.49
300720,한일시멘트,2026-09-21,16270.0,35329,4.47
300720,한일시멘트,2026-09-22,16120.0,35456,4.46
300720,한일시멘트,2026-09-23,16070.0,41156,4.42
300720,한일시멘트,2026-09-28,16280.0,58640,4.48
300720,한일시멘트,2026-09-29,16110.0,35332,4.5
300720,한일시멘트,2026-09-30,16130.0,57433,4.48
300720,한일시멘트,2026-10-01,16140.0,35588,4.48
300720,한일시멘트,2026-10-02,16100.0,24926,4.48
308430,셀비온,2026-06-09,17930.0,62804,
308430,셀비온,2026-06-10,17680.0,27927,
308430,셀비온,2026-06-11,17790.0,41095,
308430,셀비온,2026-06-12,18310.0,38807,
308430,셀비온,2026-06-15,18050.0,33966,
308430,셀비온,2026-06-16,17980.0,33196,
308430,셀비온,2026-06-17,18590.0,44710,
308430,셀비온,2026-06-18,17700.0,64362,
308430,셀비온,2026-06-19,16820.0,68617,
308430,셀비온,2026-06-22,16500.0,33562,
308430,셀비온,2026-06-23,16100.0,43862,
308430,셀비온,2026-06-24,16720.0,49844,
308430,셀비온,2026-06-25,15970.0,26463,
308430,셀비온,2026-06-26,14900.0,58764,
308430,셀비온,2026-06-29,17210.0,35087,
308430,셀비온,2026-06-30,16770.0,22762,
308430,셀비온,2026-07-01,17580.0,20044,
308430,셀비온,2026-07-02,17180.0,40603,
308430,셀비온,2026-07-03,17090.0,23024,
308430,셀비온,2026-07-06,16490.0,14497,
308430,셀비온,2026-07-07,16000.0,21440,
308430,셀비온,2026-07-08,14800.0,34823,
308430,셀비온,2026-07-09,14520.0,26990,
308430,셀비온,2026-07-10,14940.0,15615,
308430,셀비온,2026-07-13,13510.0,34240,
308430,셀비온,2026-07-14,12770.0,43358,
308430,셀비온,2026-07-15,13490.0,51204,
308430,셀비온,2026-07-16,13210.0,29412,
308430,셀비온,2026-07-20,12250.0,17055,
308430,셀비온,2026-07-21,12070.0,22769,
308430,셀비온,2026-07-22,12330.0,47718,
308430,셀비온,2026-07-23,13170.0,11938,
308430,셀비온,2026-07-24,12680.0,18457,3.62
308430,셀비온,2026-07-27,12530.0,9743,3.59
308430,셀비온,2026-07-28,11590.0,29977,3.58
308430,셀비온,2026-07-29,10620.0,44377,3.66
308430,셀비온,2026-07-30,10570.0,53334,3.82
308430,셀비온,2026-07-31,12600.0,73245,3.9
308430,셀비온,2026-08-03,12870.0,28227,3.95
308430,셀비온,2026-08-04,14080.0,39614,3.92
308430,셀비온,2026-08-05,13470.0,27239,3.84
308430,셀비온,2026-08-06,13370.0,15103,3.78
308430,셀비온,2026-08-07,13370.0,11509,3.76
308430,셀비온,2026-08-10,14350.0,23226,3.75
308430,셀비온,2026-08-11,14380.0,14384,3.74
308430,셀비온,2026-08-12,14740.0,12716,3.72
308430,셀비온,2026-08-13,14740.0,25416,3.64
308430,셀비온,2026-08-14,15000.0,10431,3.63
308430,셀비온,2026-08-18,13860.0,15039,3.53
308430,셀비온,2026-08-19,13110.0,19300,3.55
308430,셀비온,2026-08-20,13620.0,10948,3.54
308430,셀비온,2026-08-21,12790.0,33264,3.65
308430,셀비온,2026-08-24,13000.0,9491,3.68
308430,셀비온,2026-08-25,13210.0,12203,3.65
308430,셀비온,2026-08-26,13260.0,9787,3.65
308430,셀비온,2026-08-27,13300.0,6979,3.63
308430,셀비온,2026-08-28,13310.0,6847,3.64
308430,셀비온,2026-08-31,12640.0,20814,3.6
308430,셀비온,2026-09-01,12610.0,5708,3.61
308430,셀비온,2026-09-02,12520.0,9266,3.63
308430,셀비온,2026-09-03,12010.0,9350,3.58
308430,셀비온,2026-09-04,12750.0,12099,3.61
308430,셀비온,2026-09-07,13060.0,14273,3.64
308430,셀비온,2026-09-08,12760.0,11793,3.65
308430,셀비온,2026-09-09,12750.0,6887,3.39
308430,셀비온,2026-09-10,12810.0,3239,3.6
308430,셀비온,2026-09-11,12500.0,13805,3.57
308430,셀비온,2026-09-14,12450.0,7629,3.56
308430,셀비온,2026-09-15,13320.0,33596,3.62
308430,셀비온,2026-09-16,13420.0,9809,3.69
308430,셀비온,2026-09-17,13380.0,71042,3.29
308430,셀비온,2026-09-18,13500.0,16978,3.26
308430,셀비온,2026-09-21,13520.0,17107,3.34
308430,셀비온,2026-09-22,14100.0,19205,3.37
308430,셀비온,2026-09-23,14700.0,23493,3.35
308430,셀비온,2026-09-28,14410.0,25130,3.32
308430,셀비온,2026-09-29,14860.0,216901,2.39
308430,셀비온,2026-09-30,13980.0,73670,2.41
308430,셀비온,2026-10-01,14310.0,43703,2.53
308430,셀비온,2026-10-02,14600.0,28851,2.51
316140,우리금융지주,2026-06-09,30000.0,4475243,
316140,우리금융지주,2026-06-10,29800.0,1797808,
316140,우리금융지주,2026-06-11,30150.0,3184596,
316140,우리금융지주,2026-06-12,31150.0,2317146,
316140,우리금융지주,2026-06-15,32550.0,2213800,
316140,우리금융지주,2026-06-16,33050.0,2725311,
316140,우리금융지주,2026-06-17,32150.0,1926378,
316140,우리금융지주,2026-06-18,31550.0,1443842,
316140,우리금융지주,2026-06-19,31050.0,2885043,
316140,우리금융지주,2026-06-22,29850.0,1370330,
316140,우리금융지주,2026-06-23,29450.0,2415937,
316140,우리금융지주,2026-06-24,29250.0,2418113,
316140,우리금융지주,2026-06-25,29050.0,2000080,
316140,우리금융지주,2026-06-26,28350.0,2382229,
316140,우리금융지주,2026-06-29,29100.0,2113245,
316140,우리금융지주,2026-06-30,29000.0,3275950,
316140,우리금융지주,2026-07-01,29350.0,1854113,
316140,우리금융지주,2026-07-02,30200.0,2263929,
316140,우리금융지주,2026-07-03,30750.0,2104819,
316140,우리금융지주,2026-07-06,31150.0,1683446,
316140,우리금융지주,2026-07-07,31550.0,2061010,
316140,우리금융지주,2026-07-08,30700.0,2351509,
316140,우리금융지주,2026-07-09,30050.0,2599452,
316140,우리금융지주,2026-07-10,31450.0,2213548,
316140,우리금융지주,2026-07-13,31200.0,2413796,
316140,우리금융지주,2026-07-14,30700.0,2763777,
316140,우리금융지주,2026-07-15,31300.0,2213245,
316140,우리금융지주,2026-07-16,31500.0,2042896,
316140,우리금융지주,2026-07-20,30550.0,2100523,
316140,우리금융지주,2026-07-21,30500.0,1955199,
316140,우리금융지주,2026-07-22,30650.0,1505634,
316140,우리금융지주,2026-07-23,30900.0,1488963,
316140,우리금융지주,2026-07-24,30850.0,1736181,45.89
316140,우리금융지주,2026-07-27,33100.0,4564310,46.07
316140,우리금융지주,2026-07-28,31750.0,3233142,46.03
316140,우리금융지주,2026-07-29,32050.0,3722686,45.96
316140,우리금융지주,2026-07-30,32700.0,4068949,46.03
316140,우리금융지주,2026-07-31,33600.0,2961776,46.19
316140,우리금융지주,2026-08-03,33350.0,1828005,46.16
316140,우리금융지주,2026-08-04,33200.0,1619757,46.13
316140,우리금융지주,2026-08-05,33350.0,1566346,46.17
316140,우리금융지주,2026-08-06,33500.0,1945631,46.11
316140,우리금융지주,2026-08-07,34800.0,2382227,46.22
316140,우리금융지주,2026-08-10,33350.0,1692379,46.12
316140,우리금융지주,2026-08-11,33800.0,2109085,46.17
316140,우리금융지주,2026-08-12,33000.0,1506215,46.16
316140,우리금융지주,2026-08-13,33300.0,2198553,46.28
316140,우리금융지주,2026-08-14,33700.0,1291926,46.33
316140,우리금융지주,2026-08-18,33750.0,1202723,46.33
316140,우리금융지주,2026-08-19,33500.0,1468877,46.33
316140,우리금융지주,2026-08-20,31550.0,2411983,46.19
316140,우리금융지주,2026-08-21,31750.0,1841277,46.13
316140,우리금융지주,2026-08-24,31950.0,1340811,46.11
316140,우리금융지주,2026-08-25,32600.0,1688398,46.09
316140,우리금융지주,2026-08-26,33000.0,798165,46.08
316140,우리금융지주,2026-08-27,32950.0,1256958,46.06
316140,우리금융지주,2026-08-28,33900.0,1295034,48.84
316140,우리금융지주,2026-08-31,33800.0,3299430,48.23
316140,우리금융지주,2026-09-01,34550.0,2086698,48.32
316140,우리금융지주,2026-09-02,34500.0,2562831,48.34
316140,우리금융지주,2026-09-03,34650.0,18186793,50.06
316140,우리금융지주,2026-09-04,33200.0,3083152,49.83
316140,우리금융지주,2026-09-07,34200.0,2524372,49.8
316140,우리금융지주,2026-09-08,34050.0,2146116,49.78
316140,우리금융지주,2026-09-09,33500.0,2322235,49.7
316140,우리금융지주,2026-09-10,34000.0,3811303,49.86
316140,우리금융지주,2026-09-11,35100.0,2778305,50.02
316140,우리금융지주,2026-09-14,36800.0,4712956,50.22
316140,우리금융지주,2026-09-15,36300.0,2732382,50.2
316140,우리금융지주,2026-09-16,36300.0,2194029,50.18
316140,우리금융지주,2026-09-17,36400.0,2020382,50.06
316140,우리금융지주,2026-09-18,36150.0,3571874,50.03
316140,우리금융지주,2026-09-21,36450.0,1324467,50.03
316140,우리금융지주,2026-09-22,35850.0,1470362,49.95
316140,우리금융지주,2026-09-23,35500.0,1398444,49.82
316140,우리금융지주,2026-09-28,36200.0,1709911,49.91
316140,우리금융지주,2026-09-29,36250.0,1529024,49.88
316140,우리금융지주,2026-09-30,34850.0,3012115,49.76
316140,우리금융지주,2026-10-01,33600.0,24728143,52.26
316140,우리금융지주,2026-10-02,33750.0,3010415,52.14
322310,오로스테크놀로지,2026-06-09,26450.0,218451,
322310,오로스테크놀로지,2026-06-10,25000.0,159086,
322310,오로스테크놀로지,2026-06-11,28200.0,401074,
322310,오로스테크놀로지,2026-06-12,30950.0,388930,
322310,오로스테크놀로지,2026-06-15,29500.0,248722,
322310,오로스테크놀로지,2026-06-16,27900.0,323501,
322310,오로스테크놀로지,2026-06-17,29500.0,140053,
322310,오로스테크놀로지,2026-06-18,29550.0,169392,
322310,오로스테크놀로지,2026-06-19,27600.0,167237,
322310,오로스테크놀로지,2026-06-22,27050.0,89111,
322310,오로스테크놀로지,2026-06-23,23550.0,128162,
322310,오로스테크놀로지,2026-06-24,22050.0,167487,
322310,오로스테크놀로지,2026-06-25,20750.0,147577,
322310,오로스테크놀로지,2026-06-26,19580.0,234747,
322310,오로스테크놀로지,2026-06-29,22050.0,119824,
322310,오로스테크놀로지,2026-06-30,22300.0,59329,
322310,오로스테크놀로지,2026-07-01,22950.0,114114,
322310,오로스테크놀로지,2026-07-02,19450.0,116459,
322310,오로스테크놀로지,2026-07-03,19310.0,98412,
322310,오로스테크놀로지,2026-07-06,19140.0,90855,
322310,오로스테크놀로지,2026-07-07,18800.0,94555,
322310,오로스테크놀로지,2026-07-08,17200.0,138789,
322310,오로스테크놀로지,2026-07-09,17040.0,62362,
322310,오로스테크놀로지,2026-07-10,18850.0,92365,
322310,오로스테크놀로지,2026-07-13,18600.0,146221,
322310,오로스테크놀로지,2026-07-14,18000.0,127655,
322310,오로스테크놀로지,2026-07-15,19890.0,112428,
322310,오로스테크놀로지,2026-07-16,18050.0,75018,
322310,오로스테크놀로지,2026-07-20,16530.0,82794,
322310,오로스테크놀로지,2026-07-21,16560.0,61837,
322310,오로스테크놀로지,2026-07-22,16470.0,106037,
322310,오로스테크놀로지,2026-07-23,17360.0,89028,
322310,오로스테크놀로지,2026-07-24,15620.0,108442,7.51
322310,오로스테크놀로지,2026-07-27,16160.0,71172,7.49
322310,오로스테크놀로지,2026-07-28,14220.0,140981,7.44
322310,오로스테크놀로지,2026-07-29,12120.0,263971,7.32
322310,오로스테크놀로지,2026-07-30,11150.0,345226,7.84
322310,오로스테크놀로지,2026-07-31,13620.0,212544,8.07
322310,오로스테크놀로지,2026-08-03,13760.0,178601,8.24
322310,오로스테크놀로지,2026-08-04,14290.0,179399,8.57
322310,오로스테크놀로지,2026-08-05,14750.0,71686,8.56
322310,오로스테크놀로지,2026-08-06,14200.0,136997,8.75
322310,오로스테크놀로지,2026-08-07,13590.0,131804,8.58
322310,오로스테크놀로지,2026-08-10,14530.0,240270,9.55
322310,오로스테크놀로지,2026-08-11,14730.0,206452,9.63
322310,오로스테크놀로지,2026-08-12,15700.0,316941,9.59
322310,오로스테크놀로지,2026-08-13,15690.0,123665,9.21
322310,오로스테크놀로지,2026-08-14,15880.0,154246,8.88
322310,오로스테크놀로지,2026-08-18,14840.0,150958,8.97
322310,오로스테크놀로지,2026-08-19,14000.0,155270,9.25
322310,오로스테크놀로지,2026-08-20,14110.0,100002,9.06
322310,오로스테크놀로지,2026-08-21,13140.0,90620,8.8
322310,오로스테크놀로지,2026-08-24,13220.0,127226,8.71
322310,오로스테크놀로지,2026-08-25,13940.0,225149,9.52
322310,오로스테크놀로지,2026-08-26,13540.0,160696,9.39
322310,오로스테크놀로지,2026-08-27,13480.0,137292,9.25
322310,오로스테크놀로지,2026-08-28,13160.0,122357,9.47
322310,오로스테크놀로지,2026-08-31,13070.0,106874,9.41
322310,오로스테크놀로지,2026-09-01,13060.0,58916,9.36
322310,오로스테크놀로지,2026-09-02,12480.0,85719,9.39
322310,오로스테크놀로지,2026-09-03,12120.0,91043,9.15
322310,오로스테크놀로지,2026-09-04,12330.0,91886,9.2
322310,오로스테크놀로지,2026-09-07,12650.0,87704,9.29
322310,오로스테크놀로지,2026-09-08,12580.0,62262,9.16
322310,오로스테크놀로지,2026-09-09,12650.0,54384,9.06
322310,오로스테크놀로지,2026-09-10,12860.0,63884,9.04
322310,오로스테크놀로지,2026-09-11,12300.0,145482,9.14
322310,오로스테크놀로지,2026-09-14,11710.0,67172,9.03
322310,오로스테크놀로지,2026-09-15,12230.0,89754,8.98
322310,오로스테크놀로지,2026-09-16,12330.0,52651,8.86
322310,오로스테크놀로지,2026-09-17,12920.0,90559,9.03
322310,오로스테크놀로지,2026-09-18,13070.0,57498,9.03
322310,오로스테크놀로지,2026-09-21,13750.0,97211,9.07
322310,오로스테크놀로지,2026-09-22,13960.0,105318,9.0
322310,오로스테크놀로지,2026-09-23,14500.0,112862,9.0
322310,오로스테크놀로지,2026-09-28,13890.0,82786,8.93
322310,오로스테크놀로지,2026-09-29,14910.0,90024,8.74
322310,오로스테크놀로지,2026-09-30,15190.0,118003,8.81
322310,오로스테크놀로지,2026-10-01,16010.0,129685,8.93
322310,오로스테크놀로지,2026-10-02,16340.0,158544,8.44
323410,카카오뱅크,2026-06-09,24400.0,2472156,
323410,카카오뱅크,2026-06-10,24750.0,2237474,
323410,카카오뱅크,2026-06-11,23400.0,2108358,
323410,카카오뱅크,2026-06-12,23750.0,1080308,
323410,카카오뱅크,2026-06-15,23800.0,906869,
323410,카카오뱅크,2026-06-16,24150.0,1001519,
323410,카카오뱅크,2026-06-17,23650.0,625016,
323410,카카오뱅크,2026-06-18,22900.0,721450,
323410,카카오뱅크,2026-06-19,22150.0,1271083,
323410,카카오뱅크,2026-06-22,21000.0,993937,
323410,카카오뱅크,2026-06-23,20250.0,1139061,
323410,카카오뱅크,2026-06-24,20050.0,1060013,
323410,카카오뱅크,2026-06-25,20450.0,659607,
323410,카카오뱅크,2026-06-26,19750.0,906302,
323410,카카오뱅크,2026-06-29,21150.0,1113628,
323410,카카오뱅크,2026-06-30,20900.0,703422,
323410,카카오뱅크,2026-07-01,20900.0,638495,
323410,카카오뱅크,2026-07-02,22050.0,1103402,
323410,카카오뱅크,2026-07-03,22250.0,1073293,
323410,카카오뱅크,2026-07-06,22400.0,670547,
323410,카카오뱅크,2026-07-07,22850.0,689599,
323410,카카오뱅크,2026-07-08,22000.0,864576,
323410,카카오뱅크,2026-07-09,21600.0,1294161,
323410,카카오뱅크,2026-07-10,22900.0,1326188,
323410,카카오뱅크,2026-07-13,23300.0,1402760,
323410,카카오뱅크,2026-07-14,23100.0,1832282,
323410,카카오뱅크,2026-07-15,22600.0,1054920,
323410,카카오뱅크,2026-07-16,23000.0,807081,
323410,카카오뱅크,2026-07-20,22550.0,807046,
323410,카카오뱅크,2026-07-21,22200.0,975752,
323410,카카오뱅크,2026-07-22,21550.0,1002630,
323410,카카오뱅크,2026-07-23,22100.0,763507,
323410,카카오뱅크,2026-07-24,22050.0,560838,17.69
323410,카카오뱅크,2026-07-27,22150.0,411342,17.7
323410,카카오뱅크,2026-07-28,21300.0,618144,17.71
323410,카카오뱅크,2026-07-29,21150.0,1199896,17.74
323410,카카오뱅크,2026-07-30,21800.0,1282640,17.77
323410,카카오뱅크,2026-07-31,22100.0,1020948,17.79
323410,카카오뱅크,2026-08-03,21850.0,716642,17.79
323410,카카오뱅크,2026-08-04,21850.0,704358,17.8
323410,카카오뱅크,2026-08-05,21550.0,1226921,17.74
323410,카카오뱅크,2026-08-06,21600.0,780246,17.73
323410,카카오뱅크,2026-08-07,22000.0,833884,17.77
323410,카카오뱅크,2026-08-10,22150.0,850574,17.76
323410,카카오뱅크,2026-08-11,22200.0,678373,17.79
323410,카카오뱅크,2026-08-12,21750.0,780864,17.72
323410,카카오뱅크,2026-08-13,22150.0,1282456,17.77
323410,카카오뱅크,2026-08-14,22200.0,577751,17.76
323410,카카오뱅크,2026-08-18,21950.0,658144,17.7
323410,카카오뱅크,2026-08-19,21500.0,648095,17.67
323410,카카오뱅크,2026-08-20,21200.0,746292,17.67
323410,카카오뱅크,2026-08-21,21300.0,577709,17.67
323410,카카오뱅크,2026-08-24,21600.0,538891,17.69
323410,카카오뱅크,2026-08-25,21600.0,446265,17.63
323410,카카오뱅크,2026-08-26,21500.0,712945,17.66
323410,카카오뱅크,2026-08-27,21600.0,623648,17.63
323410,카카오뱅크,2026-08-28,21850.0,599797,17.65
323410,카카오뱅크,2026-08-31,21850.0,1623964,17.64
323410,카카오뱅크,2026-09-01,21950.0,556497,17.66
323410,카카오뱅크,2026-09-02,21900.0,566715,17.7
323410,카카오뱅크,2026-09-03,21800.0,1001515,17.69
323410,카카오뱅크,2026-09-04,21950.0,552348,17.67
323410,카카오뱅크,2026-09-07,22050.0,546187,17.63
323410,카카오뱅크,2026-09-08,21900.0,576919,17.6
323410,카카오뱅크,2026-09-09,21600.0,508330,17.55
323410,카카오뱅크,2026-09-10,21350.0,1613451,17.6
323410,카카오뱅크,2026-09-11,21350.0,523551,17.61
323410,카카오뱅크,2026-09-14,21600.0,547646,17.65
323410,카카오뱅크,2026-09-15,21250.0,529075,17.61
323410,카카오뱅크,2026-09-16,20950.0,600912,17.56
323410,카카오뱅크,2026-09-17,20850.0,591026,17.52
323410,카카오뱅크,2026-09-18,20550.0,1874157,17.45
323410,카카오뱅크,2026-09-21,20300.0,695421,17.39
323410,카카오뱅크,2026-09-22,20200.0,888978,17.38
323410,카카오뱅크,2026-09-23,20000.0,976444,17.29
323410,카카오뱅크,2026-09-28,20400.0,841377,17.39
323410,카카오뱅크,2026-09-29,20250.0,587453,17.35
323410,카카오뱅크,2026-09-30,19950.0,936611,17.28
323410,카카오뱅크,2026-10-01,19820.0,551551,17.19
323410,카카오뱅크,2026-10-02,19730.0,630564,17.14
344820,KCC글라스,2026-06-09,22300.0,19565,
344820,KCC글라스,2026-06-10,22400.0,24879,
344820,KCC글라스,2026-06-11,21950.0,71657,
344820,KCC글라스,2026-06-12,23100.0,22161,
344820,KCC글라스,2026-06-15,23550.0,26104,
344820,KCC글라스,2026-06-16,24150.0,21937,
344820,KCC글라스,2026-06-17,24300.0,25249,
344820,KCC글라스,2026-06-18,23150.0,39574,
344820,KCC글라스,2026-06-19,23100.0,52072,
344820,KCC글라스,2026-06-22,22400.0,21906,
344820,KCC글라스,2026-06-23,21750.0,33666,
344820,KCC글라스,2026-06-24,21500.0,24628,
344820,KCC글라스,2026-06-25,21450.0,32234,
344820,KCC글라스,2026-06-26,21250.0,37905,
344820,KCC글라스,2026-06-29,22100.0,21453,
344820,KCC글라스,2026-06-30,22000.0,14342,
344820,KCC글라스,2026-07-01,23000.0,9477,
344820,KCC글라스,2026-07-02,23100.0,15045,
344820,KCC글라스,2026-07-03,23200.0,15286,
344820,KCC글라스,2026-07-06,22900.0,6731,
344820,KCC글라스,2026-07-07,22600.0,10187,
344820,KCC글라스,2026-07-08,22300.0,27676,
344820,KCC글라스,2026-07-09,21700.0,25017,
344820,KCC글라스,2026-07-10,22050.0,15820,
344820,KCC글라스,2026-07-13,22700.0,16353,
344820,KCC글라스,2026-07-14,23050.0,14332,
344820,KCC글라스,2026-07-15,22650.0,9652,
344820,KCC글라스,2026-07-16,22600.0,14840,
344820,KCC글라스,2026-07-20,22650.0,12724,
344820,KCC글라스,2026-07-21,22500.0,22283,
344820,KCC글라스,2026-07-22,22750.0,16846,
344820,KCC글라스,2026-07-23,22800.0,15225,
344820,KCC글라스,2026-07-24,22500.0,7303,4.53
344820,KCC글라스,2026-07-27,22750.0,11232,4.54
344820,KCC글라스,2026-07-28,21900.0,11020,4.55
344820,KCC글라스,2026-07-29,21400.0,23992,4.54
344820,KCC글라스,2026-07-30,22150.0,21890,4.65
344820,KCC글라스,2026-07-31,22000.0,14939,4.63
344820,KCC글라스,2026-08-03,22000.0,8040,4.64
344820,KCC글라스,2026-08-04,22800.0,9852,4.67
344820,KCC글라스,2026-08-05,23050.0,7553,4.67
344820,KCC글라스,2026-08-06,23800.0,11202,4.68
344820,KCC글라스,2026-08-07,24950.0,31098,4.78
344820,KCC글라스,2026-08-10,25850.0,22193,4.77
344820,KCC글라스,2026-08-11,25700.0,13142,4.76
344820,KCC글라스,2026-08-12,25050.0,19781,4.79
344820,KCC글라스,2026-08-13,24500.0,9194,4.75
344820,KCC글라스,2026-08-14,25250.0,5724,4.78
344820,KCC글라스,2026-08-18,24700.0,7888,4.73
344820,KCC글라스,2026-08-19,24200.0,8098,4.71
344820,KCC글라스,2026-08-20,24550.0,9315,4.74
344820,KCC글라스,2026-08-21,24300.0,8614,4.73
344820,KCC글라스,2026-08-24,24900.0,5929,4.74
344820,KCC글라스,2026-08-25,24850.0,4591,4.75
344820,KCC글라스,2026-08-26,25200.0,5625,4.75
344820,KCC글라스,2026-08-27,25050.0,7658,4.73
344820,KCC글라스,2026-08-28,25300.0,4814,4.73
344820,KCC글라스,2026-08-31,25250.0,4174,4.73
344820,KCC글라스,2026-09-01,25350.0,6116,4.72
344820,KCC글라스,2026-09-02,24950.0,7610,4.71
344820,KCC글라스,2026-09-03,25150.0,8168,4.69
344820,KCC글라스,2026-09-04,25050.0,6147,4.67
344820,KCC글라스,2026-09-07,24950.0,4270,4.68
344820,KCC글라스,2026-09-08,24700.0,21820,4.65
344820,KCC글라스,2026-09-09,24400.0,31535,4.72
344820,KCC글라스,2026-09-10,24900.0,61408,4.95
344820,KCC글라스,2026-09-11,24650.0,6292,4.95
344820,KCC글라스,2026-09-14,24450.0,7527,4.95
344820,KCC글라스,2026-09-15,24400.0,6026,4.94
344820,KCC글라스,2026-09-16,24350.0,5091,4.92
344820,KCC글라스,2026-09-17,24450.0,4085,4.91
344820,KCC글라스,2026-09-18,24050.0,19614,4.84
344820,KCC글라스,2026-09-21,24050.0,7622,4.83
344820,KCC글라스,2026-09-22,23500.0,14989,4.89
344820,KCC글라스,2026-09-23,23750.0,13601,4.8
344820,KCC글라스,2026-09-28,24050.0,5319,4.8
344820,KCC글라스,2026-09-29,23800.0,5515,4.78
344820,KCC글라스,2026-09-30,23650.0,3355,4.77
344820,KCC글라스,2026-10-01,23750.0,13735,4.76
344820,KCC글라스,2026-10-02,24100.0,8334,4.77
363280,티와이홀딩스,2026-06-09,1921.0,92203,
363280,티와이홀딩스,2026-06-10,1932.0,59256,
363280,티와이홀딩스,2026-06-11,1940.0,14528,
363280,티와이홀딩스,2026-06-12,2040.0,152172,
363280,티와이홀딩스,2026-06-15,2105.0,44436,
363280,티와이홀딩스,2026-06-16,2030.0,38820,
363280,티와이홀딩스,2026-06-17,2025.0,73179,
363280,티와이홀딩스,2026-06-18,1995.0,33940,
363280,티와이홀딩스,2026-06-19,1892.0,72365,
363280,티와이홀딩스,2026-06-22,1800.0,67610,
363280,티와이홀딩스,2026-06-23,1740.0,71459,
363280,티와이홀딩스,2026-06-24,1747.0,31410,
363280,티와이홀딩스,2026-06-25,1740.0,37118,
363280,티와이홀딩스,2026-06-26,1700.0,56596,
363280,티와이홀딩스,2026-06-29,1750.0,42772,
363280,티와이홀딩스,2026-06-30,1730.0,20198,
363280,티와이홀딩스,2026-07-01,1749.0,13295,
363280,티와이홀딩스,2026-07-02,1715.0,50747,
363280,티와이홀딩스,2026-07-03,1696.0,37002,
363280,티와이홀딩스,2026-07-06,1701.0,20639,
363280,티와이홀딩스,2026-07-07,1690.0,29502,
363280,티와이홀딩스,2026-07-08,1680.0,39349,
363280,티와이홀딩스,2026-07-09,1700.0,18982,
363280,티와이홀딩스,2026-07-10,1700.0,65762,
363280,티와이홀딩스,2026-07-13,1697.0,30449,
363280,티와이홀딩스,2026-07-14,1699.0,91278,
363280,티와이홀딩스,2026-07-15,1713.0,15797,
363280,티와이홀딩스,2026-07-16,1706.0,19830,
363280,티와이홀딩스,2026-07-20,1681.0,21352,
363280,티와이홀딩스,2026-07-21,1681.0,26547,
363280,티와이홀딩스,2026-07-22,1748.0,79819,
363280,티와이홀딩스,2026-07-23,1815.0,61294,
363280,티와이홀딩스,2026-07-24,1809.0,28843,1.03
363280,티와이홀딩스,2026-07-27,1811.0,17231,1.03
363280,티와이홀딩스,2026-07-28,1784.0,12871,1.03
363280,티와이홀딩스,2026-07-29,1716.0,59781,1.04
363280,티와이홀딩스,2026-07-30,1719.0,18559,1.06
363280,티와이홀딩스,2026-07-31,1752.0,45203,1.09
363280,티와이홀딩스,2026-08-03,1764.0,15970,1.09
363280,티와이홀딩스,2026-08-04,1804.0,27069,1.11
363280,티와이홀딩스,2026-08-05,1841.0,35919,1.12
363280,티와이홀딩스,2026-08-06,1836.0,17715,1.13
363280,티와이홀딩스,2026-08-07,1848.0,10423,1.13
363280,티와이홀딩스,2026-08-10,1877.0,10992,1.13
363280,티와이홀딩스,2026-08-11,1917.0,20898,1.12
363280,티와이홀딩스,2026-08-12,1915.0,16638,1.11
363280,티와이홀딩스,2026-08-13,1914.0,27039,1.1
363280,티와이홀딩스,2026-08-14,1925.0,25985,1.09
363280,티와이홀딩스,2026-08-18,1922.0,18621,1.11
363280,티와이홀딩스,2026-08-19,1920.0,3154,1.11
363280,티와이홀딩스,2026-08-20,1944.0,12726,1.12
363280,티와이홀딩스,2026-08-21,1933.0,36989,1.13
363280,티와이홀딩스,2026-08-24,1915.0,10436,1.13
363280,티와이홀딩스,2026-08-25,1927.0,11702,1.14
363280,티와이홀딩스,2026-08-26,1957.0,15291,1.14
363280,티와이홀딩스,2026-08-27,1963.0,7237,1.14
363280,티와이홀딩스,2026-08-28,1963.0,4204,1.15
363280,티와이홀딩스,2026-08-31,1965.0,14852,1.15
363280,티와이홀딩스,2026-09-01,1968.0,4481,1.15
363280,티와이홀딩스,2026-09-02,1967.0,2182,1.15
363280,티와이홀딩스,2026-09-03,1976.0,12133,1.16
363280,티와이홀딩스,2026-09-04,2000.0,8551,1.16
363280,티와이홀딩스,2026-09-07,2025.0,16567,1.17
363280,티와이홀딩스,2026-09-08,2090.0,31126,1.17
363280,티와이홀딩스,2026-09-09,2130.0,23329,1.15
363280,티와이홀딩스,2026-09-10,2130.0,16014,1.18
363280,티와이홀딩스,2026-09-11,2130.0,10112,1.18
363280,티와이홀딩스,2026-09-14,2120.0,2962,1.18
363280,티와이홀딩스,2026-09-15,2095.0,173100,1.18
363280,티와이홀딩스,2026-09-16,2135.0,12929,1.2
363280,티와이홀딩스,2026-09-17,2115.0,10548,1.2
363280,티와이홀딩스,2026-09-18,2055.0,14486,1.19
363280,티와이홀딩스,2026-09-21,1999.0,15902,1.18
363280,티와이홀딩스,2026-09-22,2035.0,18101,1.17
363280,티와이홀딩스,2026-09-23,1997.0,14472,1.16
363280,티와이홀딩스,2026-09-28,1994.0,13263,1.16
363280,티와이홀딩스,2026-09-29,2040.0,7989,1.16
363280,티와이홀딩스,2026-09-30,2020.0,7046,1.16
363280,티와이홀딩스,2026-10-01,2045.0,19604,1.14
363280,티와이홀딩스,2026-10-02,2085.0,4396,1.14
365550,ESR켄달스퀘어리츠,2026-06-09,3500.0,507691,
365550,ESR켄달스퀘어리츠,2026-06-10,3475.0,857831,
365550,ESR켄달스퀘어리츠,2026-06-11,3665.0,723043,
365550,ESR켄달스퀘어리츠,2026-06-12,3635.0,822109,
365550,ESR켄달스퀘어리츠,2026-06-15,3755.0,611037,
365550,ESR켄달스퀘어리츠,2026-06-16,3885.0,459304,
365550,ESR켄달스퀘어리츠,2026-06-17,3990.0,596847,
365550,ESR켄달스퀘어리츠,2026-06-18,3980.0,424222,
365550,ESR켄달스퀘어리츠,2026-06-19,3680.0,476796,
365550,ESR켄달스퀘어리츠,2026-06-22,3555.0,264561,
365550,ESR켄달스퀘어리츠,2026-06-23,3445.0,268250,
365550,ESR켄달스퀘어리츠,2026-06-24,3430.0,323579,
365550,ESR켄달스퀘어리츠,2026-06-25,3445.0,336047,
365550,ESR켄달스퀘어리츠,2026-06-26,3430.0,418856,
365550,ESR켄달스퀘어리츠,2026-06-29,3460.0,304312,
365550,ESR켄달스퀘어리츠,2026-06-30,3320.0,523158,
365550,ESR켄달스퀘어리츠,2026-07-01,3405.0,307396,
365550,ESR켄달스퀘어리츠,2026-07-02,3360.0,431724,
365550,ESR켄달스퀘어리츠,2026-07-03,3380.0,371210,
365550,ESR켄달스퀘어리츠,2026-07-06,3325.0,332279,
365550,ESR켄달스퀘어리츠,2026-07-07,3450.0,407566,
365550,ESR켄달스퀘어리츠,2026-07-08,3400.0,367628,
365550,ESR켄달스퀘어리츠,2026-07-09,3190.0,719237,
365550,ESR켄달스퀘어리츠,2026-07-10,3300.0,220656,
365550,ESR켄달스퀘어리츠,2026-07-13,3225.0,512317,
365550,ESR켄달스퀘어리츠,2026-07-14,3155.0,380572,
365550,ESR켄달스퀘어리츠,2026-07-15,3190.0,277748,
365550,ESR켄달스퀘어리츠,2026-07-16,3185.0,309359,
365550,ESR켄달스퀘어리츠,2026-07-20,3275.0,192895,
365550,ESR켄달스퀘어리츠,2026-07-21,3330.0,242765,
365550,ESR켄달스퀘어리츠,2026-07-22,3210.0,203006,
365550,ESR켄달스퀘어리츠,2026-07-23,3185.0,338263,
365550,ESR켄달스퀘어리츠,2026-07-24,3310.0,292836,39.74
365550,ESR켄달스퀘어리츠,2026-07-27,3355.0,324825,39.71
365550,ESR켄달스퀘어리츠,2026-07-28,3335.0,413302,39.69
365550,ESR켄달스퀘어리츠,2026-07-29,3295.0,217069,39.71
365550,ESR켄달스퀘어리츠,2026-07-30,3420.0,228951,39.73
365550,ESR켄달스퀘어리츠,2026-07-31,3290.0,299793,39.66
365550,ESR켄달스퀘어리츠,2026-08-03,3235.0,213708,39.64
365550,ESR켄달스퀘어리츠,2026-08-04,3195.0,313325,39.64
365550,ESR켄달스퀘어리츠,2026-08-05,3210.0,212538,39.63
365550,ESR켄달스퀘어리츠,2026-08-06,3185.0,238317,39.64
365550,ESR켄달스퀘어리츠,2026-08-07,3250.0,288078,39.65
365550,ESR켄달스퀘어리츠,2026-08-10,3290.0,234785,39.64
365550,ESR켄달스퀘어리츠,2026-08-11,3385.0,212655,39.64
365550,ESR켄달스퀘어리츠,2026-08-12,3270.0,279986,39.61
365550,ESR켄달스퀘어리츠,2026-08-13,3145.0,459275,39.66
365550,ESR켄달스퀘어리츠,2026-08-14,3290.0,234880,39.77
365550,ESR켄달스퀘어리츠,2026-08-18,3175.0,638348,39.64
365550,ESR켄달스퀘어리츠,2026-08-19,3085.0,328177,39.58
365550,ESR켄달스퀘어리츠,2026-08-20,3000.0,771491,39.44
365550,ESR켄달스퀘어리츠,2026-08-21,2985.0,433788,39.39
365550,ESR켄달스퀘어리츠,2026-08-24,3015.0,663991,39.42
365550,ESR켄달스퀘어리츠,2026-08-25,3020.0,753582,39.34
365550,ESR켄달스퀘어리츠,2026-08-26,3065.0,596673,39.31
365550,ESR켄달스퀘어리츠,2026-08-27,3055.0,735286,39.19
365550,ESR켄달스퀘어리츠,2026-08-28,3100.0,415231,39.2
365550,ESR켄달스퀘어리츠,2026-08-31,3125.0,4237482,39.21
365550,ESR켄달스퀘어리츠,2026-09-01,3190.0,221164,39.23
365550,ESR켄달스퀘어리츠,2026-09-02,3120.0,343079,39.21
365550,ESR켄달스퀘어리츠,2026-09-03,3120.0,327139,39.14
365550,ESR켄달스퀘어리츠,2026-09-04,3085.0,210044,39.12
365550,ESR켄달스퀘어리츠,2026-09-07,3060.0,168920,39.1
365550,ESR켄달스퀘어리츠,2026-09-08,3140.0,266476,39.09
365550,ESR켄달스퀘어리츠,2026-09-09,3145.0,172823,39.07
365550,ESR켄달스퀘어리츠,2026-09-10,3120.0,209206,39.09
365550,ESR켄달스퀘어리츠,2026-09-11,3185.0,247467,39.1
365550,ESR켄달스퀘어리츠,2026-09-14,3210.0,160438,39.08
365550,ESR켄달스퀘어리츠,2026-09-15,3190.0,168559,39.08
365550,ESR켄달스퀘어리츠,2026-09-16,3135.0,190953,39.08
365550,ESR켄달스퀘어리츠,2026-09-17,3120.0,237548,39.07
365550,ESR켄달스퀘어리츠,2026-09-18,3060.0,738369,39.02
365550,ESR켄달스퀘어리츠,2026-09-21,3135.0,294640,39.04
365550,ESR켄달스퀘어리츠,2026-09-22,3175.0,188839,39.02
365550,ESR켄달스퀘어리츠,2026-09-23,3250.0,262107,39.0
365550,ESR켄달스퀘어리츠,2026-09-28,3185.0,373986,38.94
365550,ESR켄달스퀘어리츠,2026-09-29,3090.0,144309,38.94
365550,ESR켄달스퀘어리츠,2026-09-30,3100.0,214458,38.93
365550,ESR켄달스퀘어리츠,2026-10-01,3095.0,185990,38.9
365550,ESR켄달스퀘어리츠,2026-10-02,3120.0,120390,38.89
37550K,DL이앤씨우,2026-06-09,22550.0,5517,
37550K,DL이앤씨우,2026-06-10,23300.0,4753,
37550K,DL이앤씨우,2026-06-11,22800.0,3242,
37550K,DL이앤씨우,2026-06-12,24300.0,8631,
37550K,DL이앤씨우,2026-06-15,25200.0,12998,
37550K,DL이앤씨우,2026-06-16,27050.0,44128,
37550K,DL이앤씨우,2026-06-17,26250.0,11926,
37550K,DL이앤씨우,2026-06-18,25500.0,9982,
37550K,DL이앤씨우,2026-06-19,24650.0,13447,
37550K,DL이앤씨우,2026-06-22,24650.0,5777,
37550K,DL이앤씨우,2026-06-23,21250.0,17350,
37550K,DL이앤씨우,2026-06-24,21800.0,6461,
37550K,DL이앤씨우,2026-06-25,21550.0,3541,
37550K,DL이앤씨우,2026-06-26,20650.0,15688,
37550K,DL이앤씨우,2026-06-29,22450.0,14443,
37550K,DL이앤씨우,2026-06-30,22300.0,1906,
37550K,DL이앤씨우,2026-07-01,22950.0,9268,
37550K,DL이앤씨우,2026-07-02,22050.0,6009,
37550K,DL이앤씨우,2026-07-03,22450.0,5386,
37550K,DL이앤씨우,2026-07-06,22650.0,2619,
37550K,DL이앤씨우,2026-07-07,22200.0,4107,
37550K,DL이앤씨우,2026-07-08,21250.0,5497,
37550K,DL이앤씨우,2026-07-09,21350.0,5084,
37550K,DL이앤씨우,2026-07-10,22800.0,9628,
37550K,DL이앤씨우,2026-07-13,22200.0,6260,
37550K,DL이앤씨우,2026-07-14,22200.0,2630,
37550K,DL이앤씨우,2026-07-15,22350.0,6574,
37550K,DL이앤씨우,2026-07-16,21550.0,5463,
37550K,DL이앤씨우,2026-07-20,21100.0,4804,
37550K,DL이앤씨우,2026-07-21,21250.0,1600,
37550K,DL이앤씨우,2026-07-22,22000.0,3939,
37550K,DL이앤씨우,2026-07-23,23450.0,4997,
37550K,DL이앤씨우,2026-07-24,22650.0,2020,8.3
37550K,DL이앤씨우,2026-07-27,23150.0,3269,8.29
37550K,DL이앤씨우,2026-07-28,21950.0,7079,8.21
37550K,DL이앤씨우,2026-07-29,20600.0,23206,8.13
37550K,DL이앤씨우,2026-07-30,20650.0,3838,8.15
37550K,DL이앤씨우,2026-07-31,21950.0,4926,8.12
37550K,DL이앤씨우,2026-08-03,22600.0,6873,7.99
37550K,DL이앤씨우,2026-08-04,23700.0,7633,7.89
37550K,DL이앤씨우,2026-08-05,24000.0,4935,7.93
37550K,DL이앤씨우,2026-08-06,23700.0,2727,7.89
37550K,DL이앤씨우,2026-08-07,23600.0,1606,7.87
37550K,DL이앤씨우,2026-08-10,24000.0,2189,7.9
37550K,DL이앤씨우,2026-08-11,24350.0,2595,7.89
37550K,DL이앤씨우,2026-08-12,24900.0,4865,7.85
37550K,DL이앤씨우,2026-08-13,25100.0,5304,7.91
37550K,DL이앤씨우,2026-08-14,25050.0,4339,7.95
37550K,DL이앤씨우,2026-08-18,24750.0,3010,9.58
37550K,DL이앤씨우,2026-08-19,25150.0,3796,9.62
37550K,DL이앤씨우,2026-08-20,25200.0,4540,9.98
37550K,DL이앤씨우,2026-08-21,24700.0,4170,10.04
37550K,DL이앤씨우,2026-08-24,24650.0,1550,10.02
37550K,DL이앤씨우,2026-08-25,24850.0,3683,10.11
37550K,DL이앤씨우,2026-08-26,25400.0,3250,10.13
37550K,DL이앤씨우,2026-08-27,25750.0,5452,10.18
37550K,DL이앤씨우,2026-08-28,25000.0,2144,10.16
37550K,DL이앤씨우,2026-08-31,24400.0,2014,10.12
37550K,DL이앤씨우,2026-09-01,24600.0,1043,10.1
37550K,DL이앤씨우,2026-09-02,24400.0,3914,10.08
37550K,DL이앤씨우,2026-09-03,24700.0,5774,10.11
37550K,DL이앤씨우,2026-09-04,24800.0,1295,10.11
37550K,DL이앤씨우,2026-09-07,25300.0,7153,10.15
37550K,DL이앤씨우,2026-09-08,25600.0,15857,10.23
37550K,DL이앤씨우,2026-09-09,25950.0,8841,10.2
37550K,DL이앤씨우,2026-09-10,26200.0,4816,10.23
37550K,DL이앤씨우,2026-09-11,26900.0,6563,10.3
37550K,DL이앤씨우,2026-09-14,26600.0,9028,10.24
37550K,DL이앤씨우,2026-09-15,27400.0,17642,10.12
37550K,DL이앤씨우,2026-09-16,27300.0,9788,10.06
37550K,DL이앤씨우,2026-09-17,27150.0,5081,9.96
37550K,DL이앤씨우,2026-09-18,27350.0,5191,9.97
37550K,DL이앤씨우,2026-09-21,26750.0,6330,9.97
37550K,DL이앤씨우,2026-09-22,27350.0,3271,9.98
37550K,DL이앤씨우,2026-09-23,27450.0,4288,9.97
37550K,DL이앤씨우,2026-09-28,26900.0,2977,9.97
37550K,DL이앤씨우,2026-09-29,26300.0,1998,9.95
37550K,DL이앤씨우,2026-09-30,26550.0,3114,9.91
37550K,DL이앤씨우,2026-10-01,26900.0,3094,9.91
37550K,DL이앤씨우,2026-10-02,26800.0,1939,9.9
383220,F&F,2026-06-09,74600.0,76971,
383220,F&F,2026-06-10,79000.0,177694,
383220,F&F,2026-06-11,83200.0,287592,
383220,F&F,2026-06-12,85900.0,182307,
383220,F&F,2026-06-15,81700.0,114623,
383220,F&F,2026-06-16,80100.0,78243,
383220,F&F,2026-06-17,83000.0,113637,
383220,F&F,2026-06-18,80400.0,102841,
383220,F&F,2026-06-19,81300.0,129760,
383220,F&F,2026-06-22,75300.0,151249,
383220,F&F,2026-06-23,73200.0,125015,
383220,F&F,2026-06-24,73500.0,95747,
383220,F&F,2026-06-25,74300.0,81791,
383220,F&F,2026-06-26,73500.0,87040,
383220,F&F,2026-06-29,78100.0,55914,
383220,F&F,2026-06-30,77200.0,49962,
383220,F&F,2026-07-01,77400.0,48895,
383220,F&F,2026-07-02,79900.0,104338,
383220,F&F,2026-07-03,79100.0,50106,
383220,F&F,2026-07-06,79000.0,34135,
383220,F&F,2026-07-07,82800.0,81942,
383220,F&F,2026-07-08,80200.0,97504,
383220,F&F,2026-07-09,78500.0,101527,
383220,F&F,2026-07-10,77600.0,91583,
383220,F&F,2026-07-13,79900.0,61553,
383220,F&F,2026-07-14,77300.0,58041,
383220,F&F,2026-07-15,78500.0,72552,
383220,F&F,2026-07-16,79000.0,39871,
383220,F&F,2026-07-20,74400.0,37106,
383220,F&F,2026-07-21,75400.0,50591,
383220,F&F,2026-07-22,74000.0,83145,
383220,F&F,2026-07-23,76400.0,53588,
383220,F&F,2026-07-24,76100.0,41807,13.1
383220,F&F,2026-07-27,77800.0,58604,13.13
383220,F&F,2026-07-28,76700.0,41017,13.16
383220,F&F,2026-07-29,77600.0,130923,13.23
383220,F&F,2026-07-30,78900.0,81334,13.22
383220,F&F,2026-07-31,80500.0,106753,13.31
383220,F&F,2026-08-03,61800.0,403680,12.79
383220,F&F,2026-08-04,63300.0,249521,12.82
383220,F&F,2026-08-05,65000.0,155070,12.89
383220,F&F,2026-08-06,67000.0,79656,12.94
383220,F&F,2026-08-07,67000.0,73090,12.95
383220,F&F,2026-08-10,67900.0,61330,12.96
383220,F&F,2026-08-11,67000.0,29443,12.95
383220,F&F,2026-08-12,66200.0,61622,12.93
383220,F&F,2026-08-13,68800.0,124079,12.97
383220,F&F,2026-08-14,67000.0,65465,12.97
383220,F&F,2026-08-18,64900.0,78728,12.98
383220,F&F,2026-08-19,62900.0,68317,12.95
383220,F&F,2026-08-20,61900.0,80940,12.95
383220,F&F,2026-08-21,62200.0,40215,12.96
383220,F&F,2026-08-24,63500.0,43054,12.98
383220,F&F,2026-08-25,62800.0,54437,13.0
383220,F&F,2026-08-26,63800.0,52187,12.99
383220,F&F,2026-08-27,63100.0,73171,12.94
383220,F&F,2026-08-28,66900.0,79187,12.94
383220,F&F,2026-08-31,66900.0,55192,12.94
383220,F&F,2026-09-01,68300.0,78448,12.97
383220,F&F,2026-09-02,67700.0,97269,12.96
383220,F&F,2026-09-03,66300.0,59907,12.95
383220,F&F,2026-09-04,66900.0,73056,12.96
383220,F&F,2026-09-07,65600.0,50266,12.97
383220,F&F,2026-09-08,66300.0,62420,12.95
383220,F&F,2026-09-09,64800.0,52839,12.93
383220,F&F,2026-09-10,65200.0,45695,12.94
383220,F&F,2026-09-11,64800.0,34255,12.92
383220,F&F,2026-09-14,65200.0,135563,12.95
383220,F&F,2026-09-15,66800.0,56583,12.93
383220,F&F,2026-09-16,67000.0,27019,12.91
383220,F&F,2026-09-17,68600.0,40303,12.86
383220,F&F,2026-09-18,69000.0,42606,12.82
383220,F&F,2026-09-21,68700.0,56115,12.83
383220,F&F,2026-09-22,68200.0,35342,12.82
383220,F&F,2026-09-23,67500.0,60173,12.83
383220,F&F,2026-09-28,69100.0,34387,12.87
383220,F&F,2026-09-29,69300.0,30294,12.86
383220,F&F,2026-09-30,68500.0,33641,12.94
383220,F&F,2026-10-01,68900.0,41359,12.97
383220,F&F,2026-10-02,69200.0,24470,12.97
418470,KT밀리의서재,2026-06-09,10540.0,30669,
418470,KT밀리의서재,2026-06-10,10510.0,22006,
418470,KT밀리의서재,2026-06-11,10410.0,21399,
418470,KT밀리의서재,2026-06-12,10640.0,23965,
418470,KT밀리의서재,2026-06-15,10760.0,15238,
418470,KT밀리의서재,2026-06-16,10690.0,15436,
418470,KT밀리의서재,2026-06-17,10790.0,55372,
418470,KT밀리의서재,2026-06-18,10600.0,19962,
418470,KT밀리의서재,2026-06-19,10410.0,27001,
418470,KT밀리의서재,2026-06-22,10200.0,31345,
418470,KT밀리의서재,2026-06-23,9680.0,127935,
418470,KT밀리의서재,2026-06-24,9670.0,32676,
418470,KT밀리의서재,2026-06-25,9590.0,34695,
418470,KT밀리의서재,2026-06-26,9220.0,65489,
418470,KT밀리의서재,2026-06-29,9820.0,25393,
418470,KT밀리의서재,2026-06-30,9780.0,13647,
418470,KT밀리의서재,2026-07-01,9980.0,20432,
418470,KT밀리의서재,2026-07-02,9850.0,19565,
418470,KT밀리의서재,2026-07-03,9850.0,10359,
418470,KT밀리의서재,2026-07-06,9910.0,21096,
418470,KT밀리의서재,2026-07-07,9990.0,54885,
418470,KT밀리의서재,2026-07-08,9760.0,12856,
418470,KT밀리의서재,2026-07-09,9850.0,63632,
418470,KT밀리의서재,2026-07-10,9980.0,18064,
418470,KT밀리의서재,2026-07-13,9980.0,41335,
418470,KT밀리의서재,2026-07-14,9640.0,88843,
418470,KT밀리의서재,2026-07-15,9840.0,7160,
418470,KT밀리의서재,2026-07-16,9910.0,15566,
418470,KT밀리의서재,2026-07-20,9660.0,12856,
418470,KT밀리의서재,2026-07-21,9830.0,24302,
418470,KT밀리의서재,2026-07-22,10080.0,19040,
418470,KT밀리의서재,2026-07-23,10240.0,17019,
418470,KT밀리의서재,2026-07-24,10280.0,28457,6.33
418470,KT밀리의서재,2026-07-27,10440.0,20989,6.38
418470,KT밀리의서재,2026-07-28,10030.0,28455,6.34
418470,KT밀리의서재,2026-07-29,9800.0,37008,6.53
418470,KT밀리의서재,2026-07-30,9830.0,18540,6.63
418470,KT밀리의서재,2026-07-31,10280.0,23996,6.79
418470,KT밀리의서재,2026-08-03,10040.0,11412,6.83
418470,KT밀리의서재,2026-08-04,10280.0,35906,6.97
418470,KT밀리의서재,2026-08-05,10330.0,23430,6.97
418470,KT밀리의서재,2026-08-06,10200.0,8362,7.0
418470,KT밀리의서재,2026-08-07,10530.0,20589,7.07
418470,KT밀리의서재,2026-08-10,10980.0,42108,7.15
418470,KT밀리의서재,2026-08-11,10780.0,12842,7.1
418470,KT밀리의서재,2026-08-12,10080.0,96837,6.91
418470,KT밀리의서재,2026-08-13,10000.0,51157,7.02
418470,KT밀리의서재,2026-08-14,9850.0,107846,7.09
418470,KT밀리의서재,2026-08-18,9530.0,120104,7.18
418470,KT밀리의서재,2026-08-19,9420.0,61554,7.29
418470,KT밀리의서재,2026-08-20,9430.0,19810,7.28
418470,KT밀리의서재,2026-08-21,9350.0,42584,7.36
418470,KT밀리의서재,2026-08-24,9420.0,20126,7.4
418470,KT밀리의서재,2026-08-25,9460.0,11844,7.43
418470,KT밀리의서재,2026-08-26,9700.0,20816,7.5
418470,KT밀리의서재,2026-08-27,9640.0,15496,7.46
418470,KT밀리의서재,2026-08-28,9770.0,28842,7.42
418470,KT밀리의서재,2026-08-31,9900.0,25456,7.36
418470,KT밀리의서재,2026-09-01,9820.0,17527,7.46
418470,KT밀리의서재,2026-09-02,9790.0,27871,7.58
418470,KT밀리의서재,2026-09-03,9690.0,22553,7.66
418470,KT밀리의서재,2026-09-04,9650.0,14070,7.65
418470,KT밀리의서재,2026-09-07,9630.0,9097,7.59
418470,KT밀리의서재,2026-09-08,9510.0,18944,7.5
418470,KT밀리의서재,2026-09-09,9390.0,28523,7.41
418470,KT밀리의서재,2026-09-10,9530.0,21885,7.45
418470,KT밀리의서재,2026-09-11,9590.0,19219,7.45
418470,KT밀리의서재,2026-09-14,9540.0,10957,7.46
418470,KT밀리의서재,2026-09-15,9560.0,4328,7.44
418470,KT밀리의서재,2026-09-16,9500.0,12429,7.4
418470,KT밀리의서재,2026-09-17,9460.0,30379,7.2
418470,KT밀리의서재,2026-09-18,9470.0,16874,7.23
418470,KT밀리의서재,2026-09-21,9470.0,21768,7.28
418470,KT밀리의서재,2026-09-22,9460.0,28077,7.3
418470,KT밀리의서재,2026-09-23,9360.0,12372,7.32
418470,KT밀리의서재,2026-09-28,9600.0,13839,7.4
418470,KT밀리의서재,2026-09-29,9350.0,23026,7.41
418470,KT밀리의서재,2026-09-30,9280.0,17587,7.31
418470,KT밀리의서재,2026-10-01,9300.0,7919,7.29
418470,KT밀리의서재,2026-10-02,9290.0,22344,7.21
450950,아스테라시스,2026-06-09,7230.0,41649,
450950,아스테라시스,2026-06-10,7050.0,46499,
450950,아스테라시스,2026-06-11,7400.0,34092,
450950,아스테라시스,2026-06-12,7480.0,120662,
450950,아스테라시스,2026-06-15,7280.0,41858,
450950,아스테라시스,2026-06-16,7010.0,35427,
450950,아스테라시스,2026-06-17,7750.0,99792,
450950,아스테라시스,2026-06-18,7760.0,135047,
450950,아스테라시스,2026-06-19,7300.0,46324,
450950,아스테라시스,2026-06-22,7120.0,45838,
450950,아스테라시스,2026-06-23,6600.0,60643,
450950,아스테라시스,2026-06-24,6520.0,67478,
450950,아스테라시스,2026-06-25,6540.0,45258,
450950,아스테라시스,2026-06-26,6130.0,60038,
450950,아스테라시스,2026-06-29,7130.0,95053,
450950,아스테라시스,2026-06-30,6940.0,38524,
450950,아스테라시스,2026-07-01,7400.0,71600,
450950,아스테라시스,2026-07-02,7250.0,36914,
450950,아스테라시스,2026-07-03,7020.0,22913,
450950,아스테라시스,2026-07-06,6980.0,34779,
450950,아스테라시스,2026-07-07,6760.0,36930,
450950,아스테라시스,2026-07-08,6270.0,35177,
450950,아스테라시스,2026-07-09,6390.0,23524,
450950,아스테라시스,2026-07-10,6310.0,15827,
450950,아스테라시스,2026-07-13,6150.0,35729,
450950,아스테라시스,2026-07-14,6250.0,34287,
450950,아스테라시스,2026-07-15,6330.0,15848,
450950,아스테라시스,2026-07-16,6190.0,20116,
450950,아스테라시스,2026-07-20,6320.0,24367,
450950,아스테라시스,2026-07-21,6150.0,22083,
450950,아스테라시스,2026-07-22,6070.0,58262,
450950,아스테라시스,2026-07-23,6050.0,26671,
450950,아스테라시스,2026-07-24,5710.0,25162,0.77
450950,아스테라시스,2026-07-27,5590.0,20070,0.78
450950,아스테라시스,2026-07-28,5560.0,33799,0.81
450950,아스테라시스,2026-07-29,5000.0,192057,1.17
450950,아스테라시스,2026-07-30,5000.0,98289,1.28
450950,아스테라시스,2026-07-31,5630.0,32782,1.31
450950,아스테라시스,2026-08-03,5640.0,10909,1.32
450950,아스테라시스,2026-08-04,5830.0,20062,1.32
450950,아스테라시스,2026-08-05,6030.0,16661,1.31
450950,아스테라시스,2026-08-06,6250.0,29721,1.3
450950,아스테라시스,2026-08-07,6130.0,19951,1.29
450950,아스테라시스,2026-08-10,6070.0,21898,1.28
450950,아스테라시스,2026-08-11,6220.0,10181,1.28
450950,아스테라시스,2026-08-12,6230.0,7630,1.27
450950,아스테라시스,2026-08-13,6130.0,18198,1.26
450950,아스테라시스,2026-08-14,6050.0,18286,1.23
450950,아스테라시스,2026-08-18,5400.0,50003,1.17
450950,아스테라시스,2026-08-19,5270.0,75540,1.03
450950,아스테라시스,2026-08-20,5400.0,28783,1.09
450950,아스테라시스,2026-08-21,5350.0,32550,1.1
450950,아스테라시스,2026-08-24,5390.0,6610,1.12
450950,아스테라시스,2026-08-25,5350.0,9072,1.11
450950,아스테라시스,2026-08-26,5420.0,12379,1.13
450950,아스테라시스,2026-08-27,5270.0,28691,1.11
450950,아스테라시스,2026-08-28,5400.0,15878,1.13
450950,아스테라시스,2026-08-31,5400.0,8661,1.14
450950,아스테라시스,2026-09-01,5360.0,9806,1.13
450950,아스테라시스,2026-09-02,5130.0,12104,1.11
450950,아스테라시스,2026-09-03,5100.0,13930,1.1
450950,아스테라시스,2026-09-04,5130.0,9196,1.12
450950,아스테라시스,2026-09-07,5270.0,13154,1.12
450950,아스테라시스,2026-09-08,5230.0,11522,1.11
450950,아스테라시스,2026-09-09,5230.0,4771,1.1
450950,아스테라시스,2026-09-10,4940.0,54289,1.06
450950,아스테라시스,2026-09-11,4950.0,13688,1.08
450950,아스테라시스,2026-09-14,5160.0,23781,1.15
450950,아스테라시스,2026-09-15,5260.0,11741,1.11
450950,아스테라시스,2026-09-16,5100.0,8497,1.11
450950,아스테라시스,2026-09-17,5180.0,4554,1.1
450950,아스테라시스,2026-09-18,5200.0,10973,1.11
450950,아스테라시스,2026-09-21,5110.0,13193,1.1
450950,아스테라시스,2026-09-22,5200.0,23522,1.12
450950,아스테라시스,2026-09-23,5280.0,22290,1.1
450950,아스테라시스,2026-09-28,5740.0,130495,1.08
450950,아스테라시스,2026-09-29,5580.0,19941,1.09
450950,아스테라시스,2026-09-30,6010.0,332962,0.85
450950,아스테라시스,2026-10-01,6380.0,208243,0.87
450950,아스테라시스,2026-10-02,6350.0,100373,0.87
456040,OCI,2026-06-09,108500.0,42938,
456040,OCI,2026-06-10,105400.0,37857,
456040,OCI,2026-06-11,106100.0,192924,
456040,OCI,2026-06-12,105300.0,79019,
456040,OCI,2026-06-15,97600.0,156289,
456040,OCI,2026-06-16,106600.0,145425,
456040,OCI,2026-06-17,107700.0,109066,
456040,OCI,2026-06-18,104600.0,66901,
456040,OCI,2026-06-19,99200.0,56193,
456040,OCI,2026-06-22,99300.0,69519,
456040,OCI,2026-06-23,92400.0,44893,
456040,OCI,2026-06-24,91800.0,45703,
456040,OCI,2026-06-25,89000.0,45638,
456040,OCI,2026-06-26,81800.0,55419,
456040,OCI,2026-06-29,95300.0,60939,
456040,OCI,2026-06-30,94500.0,30358,
456040,OCI,2026-07-01,100100.0,60562,
456040,OCI,2026-07-02,93000.0,70915,
456040,OCI,2026-07-03,92400.0,42239,
456040,OCI,2026-07-06,91600.0,33712,
456040,OCI,2026-07-07,90200.0,38184,
456040,OCI,2026-07-08,83700.0,33270,
456040,OCI,2026-07-09,85900.0,39493,
456040,OCI,2026-07-10,89400.0,24024,
456040,OCI,2026-07-13,92100.0,74830,
456040,OCI,2026-07-14,87000.0,67108,
456040,OCI,2026-07-15,90300.0,29896,
456040,OCI,2026-07-16,89800.0,47301,
456040,OCI,2026-07-20,85800.0,25421,
456040,OCI,2026-07-21,84600.0,29925,
456040,OCI,2026-07-22,83500.0,52677,
456040,OCI,2026-07-23,88300.0,288945,
456040,OCI,2026-07-24,76700.0,155458,10.61
456040,OCI,2026-07-27,72200.0,75917,10.37
456040,OCI,2026-07-28,66900.0,69855,10.6
456040,OCI,2026-07-29,62000.0,121428,11.05
456040,OCI,2026-07-30,62200.0,67995,11.25
456040,OCI,2026-07-31,68900.0,73714,11.45
456040,OCI,2026-08-03,70300.0,38732,11.45
456040,OCI,2026-08-04,72600.0,47589,11.44
456040,OCI,2026-08-05,76600.0,61285,11.44
456040,OCI,2026-08-06,76800.0,48598,11.59
456040,OCI,2026-08-07,77400.0,98613,11.18
456040,OCI,2026-08-10,77400.0,82646,11.07
456040,OCI,2026-08-11,78600.0,55784,11.28
456040,OCI,2026-08-12,79000.0,31134,11.33
456040,OCI,2026-08-13,80500.0,55062,11.43
456040,OCI,2026-08-14,80900.0,30605,11.4
456040,OCI,2026-08-18,79800.0,46848,11.28
456040,OCI,2026-08-19,79700.0,45210,11.52
456040,OCI,2026-08-20,80800.0,44057,11.72
456040,OCI,2026-08-21,80100.0,82006,11.23
456040,OCI,2026-08-24,80200.0,15401,11.24
456040,OCI,2026-08-25,80700.0,30000,11.33
456040,OCI,2026-08-26,80600.0,21876,11.22
456040,OCI,2026-08-27,80100.0,24627,11.19
456040,OCI,2026-08-28,82000.0,32894,11.4
456040,OCI,2026-08-31,82900.0,33845,11.46
456040,OCI,2026-09-01,80700.0,31155,11.22
456040,OCI,2026-09-02,78400.0,58275,10.75
456040,OCI,2026-09-03,79800.0,23994,10.77
456040,OCI,2026-09-04,79300.0,25058,10.57
456040,OCI,2026-09-07,81800.0,30938,10.68
456040,OCI,2026-09-08,80000.0,50581,10.36
456040,OCI,2026-09-09,80600.0,18270,10.41
456040,OCI,2026-09-10,80500.0,24791,10.54
456040,OCI,2026-09-11,80200.0,14484,10.5
456040,OCI,2026-09-14,76600.0,29190,10.28
456040,OCI,2026-09-15,74600.0,27434,10.31
456040,OCI,2026-09-16,73200.0,21687,10.34
456040,OCI,2026-09-17,75000.0,40828,10.39
456040,OCI,2026-09-18,75300.0,25561,10.4
456040,OCI,2026-09-21,74700.0,19775,10.29
456040,OCI,2026-09-22,73600.0,21890,10.21
456040,OCI,2026-09-23,76900.0,38579,10.36
456040,OCI,2026-09-28,79600.0,51468,10.49
456040,OCI,2026-09-29,75300.0,27630,10.27
456040,OCI,2026-09-30,75600.0,15834,10.3
456040,OCI,2026-10-01,73500.0,39682,10.71
456040,OCI,2026-10-02,74100.0,35070,10.77
475960,토모큐브,2026-06-09,37600.0,64311,
475960,토모큐브,2026-06-10,36800.0,50540,
475960,토모큐브,2026-06-11,38500.0,63468,
475960,토모큐브,2026-06-12,37600.0,55138,
475960,토모큐브,2026-06-15,38300.0,36873,
475960,토모큐브,2026-06-16,38850.0,30781,
475960,토모큐브,2026-06-17,39950.0,58010,
475960,토모큐브,2026-06-18,38000.0,57209,
475960,토모큐브,2026-06-19,36700.0,51769,
475960,토모큐브,2026-06-22,35650.0,47778,
475960,토모큐브,2026-06-23,34300.0,54581,
475960,토모큐브,2026-06-24,36550.0,40612,
475960,토모큐브,2026-06-25,35100.0,43002,
475960,토모큐브,2026-06-26,32050.0,50051,
475960,토모큐브,2026-06-29,37800.0,66445,
475960,토모큐브,2026-06-30,36400.0,49367,
475960,토모큐브,2026-07-01,35350.0,51746,
475960,토모큐브,2026-07-02,33500.0,53171,
475960,토모큐브,2026-07-03,34100.0,37709,
475960,토모큐브,2026-07-06,33250.0,20491,
475960,토모큐브,2026-07-07,34950.0,63491,
475960,토모큐브,2026-07-08,32450.0,52093,
475960,토모큐브,2026-07-09,31650.0,28017,
475960,토모큐브,2026-07-10,33700.0,44399,
475960,토모큐브,2026-07-13,33250.0,69920,
475960,토모큐브,2026-07-14,34750.0,84009,
475960,토모큐브,2026-07-15,38000.0,73818,
475960,토모큐브,2026-07-16,36750.0,56467,
475960,토모큐브,2026-07-20,36300.0,54352,
475960,토모큐브,2026-07-21,36000.0,31549,
475960,토모큐브,2026-07-22,35000.0,40172,
475960,토모큐브,2026-07-23,35850.0,25099,
475960,토모큐브,2026-07-24,34400.0,33037,2.18
475960,토모큐브,2026-07-27,34550.0,25066,2.17
475960,토모큐브,2026-07-28,31450.0,54109,2.02
475960,토모큐브,2026-07-29,29500.0,73847,2.07
475960,토모큐브,2026-07-30,29600.0,54940,2.06
475960,토모큐브,2026-07-31,32500.0,36178,2.17
475960,토모큐브,2026-08-03,32950.0,32198,2.28
475960,토모큐브,2026-08-04,36450.0,53186,2.44
475960,토모큐브,2026-08-05,35950.0,32413,2.31
475960,토모큐브,2026-08-06,36900.0,28554,2.25
475960,토모큐브,2026-08-07,37000.0,31761,2.26
475960,토모큐브,2026-08-10,39000.0,49069,2.3
475960,토모큐브,2026-08-11,39100.0,22575,2.27
475960,토모큐브,2026-08-12,38900.0,25684,2.26
475960,토모큐브,2026-08-13,38950.0,20199,2.24
475960,토모큐브,2026-08-14,36200.0,54522,2.08
475960,토모큐브,2026-08-18,32700.0,71362,2.07
475960,토모큐브,2026-08-19,31550.0,64022,2.18
475960,토모큐브,2026-08-20,30800.0,51390,1.99
475960,토모큐브,2026-08-21,28850.0,61054,1.77
475960,토모큐브,2026-08-24,32500.0,65653,1.84
475960,토모큐브,2026-08-25,31250.0,32816,1.77
475960,토모큐브,2026-08-26,31900.0,26169,1.75
475960,토모큐브,2026-08-27,30800.0,22774,1.64
475960,토모큐브,2026-08-28,30050.0,23224,1.57
475960,토모큐브,2026-08-31,30500.0,32733,1.52
475960,토모큐브,2026-09-01,29450.0,33300,1.49
475960,토모큐브,2026-09-02,28600.0,21240,1.45
475960,토모큐브,2026-09-03,27250.0,50998,1.39
475960,토모큐브,2026-09-04,28100.0,33765,1.5
475960,토모큐브,2026-09-07,28200.0,31530,1.62
475960,토모큐브,2026-09-08,28600.0,22388,1.61
475960,토모큐브,2026-09-09,28450.0,11407,1.64
475960,토모큐브,2026-09-10,27650.0,24094,1.66
475960,토모큐브,2026-09-11,27250.0,17104,1.67
475960,토모큐브,2026-09-14,26600.0,28555,1.73
475960,토모큐브,2026-09-15,27050.0,15238,1.8
475960,토모큐브,2026-09-16,27500.0,31863,1.88
475960,토모큐브,2026-09-17,28100.0,14452,1.84
475960,토모큐브,2026-09-18,27350.0,19535,1.79
475960,토모큐브,2026-09-21,27600.0,14412,1.84
475960,토모큐브,2026-09-22,27500.0,14562,1.83
475960,토모큐브,2026-09-23,27900.0,15718,1.88
475960,토모큐브,2026-09-28,30900.0,138115,2.09
475960,토모큐브,2026-09-29,31850.0,53784,1.95
475960,토모큐브,2026-09-30,34750.0,113951,2.1
475960,토모큐브,2026-10-01,36550.0,86298,1.97
475960,토모큐브,2026-10-02,34600.0,74412,2.03
478560,블랙야크아이앤씨,2026-06-09,2685.0,38880,
478560,블랙야크아이앤씨,2026-06-10,2595.0,51893,
478560,블랙야크아이앤씨,2026-06-11,2700.0,23696,
478560,블랙야크아이앤씨,2026-06-12,2840.0,19920,
478560,블랙야크아이앤씨,2026-06-15,2880.0,12924,
478560,블랙야크아이앤씨,2026-06-16,2805.0,21920,
478560,블랙야크아이앤씨,2026-06-17,2820.0,16570,
478560,블랙야크아이앤씨,2026-06-18,2800.0,31072,
478560,블랙야크아이앤씨,2026-06-19,2785.0,143525,
478560,블랙야크아이앤씨,2026-06-22,2760.0,100479,
478560,블랙야크아이앤씨,2026-06-23,2630.0,73815,
478560,블랙야크아이앤씨,2026-06-24,2805.0,72428,
478560,블랙야크아이앤씨,2026-06-25,2785.0,33770,
478560,블랙야크아이앤씨,2026-06-26,2730.0,30379,
478560,블랙야크아이앤씨,2026-06-29,2810.0,40732,
478560,블랙야크아이앤씨,2026-06-30,2805.0,25592,
478560,블랙야크아이앤씨,2026-07-01,2890.0,16887,
478560,블랙야크아이앤씨,2026-07-02,2800.0,33001,
478560,블랙야크아이앤씨,2026-07-03,2720.0,101881,
478560,블랙야크아이앤씨,2026-07-06,2690.0,4298,
478560,블랙야크아이앤씨,2026-07-07,2645.0,19707,
478560,블랙야크아이앤씨,2026-07-08,2585.0,10068,
478560,블랙야크아이앤씨,2026-07-09,2530.0,12286,
478560,블랙야크아이앤씨,2026-07-10,2570.0,10775,
478560,블랙야크아이앤씨,2026-07-13,2470.0,244479,
478560,블랙야크아이앤씨,2026-07-14,2410.0,43016,
478560,블랙야크아이앤씨,2026-07-15,2475.0,13691,
478560,블랙야크아이앤씨,2026-07-16,2590.0,30201,
478560,블랙야크아이앤씨,2026-07-20,2445.0,21342,
478560,블랙야크아이앤씨,2026-07-21,2470.0,14769,
478560,블랙야크아이앤씨,2026-07-22,2485.0,7632,
478560,블랙야크아이앤씨,2026-07-23,2485.0,14928,
478560,블랙야크아이앤씨,2026-07-24,2480.0,49432,0.89
478560,블랙야크아이앤씨,2026-07-27,2500.0,10841,0.9
478560,블랙야크아이앤씨,2026-07-28,2470.0,46111,0.92
478560,블랙야크아이앤씨,2026-07-29,2320.0,43668,0.9
478560,블랙야크아이앤씨,2026-07-30,2295.0,89475,0.96
478560,블랙야크아이앤씨,2026-07-31,2440.0,47567,0.9
478560,블랙야크아이앤씨,2026-08-03,2565.0,60575,0.92
478560,블랙야크아이앤씨,2026-08-04,2635.0,19034,0.93
478560,블랙야크아이앤씨,2026-08-05,2700.0,12481,0.92
478560,블랙야크아이앤씨,2026-08-06,2770.0,13074,0.93
478560,블랙야크아이앤씨,2026-08-07,2755.0,20424,0.92
478560,블랙야크아이앤씨,2026-08-10,2865.0,23432,0.91
478560,블랙야크아이앤씨,2026-08-11,2880.0,8906,0.92
478560,블랙야크아이앤씨,2026-08-12,2885.0,13320,0.92
478560,블랙야크아이앤씨,2026-08-13,2795.0,21906,0.9
478560,블랙야크아이앤씨,2026-08-14,2705.0,61067,0.95
478560,블랙야크아이앤씨,2026-08-18,2605.0,57759,1.01
478560,블랙야크아이앤씨,2026-08-19,2690.0,42390,1.01
478560,블랙야크아이앤씨,2026-08-20,2745.0,11311,1.0
478560,블랙야크아이앤씨,2026-08-21,2745.0,15644,0.99
478560,블랙야크아이앤씨,2026-08-24,2805.0,4734,0.98
478560,블랙야크아이앤씨,2026-08-25,2735.0,8278,0.95
478560,블랙야크아이앤씨,2026-08-26,2690.0,15939,0.94
478560,블랙야크아이앤씨,2026-08-27,3170.0,3711098,1.28
478560,블랙야크아이앤씨,2026-08-28,3355.0,722193,1.6
478560,블랙야크아이앤씨,2026-08-31,3305.0,120462,1.59
478560,블랙야크아이앤씨,2026-09-01,3355.0,52457,1.61
478560,블랙야크아이앤씨,2026-09-02,3260.0,37883,1.61
478560,블랙야크아이앤씨,2026-09-03,3140.0,37032,1.61
478560,블랙야크아이앤씨,2026-09-04,3130.0,36173,1.62
478560,블랙야크아이앤씨,2026-09-07,3190.0,35080,1.8
478560,블랙야크아이앤씨,2026-09-08,3090.0,138983,1.92
478560,블랙야크아이앤씨,2026-09-09,3100.0,51369,1.9
478560,블랙야크아이앤씨,2026-09-10,3060.0,43809,1.87
478560,블랙야크아이앤씨,2026-09-11,3145.0,40056,1.83
478560,블랙야크아이앤씨,2026-09-14,3145.0,9388,1.84
478560,블랙야크아이앤씨,2026-09-15,3120.0,19080,1.84
478560,블랙야크아이앤씨,2026-09-16,3055.0,10350,1.84
478560,블랙야크아이앤씨,2026-09-17,3060.0,30245,1.84
478560,블랙야크아이앤씨,2026-09-18,3145.0,54348,1.83
478560,블랙야크아이앤씨,2026-09-21,3265.0,63843,1.85
478560,블랙야크아이앤씨,2026-09-22,3195.0,59531,1.75
478560,블랙야크아이앤씨,2026-09-23,3195.0,15291,1.74
478560,블랙야크아이앤씨,2026-09-28,3245.0,27056,1.72
478560,블랙야크아이앤씨,2026-09-29,3350.0,123519,1.64
478560,블랙야크아이앤씨,2026-09-30,3275.0,35684,1.63
478560,블랙야크아이앤씨,2026-10-01,3405.0,50405,1.56
478560,블랙야크아이앤씨,2026-10-02,3395.0,27112,1.52
950160,코오롱티슈진,2026-06-09,102900.0,513657,
950160,코오롱티슈진,2026-06-10,99800.0,355714,
950160,코오롱티슈진,2026-06-11,103000.0,315836,
950160,코오롱티슈진,2026-06-12,102600.0,288922,
950160,코오롱티슈진,2026-06-15,104800.0,280884,
950160,코오롱티슈진,2026-06-16,105100.0,215647,
950160,코오롱티슈진,2026-06-17,112900.0,592306,
950160,코오롱티슈진,2026-06-18,106600.0,315224,
950160,코오롱티슈진,2026-06-19,102100.0,382302,
950160,코오롱티슈진,2026-06-22,101600.0,226629,
950160,코오롱티슈진,2026-06-23,95200.0,340033,
950160,코오롱티슈진,2026-06-24,101100.0,265096,
950160,코오롱티슈진,2026-06-25,100300.0,214066,
950160,코오롱티슈진,2026-06-26,95300.0,392444,
950160,코오롱티슈진,2026-06-29,97400.0,574652,
950160,코오롱티슈진,2026-06-30,93600.0,305448,
950160,코오롱티슈진,2026-07-01,93000.0,286779,
950160,코오롱티슈진,2026-07-02,87100.0,370768,
950160,코오롱티슈진,2026-07-03,90300.0,485521,
950160,코오롱티슈진,2026-07-06,88300.0,338769,
950160,코오롱티슈진,2026-07-07,94400.0,414028,
950160,코오롱티슈진,2026-07-08,87000.0,323261,
950160,코오롱티슈진,2026-07-09,87300.0,174708,
950160,코오롱티슈진,2026-07-10,90000.0,327640,
950160,코오롱티슈진,2026-07-13,76600.0,588281,
950160,코오롱티슈진,2026-07-14,72900.0,1102024,
950160,코오롱티슈진,2026-07-15,77900.0,326541,
950160,코오롱티슈진,2026-07-16,62100.0,1598652,
950160,코오롱티슈진,2026-07-20,61200.0,614210,
950160,코오롱티슈진,2026-07-21,42900.0,31954,
950160,코오롱티슈진,2026-07-22,30050.0,103289,
950160,코오롱티슈진,2026-07-23,21050.0,350072,
950160,코오롱티슈진,2026-07-24,15000.0,25764011,4.42
950160,코오롱티슈진,2026-07-27,15910.0,15694350,5.29
950160,코오롱티슈진,2026-07-28,14560.0,5094740,4.76
950160,코오롱티슈진,2026-07-29,13200.0,3257491,5.27
950160,코오롱티슈진,2026-07-30,11670.0,3203091,5.83
950160,코오롱티슈진,2026-07-31,13000.0,2512260,6.12
950160,코오롱티슈진,2026-08-03,14290.0,4776944,5.99
950160,코오롱티슈진,2026-08-04,15920.0,4213681,5.88
950160,코오롱티슈진,2026-08-05,18660.0,9996523,5.35
950160,코오롱티슈진,2026-08-06,17570.0,4909631,4.72
950160,코오롱티슈진,2026-08-07,17660.0,2331270,4.77
950160,코오롱티슈진,2026-08-10,19330.0,4463304,5.18
950160,코오롱티슈진,2026-08-11,19620.0,2094707,5.09
950160,코오롱티슈진,2026-08-12,21350.0,3758607,5.29
950160,코오롱티슈진,2026-08-13,25600.0,6219286,5.37
950160,코오롱티슈진,2026-08-14,28550.0,9800839,4.52
950160,코오롱티슈진,2026-08-18,27600.0,3531408,4.05
950160,코오롱티슈진,2026-08-19,25900.0,2252154,3.95
950160,코오롱티슈진,2026-08-20,21650.0,8164818,4.08
950160,코오롱티슈진,2026-08-21,20750.0,2181425,3.9
950160,코오롱티슈진,2026-08-24,20350.0,2567484,4.28
950160,코오롱티슈진,2026-08-25,19760.0,1312917,4.27
950160,코오롱티슈진,2026-08-26,18850.0,1643117,4.25
950160,코오롱티슈진,2026-08-27,18740.0,1475150,4.21
950160,코오롱티슈진,2026-08-28,18710.0,1941835,3.87
950160,코오롱티슈진,2026-08-31,17620.0,1046333,3.81
950160,코오롱티슈진,2026-09-01,17940.0,1291293,3.65
950160,코오롱티슈진,2026-09-02,17900.0,1070712,3.67
950160,코오롱티슈진,2026-09-03,16910.0,1100077,3.5
950160,코오롱티슈진,2026-09-04,17100.0,704670,3.67
950160,코오롱티슈진,2026-09-07,17420.0,679798,3.72
950160,코오롱티슈진,2026-09-08,17470.0,978154,3.66
950160,코오롱티슈진,2026-09-09,17470.0,566169,3.68
950160,코오롱티슈진,2026-09-10,17260.0,464769,3.67
950160,코오롱티슈진,2026-09-11,16850.0,407885,3.66
950160,코오롱티슈진,2026-09-14,16160.0,456809,3.7
950160,코오롱티슈진,2026-09-15,16180.0,408211,3.68
950160,코오롱티슈진,2026-09-16,15830.0,434331,3.87
950160,코오롱티슈진,2026-09-17,16350.0,401730,3.92
950160,코오롱티슈진,2026-09-18,15970.0,467675,3.83
950160,코오롱티슈진,2026-09-21,15380.0,935820,3.94
950160,코오롱티슈진,2026-09-22,15380.0,513023,3.97
950160,코오롱티슈진,2026-09-23,15890.0,674023,4.26
950160,코오롱티슈진,2026-09-28,16340.0,1015364,4.12
950160,코오롱티슈진,2026-09-29,15260.0,993891,3.67
950160,코오롱티슈진,2026-09-30,15430.0,408099,3.72
950160,코오롱티슈진,2026-10-01,16320.0,814322,4.13
950160,코오롱티슈진,2026-10-02,16230.0,425246,4.1
001040,CJ,2026-06-09,179800.0,219823,
001040,CJ,2026-06-10,170200.0,173140,
001040,CJ,2026-06-11,173000.0,186526,
001040,CJ,2026-06-12,174500.0,189257,
001040,CJ,2026-06-15,174300.0,148371,
001040,CJ,2026-06-16,186800.0,230627,
001040,CJ,2026-06-17,183000.0,92996,
001040,CJ,2026-06-18,183500.0,151450,
001040,CJ,2026-06-19,178200.0,118846,
001040,CJ,2026-06-22,168600.0,118293,
001040,CJ,2026-06-23,159000.0,127596,
001040,CJ,2026-06-24,161400.0,101953,
001040,CJ,2026-06-25,159400.0,105294,
001040,CJ,2026-06-26,150000.0,97001,
001040,CJ,2026-06-29,160300.0,89562,
001040,CJ,2026-06-30,154700.0,82278,
001040,CJ,2026-07-01,160000.0,76692,
001040,CJ,2026-07-02,163300.0,105216,
001040,CJ,2026-07-03,155100.0,164971,
001040,CJ,2026-07-06,152000.0,92720,
001040,CJ,2026-07-07,153600.0,133353,
001040,CJ,2026-07-08,142300.0,146960,
001040,CJ,2026-07-09,137100.0,161151,
001040,CJ,2026-07-10,142200.0,146570,
001040,CJ,2026-07-13,142600.0,110756,
001040,CJ,2026-07-14,134500.0,134896,
001040,CJ,2026-07-15,134500.0,190143,
001040,CJ,2026-07-16,135700.0,103393,
001040,CJ,2026-07-20,128700.0,90113,
001040,CJ,2026-07-21,130100.0,72253,
001040,CJ,2026-07-22,131900.0,66582,
001040,CJ,2026-07-23,133700.0,126775,
001040,CJ,2026-07-24,132200.0,103364,
001040,CJ,2026-07-27,133900.0,109662,
001040,CJ,2026-07-28,125400.0,74868,
001040,CJ,2026-07-29,124400.0,160442,
001040,CJ,2026-07-30,124200.0,129144,
001040,CJ,2026-07-31,129400.0,131137,
001040,CJ,2026-08-03,131100.0,76787,
001040,CJ,2026-08-04,132000.0,117849,17.42
001040,CJ,2026-08-05,137800.0,138862,17.54
001040,CJ,2026-08-06,145900.0,125881,17.61
001040,CJ,2026-08-07,145700.0,65244,17.63
001040,CJ,2026-08-10,145700.0,49682,17.63
001040,CJ,2026-08-11,135800.0,158239,17.49
001040,CJ,2026-08-12,138300.0,137053,17.5
001040,CJ,2026-08-13,137600.0,121358,17.39
001040,CJ,2026-08-14,138100.0,158621,17.53
001040,CJ,2026-08-18,126900.0,229848,17.36
001040,CJ,2026-08-19,122800.0,172635,17.49
001040,CJ,2026-08-20,122900.0,133321,17.52
001040,CJ,2026-08-21,121300.0,212635,17.8
001040,CJ,2026-08-24,127200.0,151170,17.98
001040,CJ,2026-08-25,128200.0,100043,18.01
001040,CJ,2026-08-26,130800.0,90024,18.14
001040,CJ,2026-08-27,126600.0,68251,18.07
001040,CJ,2026-08-28,130500.0,65030,18.15
001040,CJ,2026-08-31,129900.0,98783,18.11
001040,CJ,2026-09-01,133600.0,128290,18.09
001040,CJ,2026-09-02,130300.0,167059,17.85
001040,CJ,2026-09-03,128500.0,107042,17.8
001040,CJ,2026-09-04,131400.0,94879,17.83
001040,CJ,2026-09-07,132700.0,85287,17.85
001040,CJ,2026-09-08,131000.0,109387,17.93
001040,CJ,2026-09-09,130500.0,134018,17.96
001040,CJ,2026-09-10,127700.0,159868,18.1
001040,CJ,2026-09-11,128300.0,82652,18.18
001040,CJ,2026-09-14,132300.0,188435,18.24
001040,CJ,2026-09-15,131200.0,59887,18.2
001040,CJ,2026-09-16,130800.0,79442,18.12
001040,CJ,2026-09-17,131000.0,105351,18.1
001040,CJ,2026-09-18,127500.0,224727,18.02
001040,CJ,2026-09-21,128300.0,67193,18.11
001040,CJ,2026-09-22,129100.0,98171,18.16
001040,CJ,2026-09-23,130000.0,84944,18.21
001040,CJ,2026-09-28,133300.0,114286,18.51
001040,CJ,2026-09-29,136500.0,132416,18.54
001040,CJ,2026-09-30,134400.0,79874,18.51
001040,CJ,2026-10-01,131200.0,70448,18.46
001040,CJ,2026-10-02,131000.0,48555,18.42
005740,크라운해태홀딩스,2026-06-09,5720.0,41990,
005740,크라운해태홀딩스,2026-06-10,5610.0,61475,
005740,크라운해태홀딩스,2026-06-11,5710.0,10904,
005740,크라운해태홀딩스,2026-06-12,5870.0,13615,
005740,크라운해태홀딩스,2026-06-15,5940.0,15147,
005740,크라운해태홀딩스,2026-06-16,5850.0,17605,
005740,크라운해태홀딩스,2026-06-17,5960.0,156387,
005740,크라운해태홀딩스,2026-06-18,5920.0,48082,
005740,크라운해태홀딩스,2026-06-19,5690.0,91872,
005740,크라운해태홀딩스,2026-06-22,5540.0,43629,
005740,크라운해태홀딩스,2026-06-23,5180.0,1357254,
005740,크라운해태홀딩스,2026-06-24,5450.0,127980,
005740,크라운해태홀딩스,2026-06-25,5470.0,57013,
005740,크라운해태홀딩스,2026-06-26,5290.0,82190,
005740,크라운해태홀딩스,2026-06-29,5640.0,67379,
005740,크라운해태홀딩스,2026-06-30,5500.0,22507,
005740,크라운해태홀딩스,2026-07-01,5730.0,17924,
005740,크라운해태홀딩스,2026-07-02,5660.0,17106,
005740,크라운해태홀딩스,2026-07-03,5680.0,21729,
005740,크라운해태홀딩스,2026-07-06,5650.0,8830,
005740,크라운해태홀딩스,2026-07-07,5590.0,55366,
005740,크라운해태홀딩스,2026-07-08,5460.0,27911,
005740,크라운해태홀딩스,2026-07-09,5460.0,23341,
005740,크라운해태홀딩스,2026-07-10,5600.0,28046,
005740,크라운해태홀딩스,2026-07-13,5550.0,17897,
005740,크라운해태홀딩스,2026-07-14,5490.0,67213,
005740,크라운해태홀딩스,2026-07-15,5630.0,26631,
005740,크라운해태홀딩스,2026-07-16,5670.0,18978,
005740,크라운해태홀딩스,2026-07-20,5550.0,12154,
005740,크라운해태홀딩스,2026-07-21,5530.0,12357,
005740,크라운해태홀딩스,2026-07-22,5550.0,12212,
005740,크라운해태홀딩스,2026-07-23,5690.0,12187,
005740,크라운해태홀딩스,2026-07-24,5680.0,10601,
005740,크라운해태홀딩스,2026-07-27,5750.0,17575,
005740,크라운해태홀딩스,2026-07-28,5510.0,24594,
005740,크라운해태홀딩스,2026-07-29,5270.0,63374,
005740,크라운해태홀딩스,2026-07-30,5300.0,26611,
005740,크라운해태홀딩스,2026-07-31,5450.0,12167,
005740,크라운해태홀딩스,2026-08-03,5470.0,23038,
005740,크라운해태홀딩스,2026-08-04,5650.0,8580,3.22
005740,크라운해태홀딩스,2026-08-05,5690.0,10257,3.17
005740,크라운해태홀딩스,2026-08-06,5600.0,40200,3.22
005740,크라운해태홀딩스,2026-08-07,5790.0,47560,3.23
005740,크라운해태홀딩스,2026-08-10,5780.0,13202,3.2
005740,크라운해태홀딩스,2026-08-11,5920.0,34720,3.12
005740,크라운해태홀딩스,2026-08-12,5860.0,9845,3.1
005740,크라운해태홀딩스,2026-08-13,5860.0,23582,3.02
005740,크라운해태홀딩스,2026-08-14,6010.0,60868,3.06
005740,크라운해태홀딩스,2026-08-18,5860.0,17737,3.04
005740,크라운해태홀딩스,2026-08-19,5860.0,23157,3.01
005740,크라운해태홀딩스,2026-08-20,5740.0,28542,3.06
005740,크라운해태홀딩스,2026-08-21,5730.0,31381,3.13
005740,크라운해태홀딩스,2026-08-24,5690.0,13701,3.15
005740,크라운해태홀딩스,2026-08-25,5790.0,8099,3.09
005740,크라운해태홀딩스,2026-08-26,5760.0,24825,3.08
005740,크라운해태홀딩스,2026-08-27,5680.0,8539,3.05
005740,크라운해태홀딩스,2026-08-28,5720.0,8472,3.07
005740,크라운해태홀딩스,2026-08-31,5780.0,9034,3.06
005740,크라운해태홀딩스,2026-09-01,5680.0,27813,3.11
005740,크라운해태홀딩스,2026-09-02,5650.0,42592,3.13
005740,크라운해태홀딩스,2026-09-03,5640.0,13115,3.12
005740,크라운해태홀딩스,2026-09-04,5660.0,3077,3.11
005740,크라운해태홀딩스,2026-09-07,5660.0,6355,3.1
005740,크라운해태홀딩스,2026-09-08,5650.0,21947,3.12
005740,크라운해태홀딩스,2026-09-09,5650.0,12728,3.07
005740,크라운해태홀딩스,2026-09-10,5650.0,4616,3.06
005740,크라운해태홀딩스,2026-09-11,5660.0,10198,3.09
005740,크라운해태홀딩스,2026-09-14,5650.0,10408,3.1
005740,크라운해태홀딩스,2026-09-15,5670.0,3378,3.1
005740,크라운해태홀딩스,2026-09-16,5620.0,9783,3.09
005740,크라운해태홀딩스,2026-09-17,5200.0,269126,2.81
005740,크라운해태홀딩스,2026-09-18,5240.0,25251,2.82
005740,크라운해태홀딩스,2026-09-21,5190.0,14407,2.82
005740,크라운해태홀딩스,2026-09-22,5220.0,18258,2.82
005740,크라운해태홀딩스,2026-09-23,5240.0,9577,2.83
005740,크라운해태홀딩스,2026-09-28,5220.0,24298,2.92
005740,크라운해태홀딩스,2026-09-29,5230.0,4483,2.91
005740,크라운해태홀딩스,2026-09-30,5160.0,10624,2.92
005740,크라운해태홀딩스,2026-10-01,5240.0,7472,2.9
005740,크라운해태홀딩스,2026-10-02,5250.0,8769,2.89
005930,삼성전자,2026-06-09,322000.0,30124249,
005930,삼성전자,2026-06-10,302500.0,27050362,
005930,삼성전자,2026-06-11,299000.0,31420307,
005930,삼성전자,2026-06-12,322500.0,31006148,
005930,삼성전자,2026-06-15,337000.0,21500067,
005930,삼성전자,2026-06-16,343000.0,17548685,
005930,삼성전자,2026-06-17,346500.0,18134051,
005930,삼성전자,2026-06-18,362500.0,32764450,
005930,삼성전자,2026-06-19,354000.0,43284898,
005930,삼성전자,2026-06-22,353500.0,24330451,
005930,삼성전자,2026-06-23,310000.0,41266630,
005930,삼성전자,2026-06-24,340500.0,47809959,
005930,삼성전자,2026-06-25,358500.0,36157158,
005930,삼성전자,2026-06-26,339500.0,39735951,
005930,삼성전자,2026-06-29,323000.0,35436521,
005930,삼성전자,2026-06-30,334000.0,29237216,
005930,삼성전자,2026-07-01,314500.0,24968382,
005930,삼성전자,2026-07-02,286000.0,38905074,
005930,삼성전자,2026-07-03,309500.0,31520538,
005930,삼성전자,2026-07-06,318000.0,23872879,
005930,삼성전자,2026-07-07,296000.0,32421032,
005930,삼성전자,2026-07-08,277500.0,33525758,
005930,삼성전자,2026-07-09,278000.0,29703616,
005930,삼성전자,2026-07-10,285000.0,20088811,
005930,삼성전자,2026-07-13,254500.0,31882652,
005930,삼성전자,2026-07-14,263000.0,40086496,
005930,삼성전자,2026-07-15,279500.0,24873414,
005930,삼성전자,2026-07-16,255000.0,27001478,
005930,삼성전자,2026-07-20,244000.0,26804038,
005930,삼성전자,2026-07-21,259000.0,20386896,
005930,삼성전자,2026-07-22,260500.0,22292003,
005930,삼성전자,2026-07-23,270000.0,16011816,
005930,삼성전자,2026-07-24,249500.0,26175580,
005930,삼성전자,2026-07-27,254000.0,23296044,
005930,삼성전자,2026-07-28,220000.0,41639623,
005930,삼성전자,2026-07-29,208500.0,65555523,
005930,삼성전자,2026-07-30,207000.0,46694193,
005930,삼성전자,2026-07-31,262500.0,58478873,
005930,삼성전자,2026-08-03,239500.0,27825493,
005930,삼성전자,2026-08-04,240000.0,29433821,46.63
005930,삼성전자,2026-08-05,246000.0,22577128,46.68
005930,삼성전자,2026-08-06,230500.0,26101823,46.63
005930,삼성전자,2026-08-07,231000.0,20546010,46.61
005930,삼성전자,2026-08-10,230000.0,16327805,46.53
005930,삼성전자,2026-08-11,239500.0,23310969,46.6
005930,삼성전자,2026-08-12,255500.0,27102479,46.71
005930,삼성전자,2026-08-13,268000.0,35530867,46.7
005930,삼성전자,2026-08-14,274500.0,21669476,46.8
005930,삼성전자,2026-08-18,268500.0,24464621,46.83
005930,삼성전자,2026-08-19,247500.0,22788552,46.75
005930,삼성전자,2026-08-20,271000.0,26095919,46.86
005930,삼성전자,2026-08-21,281500.0,27746471,46.87
005930,삼성전자,2026-08-24,257000.0,32451940,46.74
005930,삼성전자,2026-08-25,257000.0,21617407,46.65
005930,삼성전자,2026-08-26,261500.0,19532523,46.71
005930,삼성전자,2026-08-27,266000.0,16829395,46.75
005930,삼성전자,2026-08-28,257000.0,15106746,46.72
005930,삼성전자,2026-08-31,260000.0,18270969,46.72
005930,삼성전자,2026-09-01,261000.0,15319615,46.71
005930,삼성전자,2026-09-02,250500.0,15176841,46.69
005930,삼성전자,2026-09-03,250000.0,13756022,46.71
005930,삼성전자,2026-09-04,255500.0,14031862,46.73
005930,삼성전자,2026-09-07,270000.0,18314016,46.79
005930,삼성전자,2026-09-08,269500.0,22716517,46.85
005930,삼성전자,2026-09-09,269500.0,16370962,46.81
005930,삼성전자,2026-09-10,269000.0,22517075,46.71
005930,삼성전자,2026-09-11,259500.0,13939111,46.64
005930,삼성전자,2026-09-14,248500.0,17776098,46.57
005930,삼성전자,2026-09-15,250500.0,11435506,46.56
005930,삼성전자,2026-09-16,253500.0,11757106,46.52
005930,삼성전자,2026-09-17,256000.0,11827514,46.48
005930,삼성전자,2026-09-18,260000.0,17489615,46.46
005930,삼성전자,2026-09-21,275000.0,22261519,46.56
005930,삼성전자,2026-09-22,277500.0,18157410,46.55
005930,삼성전자,2026-09-23,286500.0,20864376,46.64
005930,삼성전자,2026-09-28,270000.0,21346064,46.52
005930,삼성전자,2026-09-29,275000.0,15963864,46.47
005930,삼성전자,2026-09-30,269500.0,16477580,46.4
005930,삼성전자,2026-10-01,274500.0,13741073,46.41
005930,삼성전자,2026-10-02,276000.0,11501250,46.41
009240,한샘,2026-06-09,29900.0,34016,
009240,한샘,2026-06-10,32200.0,112641,
009240,한샘,2026-06-11,32300.0,95829,
009240,한샘,2026-06-12,33200.0,56225,
009240,한샘,2026-06-15,34950.0,45683,
009240,한샘,2026-06-16,34950.0,48591,
009240,한샘,2026-06-17,35100.0,36528,
009240,한샘,2026-06-18,33850.0,48134,
009240,한샘,2026-06-19,33300.0,63163,
009240,한샘,2026-06-22,32500.0,65374,
009240,한샘,2026-06-23,31050.0,72841,
009240,한샘,2026-06-24,32000.0,51506,
009240,한샘,2026-06-25,32450.0,54904,
009240,한샘,2026-06-26,31550.0,55301,
009240,한샘,2026-06-29,33900.0,68075,
009240,한샘,2026-06-30,32800.0,44546,
009240,한샘,2026-07-01,33100.0,56839,
009240,한샘,2026-07-02,33500.0,47828,
009240,한샘,2026-07-03,33750.0,43249,
009240,한샘,2026-07-06,34200.0,45641,
009240,한샘,2026-07-07,35000.0,55532,
009240,한샘,2026-07-08,34300.0,43768,
009240,한샘,2026-07-09,35200.0,71977,
009240,한샘,2026-07-10,34800.0,36163,
009240,한샘,2026-07-13,34800.0,38611,
009240,한샘,2026-07-14,35100.0,56088,
009240,한샘,2026-07-15,34900.0,42746,
009240,한샘,2026-07-16,35400.0,37338,
009240,한샘,2026-07-20,35700.0,40688,
009240,한샘,2026-07-21,35300.0,31486,
009240,한샘,2026-07-22,36450.0,39810,
009240,한샘,2026-07-23,37550.0,47432,
009240,한샘,2026-07-24,38000.0,45237,
009240,한샘,2026-07-27,38700.0,47648,
009240,한샘,2026-07-28,38100.0,51580,
009240,한샘,2026-07-29,37650.0,59791,
009240,한샘,2026-07-30,39150.0,65315,
009240,한샘,2026-07-31,38900.0,60702,
009240,한샘,2026-08-03,37800.0,34034,
009240,한샘,2026-08-04,39000.0,30774,13.28
009240,한샘,2026-08-05,38650.0,27056,13.28
009240,한샘,2026-08-06,40250.0,42872,13.34
009240,한샘,2026-08-07,40850.0,34810,13.35
009240,한샘,2026-08-10,41200.0,35662,13.34
009240,한샘,2026-08-11,42300.0,60608,13.32
009240,한샘,2026-08-12,39950.0,57650,13.3
009240,한샘,2026-08-13,38050.0,100938,13.17
009240,한샘,2026-08-14,40500.0,60279,13.37
009240,한샘,2026-08-18,39900.0,60806,13.36
009240,한샘,2026-08-19,39450.0,47326,13.34
009240,한샘,2026-08-20,37650.0,47687,13.21
009240,한샘,2026-08-21,38050.0,29862,13.2
009240,한샘,2026-08-24,39150.0,40437,13.22
009240,한샘,2026-08-25,39050.0,27420,13.18
009240,한샘,2026-08-26,39950.0,33143,13.19
009240,한샘,2026-08-27,38850.0,33605,13.07
009240,한샘,2026-08-28,39700.0,33854,13.08
009240,한샘,2026-08-31,39200.0,263761,13.04
009240,한샘,2026-09-01,38400.0,26940,12.96
009240,한샘,2026-09-02,37750.0,25131,12.93
009240,한샘,2026-09-03,37000.0,41429,12.89
009240,한샘,2026-09-04,37400.0,24270,12.84
009240,한샘,2026-09-07,38200.0,34839,12.84
009240,한샘,2026-09-08,38900.0,24317,12.81
009240,한샘,2026-09-09,38950.0,19924,12.77
009240,한샘,2026-09-10,39200.0,32827,12.76
009240,한샘,2026-09-11,39350.0,26708,12.77
009240,한샘,2026-09-14,39250.0,23926,12.8
009240,한샘,2026-09-15,38900.0,22675,12.74
009240,한샘,2026-09-16,39100.0,19325,12.71
009240,한샘,2026-09-17,38950.0,19947,12.68
009240,한샘,2026-09-18,39100.0,28679,12.66
009240,한샘,2026-09-21,39350.0,20569,12.65
009240,한샘,2026-09-22,39350.0,19328,12.63
009240,한샘,2026-09-23,39650.0,20952,12.59
009240,한샘,2026-09-28,40400.0,43562,12.69
009240,한샘,2026-09-29,39750.0,23166,12.66
009240,한샘,2026-09-30,38850.0,28339,12.6
009240,한샘,2026-10-01,38950.0,21892,12.57
009240,한샘,2026-10-02,39550.0,22829,12.55
009290,광동제약,2026-06-09,6240.0,170209,
009290,광동제약,2026-06-10,6140.0,120739,
009290,광동제약,2026-06-11,6280.0,111025,
009290,광동제약,2026-06-12,6380.0,118168,
009290,광동제약,2026-06-15,6300.0,196694,
009290,광동제약,2026-06-16,6290.0,127593,
009290,광동제약,2026-06-17,6210.0,207349,
009290,광동제약,2026-06-18,6050.0,291755,
009290,광동제약,2026-06-19,5770.0,415844,
009290,광동제약,2026-06-22,5650.0,291680,
009290,광동제약,2026-06-23,5340.0,305472,
009290,광동제약,2026-06-24,5570.0,317317,
009290,광동제약,2026-06-25,5420.0,179011,
009290,광동제약,2026-06-26,5270.0,213267,
009290,광동제약,2026-06-29,5760.0,215980,
009290,광동제약,2026-06-30,5630.0,110896,
009290,광동제약,2026-07-01,5780.0,131064,
009290,광동제약,2026-07-02,5870.0,308500,
009290,광동제약,2026-07-03,6020.0,198683,
009290,광동제약,2026-07-06,6130.0,244192,
009290,광동제약,2026-07-07,6300.0,415169,
009290,광동제약,2026-07-08,6050.0,262408,
009290,광동제약,2026-07-09,6100.0,189144,
009290,광동제약,2026-07-10,6290.0,192603,
009290,광동제약,2026-07-13,6000.0,302653,
009290,광동제약,2026-07-14,5950.0,218215,
009290,광동제약,2026-07-15,6180.0,149346,
009290,광동제약,2026-07-16,6100.0,193555,
009290,광동제약,2026-07-20,5990.0,119669,
009290,광동제약,2026-07-21,5880.0,122514,
009290,광동제약,2026-07-22,5850.0,130813,
009290,광동제약,2026-07-23,5920.0,73999,
009290,광동제약,2026-07-24,5930.0,125658,
009290,광동제약,2026-07-27,6050.0,161235,
009290,광동제약,2026-07-28,5920.0,189023,
009290,광동제약,2026-07-29,5620.0,264511,
009290,광동제약,2026-07-30,5820.0,172158,
009290,광동제약,2026-07-31,6050.0,167458,
009290,광동제약,2026-08-03,6080.0,147584,
009290,광동제약,2026-08-04,6170.0,171104,16.72
009290,광동제약,2026-08-05,6180.0,140500,16.74
009290,광동제약,2026-08-06,6410.0,244507,16.77
009290,광동제약,2026-08-07,6460.0,124052,16.79
009290,광동제약,2026-08-10,6630.0,139913,16.82
009290,광동제약,2026-08-11,6720.0,199484,16.88
009290,광동제약,2026-08-12,6670.0,153008,16.83
009290,광동제약,2026-08-13,6220.0,425102,16.56
009290,광동제약,2026-08-14,6320.0,161437,16.58
009290,광동제약,2026-08-18,6100.0,174639,16.49
009290,광동제약,2026-08-19,6120.0,117880,16.43
009290,광동제약,2026-08-20,6150.0,152034,16.39
009290,광동제약,2026-08-21,5950.0,154825,16.31
009290,광동제약,2026-08-24,6200.0,113948,16.31
009290,광동제약,2026-08-25,6220.0,99578,16.3
009290,광동제약,2026-08-26,6320.0,156176,16.28
009290,광동제약,2026-08-27,6330.0,132015,16.22
009290,광동제약,2026-08-28,6550.0,158504,16.22
009290,광동제약,2026-08-31,6390.0,135086,16.2
009290,광동제약,2026-09-01,6430.0,87405,16.06
009290,광동제약,2026-09-02,6290.0,87507,15.91
009290,광동제약,2026-09-03,6340.0,114555,15.92
009290,광동제약,2026-09-04,6340.0,85593,16.12
009290,광동제약,2026-09-07,6280.0,96644,16.13
009290,광동제약,2026-09-08,6320.0,100772,16.15
009290,광동제약,2026-09-09,6350.0,61589,16.18
009290,광동제약,2026-09-10,6380.0,72345,16.19
009290,광동제약,2026-09-11,6340.0,78690,16.21
009290,광동제약,2026-09-14,6330.0,67354,16.22
009290,광동제약,2026-09-15,6380.0,81031,16.2
009290,광동제약,2026-09-16,6330.0,57152,16.2
009290,광동제약,2026-09-17,6450.0,73884,16.21
009290,광동제약,2026-09-18,6280.0,220463,16.09
009290,광동제약,2026-09-21,6430.0,164656,16.05
009290,광동제약,2026-09-22,6430.0,188084,15.99
009290,광동제약,2026-09-23,6380.0,83911,15.92
009290,광동제약,2026-09-28,6500.0,152593,15.93
009290,광동제약,2026-09-29,6340.0,202513,15.86
009290,광동제약,2026-09-30,6430.0,99014,15.86
009290,광동제약,2026-10-01,6570.0,162418,15.88
009290,광동제약,2026-10-02,6580.0,137178,15.79
010140,삼성중공업,2026-06-09,25850.0,5590102,
010140,삼성중공업,2026-06-10,26000.0,5349329,
010140,삼성중공업,2026-06-11,25300.0,5283301,
010140,삼성중공업,2026-06-12,26900.0,4967296,
010140,삼성중공업,2026-06-15,28650.0,4610656,
010140,삼성중공업,2026-06-16,28100.0,4700796,
010140,삼성중공업,2026-06-17,28950.0,5929084,
010140,삼성중공업,2026-06-18,27700.0,3766273,
010140,삼성중공업,2026-06-19,27550.0,6326331,
010140,삼성중공업,2026-06-22,26200.0,3240196,
010140,삼성중공업,2026-06-23,24300.0,5128881,
010140,삼성중공업,2026-06-24,24600.0,3518694,
010140,삼성중공업,2026-06-25,23800.0,3505032,
010140,삼성중공업,2026-06-26,23000.0,6379087,
010140,삼성중공업,2026-06-29,24450.0,4245846,
010140,삼성중공업,2026-06-30,23300.0,4048562,
010140,삼성중공업,2026-07-01,23750.0,3891175,
010140,삼성중공업,2026-07-02,22950.0,5226906,
010140,삼성중공업,2026-07-03,23500.0,4305380,
010140,삼성중공업,2026-07-06,23700.0,3769248,
010140,삼성중공업,2026-07-07,22450.0,4800796,
010140,삼성중공업,2026-07-08,21150.0,5522584,
010140,삼성중공업,2026-07-09,20950.0,5401486,
010140,삼성중공업,2026-07-10,22350.0,4233790,
010140,삼성중공업,2026-07-13,22050.0,4077846,
010140,삼성중공업,2026-07-14,21250.0,4101468,
010140,삼성중공업,2026-07-15,21850.0,3085320,
010140,삼성중공업,2026-07-16,22300.0,3737922,
010140,삼성중공업,2026-07-20,20950.0,2595065,
010140,삼성중공업,2026-07-21,21250.0,2681627,
010140,삼성중공업,2026-07-22,21600.0,2980437,
010140,삼성중공업,2026-07-23,23650.0,4185660,
010140,삼성중공업,2026-07-24,22900.0,2926018,
010140,삼성중공업,2026-07-27,22650.0,3150931,
010140,삼성중공업,2026-07-28,20700.0,3471198,
010140,삼성중공업,2026-07-29,19400.0,6094913,
010140,삼성중공업,2026-07-30,20550.0,6072939,
010140,삼성중공업,2026-07-31,21350.0,4806652,
010140,삼성중공업,2026-08-03,20900.0,2460280,
010140,삼성중공업,2026-08-04,21650.0,3560045,29.18
010140,삼성중공업,2026-08-05,22200.0,2847757,29.12
010140,삼성중공업,2026-08-06,22100.0,2040531,29.12
010140,삼성중공업,2026-08-07,22050.0,2375368,29.1
010140,삼성중공업,2026-08-10,22550.0,2517614,29.09
010140,삼성중공업,2026-08-11,21800.0,2814939,28.99
010140,삼성중공업,2026-08-12,21750.0,3341519,28.97
010140,삼성중공업,2026-08-13,22000.0,4643707,29.08
010140,삼성중공업,2026-08-14,22300.0,3051125,29.04
010140,삼성중공업,2026-08-18,21250.0,3380716,28.83
010140,삼성중공업,2026-08-19,20600.0,2366210,28.84
010140,삼성중공업,2026-08-20,20800.0,1862749,28.9
010140,삼성중공업,2026-08-21,20200.0,1990817,28.87
010140,삼성중공업,2026-08-24,20100.0,1993632,28.89
010140,삼성중공업,2026-08-25,20450.0,1867459,28.9
010140,삼성중공업,2026-08-26,20700.0,1538584,28.94
010140,삼성중공업,2026-08-27,21000.0,1676779,28.95
010140,삼성중공업,2026-08-28,21200.0,2029082,28.96
010140,삼성중공업,2026-08-31,20900.0,2039556,28.95
010140,삼성중공업,2026-09-01,21000.0,1717861,28.95
010140,삼성중공업,2026-09-02,19940.0,2773459,28.82
010140,삼성중공업,2026-09-03,21650.0,7128820,28.96
010140,삼성중공업,2026-09-04,21400.0,3410970,28.82
010140,삼성중공업,2026-09-07,21400.0,2410842,28.79
010140,삼성중공업,2026-09-08,21300.0,2684196,28.79
010140,삼성중공업,2026-09-09,21600.0,2347725,28.78
010140,삼성중공업,2026-09-10,21350.0,3377347,28.89
010140,삼성중공업,2026-09-11,21400.0,2379124,28.81
010140,삼성중공업,2026-09-14,22100.0,4705935,28.9
010140,삼성중공업,2026-09-15,20950.0,4014857,28.51
010140,삼성중공업,2026-09-16,20350.0,2332780,28.36
010140,삼성중공업,2026-09-17,21550.0,4575584,28.59
010140,삼성중공업,2026-09-18,21050.0,3388016,28.42
010140,삼성중공업,2026-09-21,20750.0,2157296,28.34
010140,삼성중공업,2026-09-22,20700.0,1641316,28.33
010140,삼성중공업,2026-09-23,20450.0,2307429,28.21
010140,삼성중공업,2026-09-28,20150.0,2066341,28.11
010140,삼성중공업,2026-09-29,19500.0,5746198,27.66
010140,삼성중공업,2026-09-30,19840.0,3449094,27.76
010140,삼성중공업,2026-10-01,19740.0,2004100,27.73
010140,삼성중공업,2026-10-02,19920.0,1922545,27.73
013580,계룡건설,2026-06-09,19920.0,51614,
013580,계룡건설,2026-06-10,19500.0,56803,
013580,계룡건설,2026-06-11,19560.0,43135,
013580,계룡건설,2026-06-12,20100.0,45703,
013580,계룡건설,2026-06-15,20750.0,55577,
013580,계룡건설,2026-06-16,21150.0,79185,
013580,계룡건설,2026-06-17,20600.0,49771,
013580,계룡건설,2026-06-18,19960.0,37611,
013580,계룡건설,2026-06-19,19300.0,74283,
013580,계룡건설,2026-06-22,19590.0,32156,
013580,계룡건설,2026-06-23,18350.0,48291,
013580,계룡건설,2026-06-24,18800.0,42197,
013580,계룡건설,2026-06-25,18890.0,116969,
013580,계룡건설,2026-06-26,18610.0,142243,
013580,계룡건설,2026-06-29,22150.0,919879,
013580,계룡건설,2026-06-30,22600.0,383403,
013580,계룡건설,2026-07-01,23800.0,565366,
013580,계룡건설,2026-07-02,25800.0,5101653,
013580,계룡건설,2026-07-03,22850.0,1740848,
013580,계룡건설,2026-07-06,23100.0,861775,
013580,계룡건설,2026-07-07,21650.0,395983,
013580,계룡건설,2026-07-08,20000.0,286050,
013580,계룡건설,2026-07-09,19500.0,184894,
013580,계룡건설,2026-07-10,21400.0,228787,
013580,계룡건설,2026-07-13,19540.0,193877,
013580,계룡건설,2026-07-14,18880.0,146032,
013580,계룡건설,2026-07-15,19140.0,79857,
013580,계룡건설,2026-07-16,18560.0,92825,
013580,계룡건설,2026-07-20,17930.0,80990,
013580,계룡건설,2026-07-21,18250.0,65029,
013580,계룡건설,2026-07-22,18740.0,144568,
013580,계룡건설,2026-07-23,19490.0,85993,
013580,계룡건설,2026-07-24,18870.0,51149,
013580,계룡건설,2026-07-27,19150.0,41563,
013580,계룡건설,2026-07-28,17830.0,89006,
013580,계룡건설,2026-07-29,16900.0,172306,
013580,계룡건설,2026-07-30,17290.0,66736,
013580,계룡건설,2026-07-31,18350.0,73435,
013580,계룡건설,2026-08-03,18240.0,37771,
013580,계룡건설,2026-08-04,19270.0,49329,8.83
013580,계룡건설,2026-08-05,19730.0,46997,8.72
013580,계룡건설,2026-08-06,20150.0,43049,8.83
013580,계룡건설,2026-08-07,19940.0,24475,8.8
013580,계룡건설,2026-08-10,20300.0,38962,8.86
013580,계룡건설,2026-08-11,20950.0,163574,8.67
013580,계룡건설,2026-08-12,21350.0,111642,8.69
013580,계룡건설,2026-08-13,20950.0,115002,8.88
013580,계룡건설,2026-08-14,21600.0,78106,8.96
013580,계룡건설,2026-08-18,23100.0,279686,9.45
013580,계룡건설,2026-08-19,23100.0,136606,9.38
013580,계룡건설,2026-08-20,23000.0,72825,9.29
013580,계룡건설,2026-08-21,22200.0,83991,9.48
013580,계룡건설,2026-08-24,22100.0,64732,9.65
013580,계룡건설,2026-08-25,22350.0,43104,9.66
013580,계룡건설,2026-08-26,22650.0,48948,9.64
013580,계룡건설,2026-08-27,22250.0,48752,9.71
013580,계룡건설,2026-08-28,22300.0,70766,9.74
013580,계룡건설,2026-08-31,21550.0,41076,9.61
013580,계룡건설,2026-09-01,21300.0,67618,9.41
013580,계룡건설,2026-09-02,21250.0,40607,9.35
013580,계룡건설,2026-09-03,21700.0,352289,9.14
013580,계룡건설,2026-09-04,22000.0,77969,9.16
013580,계룡건설,2026-09-07,22000.0,47419,9.35
013580,계룡건설,2026-09-08,22250.0,99775,9.64
013580,계룡건설,2026-09-09,22250.0,57242,9.68
013580,계룡건설,2026-09-10,22550.0,36056,9.75
013580,계룡건설,2026-09-11,22950.0,61718,10.01
013580,계룡건설,2026-09-14,22800.0,61266,10.02
013580,계룡건설,2026-09-15,22800.0,46589,9.97
013580,계룡건설,2026-09-16,22950.0,36372,9.99
013580,계룡건설,2026-09-17,23100.0,41734,10.06
013580,계룡건설,2026-09-18,23500.0,146665,10.03
013580,계룡건설,2026-09-21,23150.0,46635,9.93
013580,계룡건설,2026-09-22,22900.0,43955,9.97
013580,계룡건설,2026-09-23,22400.0,37523,9.96
013580,계룡건설,2026-09-28,22500.0,23613,10.04
013580,계룡건설,2026-09-29,21950.0,54923,9.91
013580,계룡건설,2026-09-30,21800.0,28632,9.95
013580,계룡건설,2026-10-01,21600.0,43355,9.96
013580,계룡건설,2026-10-02,21550.0,36838,10.02
017810,풀무원,2026-06-09,9540.0,84413,
017810,풀무원,2026-06-10,9460.0,54408,
017810,풀무원,2026-06-11,9830.0,42115,
017810,풀무원,2026-06-12,10060.0,59709,
017810,풀무원,2026-06-15,10050.0,28457,
017810,풀무원,2026-06-16,10090.0,25382,
017810,풀무원,2026-06-17,9980.0,35856,
017810,풀무원,2026-06-18,9800.0,44955,
017810,풀무원,2026-06-19,9610.0,67681,
017810,풀무원,2026-06-22,9480.0,28748,
017810,풀무원,2026-06-23,9140.0,39578,
017810,풀무원,2026-06-24,9300.0,28764,
017810,풀무원,2026-06-25,9210.0,29902,
017810,풀무원,2026-06-26,9010.0,46120,
017810,풀무원,2026-06-29,9420.0,25506,
017810,풀무원,2026-06-30,9120.0,18842,
017810,풀무원,2026-07-01,9250.0,14808,
017810,풀무원,2026-07-02,9230.0,32643,
017810,풀무원,2026-07-03,9310.0,27349,
017810,풀무원,2026-07-06,9420.0,11406,
017810,풀무원,2026-07-07,9380.0,32699,
017810,풀무원,2026-07-08,9230.0,47700,
017810,풀무원,2026-07-09,9070.0,26534,
017810,풀무원,2026-07-10,9170.0,21116,
017810,풀무원,2026-07-13,9030.0,36950,
017810,풀무원,2026-07-14,9030.0,46912,
017810,풀무원,2026-07-15,8910.0,37240,
017810,풀무원,2026-07-16,8880.0,39428,
017810,풀무원,2026-07-20,8780.0,38590,
017810,풀무원,2026-07-21,8770.0,15438,
017810,풀무원,2026-07-22,8700.0,40476,
017810,풀무원,2026-07-23,8990.0,34462,
017810,풀무원,2026-07-24,8890.0,28569,
017810,풀무원,2026-07-27,8990.0,17678,
017810,풀무원,2026-07-28,8780.0,36410,
017810,풀무원,2026-07-29,8710.0,86389,
017810,풀무원,2026-07-30,8610.0,52387,
017810,풀무원,2026-07-31,8830.0,31600,
017810,풀무원,2026-08-03,8780.0,27643,
017810,풀무원,2026-08-04,8960.0,12093,1.46
017810,풀무원,2026-08-05,8960.0,22643,1.43
017810,풀무원,2026-08-06,9100.0,22218,1.42
017810,풀무원,2026-08-07,9230.0,37264,1.46
017810,풀무원,2026-08-10,9430.0,29500,1.46
017810,풀무원,2026-08-11,9360.0,20110,1.43
017810,풀무원,2026-08-12,9300.0,18294,1.42
017810,풀무원,2026-08-13,9170.0,34875,1.35
017810,풀무원,2026-08-14,9800.0,107700,1.36
017810,풀무원,2026-08-18,9210.0,82469,1.23
017810,풀무원,2026-08-19,9060.0,29415,1.18
017810,풀무원,2026-08-20,9400.0,21814,1.19
017810,풀무원,2026-08-21,9230.0,18253,1.17
017810,풀무원,2026-08-24,9670.0,62583,1.18
017810,풀무원,2026-08-25,9700.0,39196,1.18
017810,풀무원,2026-08-26,9700.0,32734,1.19
017810,풀무원,2026-08-27,9550.0,22865,1.15
017810,풀무원,2026-08-28,9800.0,46772,1.22
017810,풀무원,2026-08-31,9860.0,26582,1.23
017810,풀무원,2026-09-01,9910.0,35426,1.25
017810,풀무원,2026-09-02,9610.0,27341,1.22
017810,풀무원,2026-09-03,9600.0,13061,1.2
017810,풀무원,2026-09-04,9530.0,14419,1.2
017810,풀무원,2026-09-07,9420.0,31244,1.18
017810,풀무원,2026-09-08,9380.0,18093,1.18
017810,풀무원,2026-09-09,9350.0,15339,1.16
017810,풀무원,2026-09-10,9500.0,62035,1.13
017810,풀무원,2026-09-11,9450.0,18898,1.12
017810,풀무원,2026-09-14,9300.0,32248,1.1
017810,풀무원,2026-09-15,9000.0,58060,1.01
017810,풀무원,2026-09-16,8840.0,24353,0.97
017810,풀무원,2026-09-17,8880.0,10909,0.95
017810,풀무원,2026-09-18,8810.0,14745,0.94
017810,풀무원,2026-09-21,8840.0,21208,0.9
017810,풀무원,2026-09-22,8840.0,15189,0.88
017810,풀무원,2026-09-23,8800.0,19976,0.85
017810,풀무원,2026-09-28,8760.0,14889,0.85
017810,풀무원,2026-09-29,8730.0,11479,0.85
017810,풀무원,2026-09-30,8730.0,18444,0.8
017810,풀무원,2026-10-01,8700.0,8071,0.8
017810,풀무원,2026-10-02,8750.0,15796,0.77
026960,동서,2026-06-09,24900.0,135701,
026960,동서,2026-06-10,25050.0,160388,
026960,동서,2026-06-11,25450.0,220687,
026960,동서,2026-06-12,25500.0,64478,
026960,동서,2026-06-15,25450.0,87144,
026960,동서,2026-06-16,25800.0,113635,
026960,동서,2026-06-17,25300.0,52329,
026960,동서,2026-06-18,24650.0,61128,
026960,동서,2026-06-19,24800.0,95363,
026960,동서,2026-06-22,24100.0,48437,
026960,동서,2026-06-23,24000.0,96422,
026960,동서,2026-06-24,23150.0,139070,
026960,동서,2026-06-25,23250.0,81747,
026960,동서,2026-06-26,22950.0,143123,
026960,동서,2026-06-29,24050.0,91462,
026960,동서,2026-06-30,23600.0,63291,
026960,동서,2026-07-01,23950.0,72790,
026960,동서,2026-07-02,25550.0,285694,
026960,동서,2026-07-03,25950.0,146494,
026960,동서,2026-07-06,25400.0,54487,
026960,동서,2026-07-07,25850.0,64449,
026960,동서,2026-07-08,25500.0,78202,
026960,동서,2026-07-09,26250.0,100509,
026960,동서,2026-07-10,25900.0,77919,
026960,동서,2026-07-13,25550.0,72080,
026960,동서,2026-07-14,25250.0,89660,
026960,동서,2026-07-15,24800.0,51896,
026960,동서,2026-07-16,25500.0,55575,
026960,동서,2026-07-20,24950.0,58695,
026960,동서,2026-07-21,24750.0,53882,
026960,동서,2026-07-22,25600.0,94826,
026960,동서,2026-07-23,25850.0,65641,
026960,동서,2026-07-24,26100.0,117988,
026960,동서,2026-07-27,26600.0,84607,
026960,동서,2026-07-28,26050.0,229713,
026960,동서,2026-07-29,25450.0,115969,
026960,동서,2026-07-30,26100.0,94229,
026960,동서,2026-07-31,25500.0,64145,
026960,동서,2026-08-03,25400.0,62468,
026960,동서,2026-08-04,25400.0,70436,3.54
026960,동서,2026-08-05,25200.0,53569,3.57
026960,동서,2026-08-06,26250.0,65659,3.6
026960,동서,2026-08-07,26500.0,81714,3.62
026960,동서,2026-08-10,26550.0,46003,3.62
026960,동서,2026-08-11,26500.0,47844,3.62
026960,동서,2026-08-12,26000.0,48756,3.6
026960,동서,2026-08-13,26200.0,76572,3.62
026960,동서,2026-08-14,26300.0,56264,3.62
026960,동서,2026-08-18,25800.0,73086,3.61
026960,동서,2026-08-19,25700.0,57152,3.59
026960,동서,2026-08-20,25500.0,50236,3.61
026960,동서,2026-08-21,25700.0,44503,3.66
026960,동서,2026-08-24,26250.0,58578,3.69
026960,동서,2026-08-25,25950.0,73923,3.66
026960,동서,2026-08-26,26500.0,61587,3.68
026960,동서,2026-08-27,25850.0,56178,3.66
026960,동서,2026-08-28,26150.0,60328,3.65
026960,동서,2026-08-31,25850.0,51133,3.64
026960,동서,2026-09-01,25650.0,63183,3.64
026960,동서,2026-09-02,25500.0,66400,3.68
026960,동서,2026-09-03,25700.0,63002,3.69
026960,동서,2026-09-04,25450.0,48308,3.7
026960,동서,2026-09-07,25500.0,44120,3.7
026960,동서,2026-09-08,25500.0,37791,3.7
026960,동서,2026-09-09,25600.0,24192,3.69
026960,동서,2026-09-10,25400.0,112059,3.72
026960,동서,2026-09-11,25900.0,55330,3.73
026960,동서,2026-09-14,26000.0,43160,3.74
026960,동서,2026-09-15,25450.0,44089,3.74
026960,동서,2026-09-16,25350.0,38057,3.73
026960,동서,2026-09-17,25600.0,44224,3.73
026960,동서,2026-09-18,25550.0,58144,3.72
026960,동서,2026-09-21,25500.0,35775,3.72
026960,동서,2026-09-22,25400.0,31570,3.72
026960,동서,2026-09-23,25450.0,36317,3.72
026960,동서,2026-09-28,25600.0,44721,3.73
026960,동서,2026-09-29,25650.0,56318,3.73
026960,동서,2026-09-30,25450.0,46435,3.71
026960,동서,2026-10-01,26200.0,91457,3.68
026960,동서,2026-10-02,27550.0,237234,3.77
029530,신도리코,2026-06-09,41500.0,12635,
029530,신도리코,2026-06-10,42150.0,12533,
029530,신도리코,2026-06-11,42600.0,12113,
029530,신도리코,2026-06-12,43250.0,12931,
029530,신도리코,2026-06-15,43500.0,9841,
029530,신도리코,2026-06-16,43650.0,9623,
029530,신도리코,2026-06-17,43400.0,11028,
029530,신도리코,2026-06-18,42700.0,5474,
029530,신도리코,2026-06-19,41700.0,13099,
029530,신도리코,2026-06-22,41450.0,14236,
029530,신도리코,2026-06-23,39800.0,18498,
029530,신도리코,2026-06-24,39700.0,18081,
029530,신도리코,2026-06-25,39700.0,11059,
029530,신도리코,2026-06-26,39100.0,8728,
029530,신도리코,2026-06-29,40000.0,7128,
029530,신도리코,2026-06-30,39000.0,6328,
029530,신도리코,2026-07-01,39300.0,8658,
029530,신도리코,2026-07-02,40450.0,9190,
029530,신도리코,2026-07-03,40350.0,9275,
029530,신도리코,2026-07-06,41500.0,6414,
029530,신도리코,2026-07-07,42000.0,6183,
029530,신도리코,2026-07-08,41300.0,7536,
029530,신도리코,2026-07-09,40100.0,8523,
029530,신도리코,2026-07-10,41800.0,5399,
029530,신도리코,2026-07-13,41600.0,8494,
029530,신도리코,2026-07-14,40700.0,7785,
029530,신도리코,2026-07-15,41750.0,3690,
029530,신도리코,2026-07-16,41900.0,4899,
029530,신도리코,2026-07-20,40750.0,6992,
029530,신도리코,2026-07-21,41150.0,10438,
029530,신도리코,2026-07-22,41050.0,3130,
029530,신도리코,2026-07-23,41450.0,5085,
029530,신도리코,2026-07-24,40750.0,10688,
029530,신도리코,2026-07-27,41400.0,10182,
029530,신도리코,2026-07-28,40500.0,10501,
029530,신도리코,2026-07-29,38800.0,29052,
029530,신도리코,2026-07-30,39700.0,19004,
029530,신도리코,2026-07-31,41200.0,13314,
029530,신도리코,2026-08-03,39900.0,8175,
029530,신도리코,2026-08-04,39900.0,14606,11.99
029530,신도리코,2026-08-05,40800.0,13795,11.95
029530,신도리코,2026-08-06,40900.0,15933,11.96
029530,신도리코,2026-08-07,41100.0,12078,12.0
029530,신도리코,2026-08-10,41200.0,4999,11.98
029530,신도리코,2026-08-11,41000.0,12015,11.87
029530,신도리코,2026-08-12,41850.0,16429,11.83
029530,신도리코,2026-08-13,41950.0,7499,11.84
029530,신도리코,2026-08-14,43150.0,7742,11.86
029530,신도리코,2026-08-18,41300.0,8049,11.78
029530,신도리코,2026-08-19,40950.0,9003,11.75
029530,신도리코,2026-08-20,40950.0,11168,11.63
029530,신도리코,2026-08-21,40700.0,6100,11.61
029530,신도리코,2026-08-24,41200.0,4653,11.62
029530,신도리코,2026-08-25,40750.0,4439,11.61
029530,신도리코,2026-08-26,41350.0,7550,11.62
029530,신도리코,2026-08-27,41200.0,3401,11.6
029530,신도리코,2026-08-28,41100.0,1484,11.6
029530,신도리코,2026-08-31,40650.0,5057,11.59
029530,신도리코,2026-09-01,41050.0,3694,11.59
029530,신도리코,2026-09-02,40150.0,4303,11.56
029530,신도리코,2026-09-03,40100.0,5684,11.52
029530,신도리코,2026-09-04,40000.0,1813,11.5
029530,신도리코,2026-09-07,40200.0,5372,11.5
029530,신도리코,2026-09-08,39800.0,2406,11.48
029530,신도리코,2026-09-09,39400.0,7393,11.29
029530,신도리코,2026-09-10,39200.0,8711,11.27
029530,신도리코,2026-09-11,39050.0,1395,11.26
029530,신도리코,2026-09-14,39000.0,2449,11.25
029530,신도리코,2026-09-15,39300.0,1509,11.24
029530,신도리코,2026-09-16,38550.0,3580,11.21
029530,신도리코,2026-09-17,39150.0,4682,11.19
029530,신도리코,2026-09-18,38700.0,3942,11.2
029530,신도리코,2026-09-21,38550.0,3555,11.18
029530,신도리코,2026-09-22,39150.0,3145,11.17
029530,신도리코,2026-09-23,39150.0,5481,11.15
029530,신도리코,2026-09-28,39550.0,6950,11.14
029530,신도리코,2026-09-29,39000.0,2336,11.13
029530,신도리코,2026-09-30,38400.0,2240,11.12
029530,신도리코,2026-10-01,38800.0,4750,11.09
029530,신도리코,2026-10-02,38700.0,2990,11.07
030530,원익홀딩스,2026-06-09,25100.0,1085069,
030530,원익홀딩스,2026-06-10,23850.0,728998,
030530,원익홀딩스,2026-06-11,28550.0,4487549,
030530,원익홀딩스,2026-06-12,31000.0,3798521,
030530,원익홀딩스,2026-06-15,28800.0,1109784,
030530,원익홀딩스,2026-06-16,27150.0,754272,
030530,원익홀딩스,2026-06-17,27600.0,596125,
030530,원익홀딩스,2026-06-18,26450.0,579748,
030530,원익홀딩스,2026-06-19,24900.0,704727,
030530,원익홀딩스,2026-06-22,24700.0,532132,
030530,원익홀딩스,2026-06-23,21950.0,641769,
030530,원익홀딩스,2026-06-24,21700.0,559175,
030530,원익홀딩스,2026-06-25,20700.0,681488,
030530,원익홀딩스,2026-06-26,20100.0,915087,
030530,원익홀딩스,2026-06-29,21350.0,484476,
030530,원익홀딩스,2026-06-30,20950.0,433520,
030530,원익홀딩스,2026-07-01,20600.0,647194,
030530,원익홀딩스,2026-07-02,18540.0,847609,
030530,원익홀딩스,2026-07-03,19020.0,693381,
030530,원익홀딩스,2026-07-06,18760.0,537637,
030530,원익홀딩스,2026-07-07,17880.0,564272,
030530,원익홀딩스,2026-07-08,16400.0,637497,
030530,원익홀딩스,2026-07-09,16960.0,758073,
030530,원익홀딩스,2026-07-10,18790.0,617020,
030530,원익홀딩스,2026-07-13,17600.0,725042,
030530,원익홀딩스,2026-07-14,16890.0,530768,
030530,원익홀딩스,2026-07-15,18580.0,443527,
030530,원익홀딩스,2026-07-16,16790.0,432699,
030530,원익홀딩스,2026-07-20,15540.0,369897,
030530,원익홀딩스,2026-07-21,16230.0,578231,
030530,원익홀딩스,2026-07-22,17100.0,1025207,
030530,원익홀딩스,2026-07-23,18510.0,1092017,
030530,원익홀딩스,2026-07-24,16400.0,560578,
030530,원익홀딩스,2026-07-27,16960.0,507766,
030530,원익홀딩스,2026-07-28,14920.0,496491,
030530,원익홀딩스,2026-07-29,14160.0,970594,
030530,원익홀딩스,2026-07-30,13400.0,530832,
030530,원익홀딩스,2026-07-31,15280.0,879411,
030530,원익홀딩스,2026-08-03,19860.0,4036150,
030530,원익홀딩스,2026-08-04,20400.0,3352946,5.84
030530,원익홀딩스,2026-08-05,20900.0,1819499,5.98
030530,원익홀딩스,2026-08-06,19720.0,1414934,5.5
030530,원익홀딩스,2026-08-07,19050.0,939464,5.36
030530,원익홀딩스,2026-08-10,21000.0,1328991,5.48
030530,원익홀딩스,2026-08-11,20300.0,709409,5.61
030530,원익홀딩스,2026-08-12,20100.0,496272,5.71
030530,원익홀딩스,2026-08-13,20800.0,537838,5.81
030530,원익홀딩스,2026-08-14,21000.0,691681,6.12
030530,원익홀딩스,2026-08-18,19760.0,609809,6.01
030530,원익홀딩스,2026-08-19,19590.0,321398,5.92
030530,원익홀딩스,2026-08-20,20100.0,355306,5.85
030530,원익홀딩스,2026-08-21,19250.0,306235,5.83
030530,원익홀딩스,2026-08-24,19250.0,198313,5.84
030530,원익홀딩스,2026-08-25,19700.0,286548,5.76
030530,원익홀딩스,2026-08-26,19240.0,371006,5.74
030530,원익홀딩스,2026-08-27,20250.0,596224,5.81
030530,원익홀딩스,2026-08-28,19080.0,7945528,4.9
030530,원익홀딩스,2026-08-31,18780.0,3067199,5.09
030530,원익홀딩스,2026-09-01,17730.0,902012,5.1
030530,원익홀딩스,2026-09-02,17440.0,592035,5.2
030530,원익홀딩스,2026-09-03,17320.0,2211322,4.98
030530,원익홀딩스,2026-09-04,22500.0,7144949,5.6
030530,원익홀딩스,2026-09-07,22350.0,6139238,5.59
030530,원익홀딩스,2026-09-08,22550.0,5811594,5.36
030530,원익홀딩스,2026-09-09,23250.0,1993878,5.13
030530,원익홀딩스,2026-09-10,23250.0,2081646,4.83
030530,원익홀딩스,2026-09-11,22350.0,786366,4.89
030530,원익홀딩스,2026-09-14,21350.0,833412,4.9
030530,원익홀딩스,2026-09-15,25950.0,9961088,5.23
030530,원익홀딩스,2026-09-16,25100.0,2717982,5.04
030530,원익홀딩스,2026-09-17,25600.0,1524886,5.04
030530,원익홀딩스,2026-09-18,26300.0,1723549,5.11
030530,원익홀딩스,2026-09-21,27000.0,2924137,4.95
030530,원익홀딩스,2026-09-22,26350.0,1212583,4.94
030530,원익홀딩스,2026-09-23,28000.0,6640185,5.24
030530,원익홀딩스,2026-09-28,27250.0,1128228,5.1
030530,원익홀딩스,2026-09-29,26850.0,1040907,5.03
030530,원익홀딩스,2026-09-30,26450.0,659119,5.04
030530,원익홀딩스,2026-10-01,28050.0,1244407,5.12
030530,원익홀딩스,2026-10-02,29350.0,1787220,5.16
031430,신세계인터내셔날,2026-06-09,14080.0,230503,
031430,신세계인터내셔날,2026-06-10,14640.0,202127,
031430,신세계인터내셔날,2026-06-11,14490.0,423032,
031430,신세계인터내셔날,2026-06-12,15630.0,249861,
031430,신세계인터내셔날,2026-06-15,15630.0,125514,
031430,신세계인터내셔날,2026-06-16,15700.0,169681,
031430,신세계인터내셔날,2026-06-17,15390.0,102073,
031430,신세계인터내셔날,2026-06-18,14840.0,78669,
031430,신세계인터내셔날,2026-06-19,13600.0,156586,
031430,신세계인터내셔날,2026-06-22,13080.0,89381,
031430,신세계인터내셔날,2026-06-23,12510.0,109483,
031430,신세계인터내셔날,2026-06-24,12450.0,58194,
031430,신세계인터내셔날,2026-06-25,12790.0,73782,
031430,신세계인터내셔날,2026-06-26,12210.0,75005,
031430,신세계인터내셔날,2026-06-29,13210.0,77574,
031430,신세계인터내셔날,2026-06-30,12680.0,66588,
031430,신세계인터내셔날,2026-07-01,12770.0,43672,
031430,신세계인터내셔날,2026-07-02,12500.0,97604,
031430,신세계인터내셔날,2026-07-03,12630.0,39875,
031430,신세계인터내셔날,2026-07-06,13170.0,91162,
031430,신세계인터내셔날,2026-07-07,12960.0,54675,
031430,신세계인터내셔날,2026-07-08,12350.0,51071,
031430,신세계인터내셔날,2026-07-09,12080.0,51936,
031430,신세계인터내셔날,2026-07-10,12640.0,36319,
031430,신세계인터내셔날,2026-07-13,12140.0,45423,
031430,신세계인터내셔날,2026-07-14,11970.0,115698,
031430,신세계인터내셔날,2026-07-15,11920.0,108749,
031430,신세계인터내셔날,2026-07-16,11700.0,73020,
031430,신세계인터내셔날,2026-07-20,11210.0,68477,
031430,신세계인터내셔날,2026-07-21,11320.0,88602,
031430,신세계인터내셔날,2026-07-22,11050.0,105703,
031430,신세계인터내셔날,2026-07-23,11380.0,136876,
031430,신세계인터내셔날,2026-07-24,11110.0,100655,
031430,신세계인터내셔날,2026-07-27,11340.0,33421,
031430,신세계인터내셔날,2026-07-28,10880.0,79069,
031430,신세계인터내셔날,2026-07-29,10460.0,149209,
031430,신세계인터내셔날,2026-07-30,10520.0,83466,
031430,신세계인터내셔날,2026-07-31,10760.0,59469,
031430,신세계인터내셔날,2026-08-03,10910.0,61818,
031430,신세계인터내셔날,2026-08-04,10920.0,96789,7.16
031430,신세계인터내셔날,2026-08-05,11030.0,70785,7.22
031430,신세계인터내셔날,2026-08-06,11220.0,72288,7.27
031430,신세계인터내셔날,2026-08-07,11380.0,73050,7.3
031430,신세계인터내셔날,2026-08-10,11580.0,77478,7.38
031430,신세계인터내셔날,2026-08-11,10740.0,327798,6.98
031430,신세계인터내셔날,2026-08-12,10670.0,265648,6.89
031430,신세계인터내셔날,2026-08-13,10660.0,166190,6.87
031430,신세계인터내셔날,2026-08-14,11010.0,136611,7.19
031430,신세계인터내셔날,2026-08-18,10690.0,92611,6.99
031430,신세계인터내셔날,2026-08-19,10270.0,149110,6.8
031430,신세계인터내셔날,2026-08-20,10270.0,122935,6.87
031430,신세계인터내셔날,2026-08-21,10190.0,97148,6.77
031430,신세계인터내셔날,2026-08-24,10300.0,56842,6.77
031430,신세계인터내셔날,2026-08-25,10480.0,91138,6.74
031430,신세계인터내셔날,2026-08-26,10600.0,53218,6.75
031430,신세계인터내셔날,2026-08-27,10460.0,83606,6.79
031430,신세계인터내셔날,2026-08-28,10710.0,77678,6.84
031430,신세계인터내셔날,2026-08-31,10830.0,85662,6.94
031430,신세계인터내셔날,2026-09-01,10850.0,57749,6.92
031430,신세계인터내셔날,2026-09-02,10430.0,88608,6.93
031430,신세계인터내셔날,2026-09-03,10360.0,85043,6.88
031430,신세계인터내셔날,2026-09-04,10410.0,26766,6.86
031430,신세계인터내셔날,2026-09-07,10410.0,39454,6.84
031430,신세계인터내셔날,2026-09-08,10440.0,64491,6.88
031430,신세계인터내셔날,2026-09-09,10450.0,28388,6.9
031430,신세계인터내셔날,2026-09-10,10500.0,41722,6.86
031430,신세계인터내셔날,2026-09-11,10540.0,27519,6.88
031430,신세계인터내셔날,2026-09-14,10490.0,24735,6.88
031430,신세계인터내셔날,2026-09-15,10490.0,49254,6.82
031430,신세계인터내셔날,2026-09-16,10470.0,58391,6.76
031430,신세계인터내셔날,2026-09-17,10510.0,88766,6.63
031430,신세계인터내셔날,2026-09-18,10480.0,50845,6.56
031430,신세계인터내셔날,2026-09-21,10480.0,37026,6.5
031430,신세계인터내셔날,2026-09-22,10490.0,24204,6.48
031430,신세계인터내셔날,2026-09-23,10340.0,52794,6.41
031430,신세계인터내셔날,2026-09-28,10510.0,50970,6.41
031430,신세계인터내셔날,2026-09-29,10500.0,46022,6.38
031430,신세계인터내셔날,2026-09-30,10480.0,38263,6.35
031430,신세계인터내셔날,2026-10-01,10600.0,56011,6.32
031430,신세계인터내셔날,2026-10-02,10490.0,121058,6.22
035900,JYP Ent.,2026-06-09,53500.0,221728,
035900,JYP Ent.,2026-06-10,51800.0,140839,
035900,JYP Ent.,2026-06-11,54900.0,536946,
035900,JYP Ent.,2026-06-12,55900.0,287727,
035900,JYP Ent.,2026-06-15,55900.0,143996,
035900,JYP Ent.,2026-06-16,55700.0,107704,
035900,JYP Ent.,2026-06-17,57000.0,172632,
035900,JYP Ent.,2026-06-18,55900.0,156606,
035900,JYP Ent.,2026-06-19,54500.0,186261,
035900,JYP Ent.,2026-06-22,54800.0,264237,
035900,JYP Ent.,2026-06-23,50700.0,209532,
035900,JYP Ent.,2026-06-24,51000.0,220675,
035900,JYP Ent.,2026-06-25,49600.0,210019,
035900,JYP Ent.,2026-06-26,47900.0,298020,
035900,JYP Ent.,2026-06-29,53000.0,273212,
035900,JYP Ent.,2026-06-30,51400.0,122554,
035900,JYP Ent.,2026-07-01,53200.0,172895,
035900,JYP Ent.,2026-07-02,55500.0,354479,
035900,JYP Ent.,2026-07-03,53200.0,216123,
035900,JYP Ent.,2026-07-06,53900.0,114010,
035900,JYP Ent.,2026-07-07,54400.0,245610,
035900,JYP Ent.,2026-07-08,52600.0,161091,
035900,JYP Ent.,2026-07-09,49450.0,331661,
035900,JYP Ent.,2026-07-10,50700.0,189516,
035900,JYP Ent.,2026-07-13,49650.0,176392,
035900,JYP Ent.,2026-07-14,47750.0,214958,
035900,JYP Ent.,2026-07-15,47900.0,191249,
035900,JYP Ent.,2026-07-16,46650.0,180965,
035900,JYP Ent.,2026-07-20,44600.0,203460,
035900,JYP Ent.,2026-07-21,44350.0,196680,
035900,JYP Ent.,2026-07-22,43750.0,168721,
035900,JYP Ent.,2026-07-23,45650.0,281831,
035900,JYP Ent.,2026-07-24,44850.0,131271,
035900,JYP Ent.,2026-07-27,47000.0,212127,
035900,JYP Ent.,2026-07-28,45000.0,226109,
035900,JYP Ent.,2026-07-29,42950.0,359631,
035900,JYP Ent.,2026-07-30,42000.0,285527,
035900,JYP Ent.,2026-07-31,43200.0,232797,
035900,JYP Ent.,2026-08-03,44400.0,227115,
035900,JYP Ent.,2026-08-04,46250.0,230415,18.63
035900,JYP Ent.,2026-08-05,46100.0,136755,18.65
035900,JYP Ent.,2026-08-06,47150.0,175189,18.48
035900,JYP Ent.,2026-08-07,46800.0,194836,18.33
035900,JYP Ent.,2026-08-10,47350.0,193740,18.19
035900,JYP Ent.,2026-08-11,46550.0,239319,17.98
035900,JYP Ent.,2026-08-12,46000.0,248905,17.92
035900,JYP Ent.,2026-08-13,40850.0,1758876,15.26
035900,JYP Ent.,2026-08-14,41050.0,368027,14.95
035900,JYP Ent.,2026-08-18,39350.0,674245,14.18
035900,JYP Ent.,2026-08-19,39950.0,255888,13.81
035900,JYP Ent.,2026-08-20,40100.0,277877,14.28
035900,JYP Ent.,2026-08-21,38800.0,381601,14.27
035900,JYP Ent.,2026-08-24,39450.0,173948,14.45
035900,JYP Ent.,2026-08-25,39350.0,192036,14.5
035900,JYP Ent.,2026-08-26,40050.0,231067,14.61
035900,JYP Ent.,2026-08-27,39750.0,281796,14.44
035900,JYP Ent.,2026-08-28,40100.0,103660,14.48
035900,JYP Ent.,2026-08-31,39850.0,166208,14.45
035900,JYP Ent.,2026-09-01,39700.0,147852,14.54
035900,JYP Ent.,2026-09-02,38650.0,352644,14.17
035900,JYP Ent.,2026-09-03,38500.0,182815,14.01
035900,JYP Ent.,2026-09-04,39300.0,166859,14.03
035900,JYP Ent.,2026-09-07,39500.0,106656,13.99
035900,JYP Ent.,2026-09-08,39550.0,223325,14.44
035900,JYP Ent.,2026-09-09,38850.0,179660,14.14
035900,JYP Ent.,2026-09-10,39200.0,295048,13.85
035900,JYP Ent.,2026-09-11,39350.0,210368,13.85
035900,JYP Ent.,2026-09-14,39300.0,134051,13.98
035900,JYP Ent.,2026-09-15,39350.0,134141,13.57
035900,JYP Ent.,2026-09-16,38800.0,106100,13.48
035900,JYP Ent.,2026-09-17,38800.0,83274,13.43
035900,JYP Ent.,2026-09-18,38700.0,155542,13.18
035900,JYP Ent.,2026-09-21,38450.0,122624,13.2
035900,JYP Ent.,2026-09-22,37750.0,189361,12.89
035900,JYP Ent.,2026-09-23,37800.0,91254,12.94
035900,JYP Ent.,2026-09-28,38000.0,138319,13.19
035900,JYP Ent.,2026-09-29,38050.0,167279,13.29
035900,JYP Ent.,2026-09-30,37650.0,107980,13.24
035900,JYP Ent.,2026-10-01,37750.0,162996,13.13
035900,JYP Ent.,2026-10-02,37500.0,151068,13.01
081660,미스토홀딩스,2026-06-09,39700.0,176648,
081660,미스토홀딩스,2026-06-10,40350.0,152269,
081660,미스토홀딩스,2026-06-11,43900.0,900448,
081660,미스토홀딩스,2026-06-12,42750.0,265122,
081660,미스토홀딩스,2026-06-15,43750.0,403759,
081660,미스토홀딩스,2026-06-16,42150.0,287629,
081660,미스토홀딩스,2026-06-17,40300.0,105921,
081660,미스토홀딩스,2026-06-18,39900.0,112883,
081660,미스토홀딩스,2026-06-19,40800.0,425144,
081660,미스토홀딩스,2026-06-22,38200.0,183969,
081660,미스토홀딩스,2026-06-23,38800.0,143394,
081660,미스토홀딩스,2026-06-24,38700.0,150049,
081660,미스토홀딩스,2026-06-25,39400.0,119028,
081660,미스토홀딩스,2026-06-26,38800.0,187697,
081660,미스토홀딩스,2026-06-29,42050.0,149137,
081660,미스토홀딩스,2026-06-30,41450.0,202003,
081660,미스토홀딩스,2026-07-01,43100.0,203640,
081660,미스토홀딩스,2026-07-02,46400.0,324925,
081660,미스토홀딩스,2026-07-03,46850.0,172967,
081660,미스토홀딩스,2026-07-06,45700.0,105167,
081660,미스토홀딩스,2026-07-07,46200.0,169562,
081660,미스토홀딩스,2026-07-08,47850.0,193784,
081660,미스토홀딩스,2026-07-09,52400.0,352552,
081660,미스토홀딩스,2026-07-10,44650.0,246685,
081660,미스토홀딩스,2026-07-13,45150.0,119394,
081660,미스토홀딩스,2026-07-14,44950.0,171905,
081660,미스토홀딩스,2026-07-15,45150.0,102725,
081660,미스토홀딩스,2026-07-16,46950.0,102219,
081660,미스토홀딩스,2026-07-20,47800.0,137804,
081660,미스토홀딩스,2026-07-21,46000.0,126733,
081660,미스토홀딩스,2026-07-22,45000.0,98448,
081660,미스토홀딩스,2026-07-23,45350.0,146518,
081660,미스토홀딩스,2026-07-24,44450.0,102962,
081660,미스토홀딩스,2026-07-27,44300.0,85582,
081660,미스토홀딩스,2026-07-28,44150.0,122704,
081660,미스토홀딩스,2026-07-29,44300.0,193141,
081660,미스토홀딩스,2026-07-30,45550.0,141347,
081660,미스토홀딩스,2026-07-31,45150.0,135819,
081660,미스토홀딩스,2026-08-03,44000.0,158250,
081660,미스토홀딩스,2026-08-04,44400.0,125473,40.32
081660,미스토홀딩스,2026-08-05,44050.0,91142,40.34
081660,미스토홀딩스,2026-08-06,46500.0,113718,40.32
081660,미스토홀딩스,2026-08-07,46600.0,146347,40.24
081660,미스토홀딩스,2026-08-10,44800.0,106237,40.2
081660,미스토홀딩스,2026-08-11,43700.0,60316,40.18
081660,미스토홀딩스,2026-08-12,42900.0,102651,40.19
081660,미스토홀딩스,2026-08-13,42900.0,135021,40.2
081660,미스토홀딩스,2026-08-14,42500.0,112161,40.19
081660,미스토홀딩스,2026-08-18,43500.0,101471,40.2
081660,미스토홀딩스,2026-08-19,43050.0,100784,40.23
081660,미스토홀딩스,2026-08-20,41250.0,242719,40.39
081660,미스토홀딩스,2026-08-21,41750.0,78045,40.41
081660,미스토홀딩스,2026-08-24,42300.0,94348,40.41
081660,미스토홀딩스,2026-08-25,41800.0,83971,40.37
081660,미스토홀딩스,2026-08-26,42050.0,53039,40.34
081660,미스토홀딩스,2026-08-27,40800.0,97647,40.32
081660,미스토홀딩스,2026-08-28,41350.0,93139,40.35
081660,미스토홀딩스,2026-08-31,41850.0,130909,40.34
081660,미스토홀딩스,2026-09-01,41750.0,76979,40.35
081660,미스토홀딩스,2026-09-02,41350.0,144772,40.45
081660,미스토홀딩스,2026-09-03,40900.0,98174,40.4
081660,미스토홀딩스,2026-09-04,41400.0,80834,40.35
081660,미스토홀딩스,2026-09-07,40600.0,69919,40.36
081660,미스토홀딩스,2026-09-08,41150.0,99480,40.4
081660,미스토홀딩스,2026-09-09,40200.0,65539,40.37
081660,미스토홀딩스,2026-09-10,39800.0,113982,40.48
081660,미스토홀딩스,2026-09-11,39950.0,85789,40.49
081660,미스토홀딩스,2026-09-14,39450.0,77487,40.5
081660,미스토홀딩스,2026-09-15,39200.0,55705,40.48
081660,미스토홀딩스,2026-09-16,39400.0,72799,40.49
081660,미스토홀딩스,2026-09-17,39300.0,94501,40.46
081660,미스토홀딩스,2026-09-18,38400.0,739014,40.37
081660,미스토홀딩스,2026-09-21,38850.0,90691,40.37
081660,미스토홀딩스,2026-09-22,37850.0,105442,40.36
081660,미스토홀딩스,2026-09-23,37950.0,135752,40.32
081660,미스토홀딩스,2026-09-28,38200.0,85953,40.33
081660,미스토홀딩스,2026-09-29,38250.0,108812,40.29
081660,미스토홀딩스,2026-09-30,37700.0,117244,40.5
081660,미스토홀딩스,2026-10-01,37750.0,80537,40.5
081660,미스토홀딩스,2026-10-02,39050.0,111049,40.39
136480,하림,2026-06-09,2780.0,391216,
136480,하림,2026-06-10,2775.0,556530,
136480,하림,2026-06-11,2875.0,7877621,
136480,하림,2026-06-12,2850.0,2383056,
136480,하림,2026-06-15,2880.0,996136,
136480,하림,2026-06-16,2870.0,1006434,
136480,하림,2026-06-17,2875.0,604382,
136480,하림,2026-06-18,2800.0,600641,
136480,하림,2026-06-19,2785.0,920146,
136480,하림,2026-06-22,2730.0,658257,
136480,하림,2026-06-23,2660.0,869169,
136480,하림,2026-06-24,2650.0,601642,
136480,하림,2026-06-25,2650.0,529435,
136480,하림,2026-06-26,2585.0,497530,
136480,하림,2026-06-29,2710.0,343808,
136480,하림,2026-06-30,2660.0,379512,
136480,하림,2026-07-01,2725.0,399589,
136480,하림,2026-07-02,2700.0,327361,
136480,하림,2026-07-03,2725.0,300770,
136480,하림,2026-07-06,2735.0,406855,
136480,하림,2026-07-07,2745.0,417841,
136480,하림,2026-07-08,2740.0,512072,
136480,하림,2026-07-09,2720.0,402005,
136480,하림,2026-07-10,2790.0,498773,
136480,하림,2026-07-13,2755.0,571493,
136480,하림,2026-07-14,2740.0,700470,
136480,하림,2026-07-15,2715.0,458935,
136480,하림,2026-07-16,2680.0,524154,
136480,하림,2026-07-20,2650.0,312324,
136480,하림,2026-07-21,2645.0,288531,
136480,하림,2026-07-22,2640.0,294169,
136480,하림,2026-07-23,2680.0,260762,
136480,하림,2026-07-24,2675.0,357674,
136480,하림,2026-07-27,2675.0,204031,
136480,하림,2026-07-28,2605.0,432836,
136480,하림,2026-07-29,2600.0,543237,
136480,하림,2026-07-30,2595.0,324007,
136480,하림,2026-07-31,2655.0,369332,
136480,하림,2026-08-03,2640.0,259661,
136480,하림,2026-08-04,2680.0,350043,5.27
136480,하림,2026-08-05,2680.0,363191,5.19
136480,하림,2026-08-06,2710.0,378485,5.24
136480,하림,2026-08-07,2720.0,226237,5.3
136480,하림,2026-08-10,2730.0,200115,5.32
136480,하림,2026-08-11,2740.0,306534,5.36
136480,하림,2026-08-12,2710.0,308838,5.31
136480,하림,2026-08-13,2700.0,256812,5.36
136480,하림,2026-08-14,2710.0,270900,5.4
136480,하림,2026-08-18,2675.0,339251,5.34
136480,하림,2026-08-19,2635.0,381455,5.31
136480,하림,2026-08-20,2650.0,188118,5.29
136480,하림,2026-08-21,2620.0,183962,5.26
136480,하림,2026-08-24,2645.0,227320,5.34
136480,하림,2026-08-25,2670.0,182180,5.33
136480,하림,2026-08-26,2680.0,146649,5.31
136480,하림,2026-08-27,2655.0,192821,5.21
136480,하림,2026-08-28,2690.0,207289,5.28
136480,하림,2026-08-31,2685.0,188856,5.23
136480,하림,2026-09-01,2675.0,112955,5.2
136480,하림,2026-09-02,2640.0,153483,5.16
136480,하림,2026-09-03,2640.0,157138,5.09
136480,하림,2026-09-04,2650.0,119941,5.09
136480,하림,2026-09-07,2655.0,208692,5.08
136480,하림,2026-09-08,2655.0,217837,5.09
136480,하림,2026-09-09,2680.0,174681,5.13
136480,하림,2026-09-10,2685.0,177210,5.17
136480,하림,2026-09-11,2680.0,189614,5.2
136480,하림,2026-09-14,2680.0,75410,5.2
136480,하림,2026-09-15,2675.0,169196,5.11
136480,하림,2026-09-16,2650.0,235946,5.0
136480,하림,2026-09-17,2650.0,82238,4.94
136480,하림,2026-09-18,2650.0,153503,4.91
136480,하림,2026-09-21,2650.0,146105,4.86
136480,하림,2026-09-22,2640.0,134321,4.84
136480,하림,2026-09-23,2650.0,99563,4.83
136480,하림,2026-09-28,2675.0,205670,4.88
136480,하림,2026-09-29,2660.0,119005,4.89
136480,하림,2026-09-30,2670.0,87401,4.89
136480,하림,2026-10-01,2660.0,170511,4.79
136480,하림,2026-10-02,2660.0,130212,4.8
138040,메리츠금융지주,2026-06-09,109100.0,364454,
138040,메리츠금융지주,2026-06-10,108200.0,292902,
138040,메리츠금융지주,2026-06-11,106000.0,368086,
138040,메리츠금융지주,2026-06-12,108900.0,288291,
138040,메리츠금융지주,2026-06-15,111300.0,339689,
138040,메리츠금융지주,2026-06-16,114400.0,310954,
138040,메리츠금융지주,2026-06-17,114300.0,171054,
138040,메리츠금융지주,2026-06-18,112200.0,254920,
138040,메리츠금융지주,2026-06-19,108100.0,469304,
138040,메리츠금융지주,2026-06-22,105700.0,251808,
138040,메리츠금융지주,2026-06-23,104600.0,439161,
138040,메리츠금융지주,2026-06-24,103500.0,317899,
138040,메리츠금융지주,2026-06-25,102400.0,306682,
138040,메리츠금융지주,2026-06-26,100600.0,357271,
138040,메리츠금융지주,2026-06-29,104100.0,270510,
138040,메리츠금융지주,2026-06-30,105600.0,428940,
138040,메리츠금융지주,2026-07-01,106900.0,222034,
138040,메리츠금융지주,2026-07-02,107100.0,295616,
138040,메리츠금융지주,2026-07-03,112900.0,320334,
138040,메리츠금융지주,2026-07-06,112400.0,236473,
138040,메리츠금융지주,2026-07-07,114400.0,238833,
138040,메리츠금융지주,2026-07-08,113700.0,319291,
138040,메리츠금융지주,2026-07-09,112900.0,314557,
138040,메리츠금융지주,2026-07-10,115000.0,285674,
138040,메리츠금융지주,2026-07-13,117000.0,335405,
138040,메리츠금융지주,2026-07-14,113600.0,364608,
138040,메리츠금융지주,2026-07-15,116900.0,274619,
138040,메리츠금융지주,2026-07-16,118300.0,253679,
138040,메리츠금융지주,2026-07-20,113000.0,216074,
138040,메리츠금융지주,2026-07-21,113000.0,233649,
138040,메리츠금융지주,2026-07-22,114400.0,162733,
138040,메리츠금융지주,2026-07-23,116600.0,205197,
138040,메리츠금융지주,2026-07-24,123300.0,454950,
138040,메리츠금융지주,2026-07-27,125600.0,227708,
138040,메리츠금융지주,2026-07-28,118100.0,250263,
138040,메리츠금융지주,2026-07-29,117600.0,394827,
138040,메리츠금융지주,2026-07-30,124100.0,484820,
138040,메리츠금융지주,2026-07-31,124000.0,327452,
138040,메리츠금융지주,2026-08-03,120300.0,207835,
138040,메리츠금융지주,2026-08-04,119500.0,276866,14.23
138040,메리츠금융지주,2026-08-05,120400.0,256893,14.25
138040,메리츠금융지주,2026-08-06,125700.0,302386,14.27
138040,메리츠금융지주,2026-08-07,126300.0,228293,14.27
138040,메리츠금융지주,2026-08-10,123500.0,161186,14.24
138040,메리츠금융지주,2026-08-11,123800.0,212182,14.24
138040,메리츠금융지주,2026-08-12,119000.0,248089,14.24
138040,메리츠금융지주,2026-08-13,118600.0,362102,14.29
138040,메리츠금융지주,2026-08-14,116700.0,324838,14.32
138040,메리츠금융지주,2026-08-18,117200.0,257674,14.37
138040,메리츠금융지주,2026-08-19,115200.0,167580,14.34
138040,메리츠금융지주,2026-08-20,115200.0,255798,14.35
138040,메리츠금융지주,2026-08-21,115400.0,168518,14.35
138040,메리츠금융지주,2026-08-24,115400.0,205765,14.34
138040,메리츠금융지주,2026-08-25,120800.0,259305,14.3
138040,메리츠금융지주,2026-08-26,118000.0,162016,14.33
138040,메리츠금융지주,2026-08-27,119000.0,132891,14.32
138040,메리츠금융지주,2026-08-28,122000.0,127176,14.34
138040,메리츠금융지주,2026-08-31,122200.0,463575,14.35
138040,메리츠금융지주,2026-09-01,125400.0,334398,14.36
138040,메리츠금융지주,2026-09-02,129800.0,593904,14.39
138040,메리츠금융지주,2026-09-03,136900.0,484901,14.38
138040,메리츠금융지주,2026-09-04,135500.0,213109,14.33
138040,메리츠금융지주,2026-09-07,133700.0,168321,14.32
138040,메리츠금융지주,2026-09-08,130800.0,185665,14.33
138040,메리츠금융지주,2026-09-09,125000.0,276907,14.34
138040,메리츠금융지주,2026-09-10,127400.0,304461,14.33
138040,메리츠금융지주,2026-09-11,128400.0,194530,14.32
138040,메리츠금융지주,2026-09-14,132000.0,252278,14.31
138040,메리츠금융지주,2026-09-15,126900.0,181670,14.3
138040,메리츠금융지주,2026-09-16,125800.0,189948,14.25
138040,메리츠금융지주,2026-09-17,126800.0,218004,14.23
138040,메리츠금융지주,2026-09-18,126700.0,245688,14.2
138040,메리츠금융지주,2026-09-21,129700.0,168539,14.2
138040,메리츠금융지주,2026-09-22,128700.0,169345,14.19
138040,메리츠금융지주,2026-09-23,125500.0,148894,14.23
138040,메리츠금융지주,2026-09-28,132500.0,259698,14.25
138040,메리츠금융지주,2026-09-29,132500.0,124031,14.23
138040,메리츠금융지주,2026-09-30,126900.0,183022,14.21
138040,메리츠금융지주,2026-10-01,127500.0,118069,14.19
138040,메리츠금융지주,2026-10-02,128800.0,93978,14.16
352480,씨앤씨인터내셔널,2026-06-09,19160.0,44753,
352480,씨앤씨인터내셔널,2026-06-10,19260.0,33064,
352480,씨앤씨인터내셔널,2026-06-11,20100.0,48609,
352480,씨앤씨인터내셔널,2026-06-12,18830.0,100933,
352480,씨앤씨인터내셔널,2026-06-15,19210.0,89375,
352480,씨앤씨인터내셔널,2026-06-16,19800.0,41061,
352480,씨앤씨인터내셔널,2026-06-17,21550.0,67459,
352480,씨앤씨인터내셔널,2026-06-18,20900.0,41424,
352480,씨앤씨인터내셔널,2026-06-19,20300.0,30675,
352480,씨앤씨인터내셔널,2026-06-22,21100.0,28227,
352480,씨앤씨인터내셔널,2026-06-23,20150.0,40980,
352480,씨앤씨인터내셔널,2026-06-24,20450.0,35135,
352480,씨앤씨인터내셔널,2026-06-25,21200.0,31334,
352480,씨앤씨인터내셔널,2026-06-26,20600.0,42620,
352480,씨앤씨인터내셔널,2026-06-29,22000.0,24355,
352480,씨앤씨인터내셔널,2026-06-30,21350.0,18699,
352480,씨앤씨인터내셔널,2026-07-01,21200.0,13535,
352480,씨앤씨인터내셔널,2026-07-02,20150.0,22669,
352480,씨앤씨인터내셔널,2026-07-03,19980.0,19988,
352480,씨앤씨인터내셔널,2026-07-06,19520.0,15919,
352480,씨앤씨인터내셔널,2026-07-07,20050.0,23418,
352480,씨앤씨인터내셔널,2026-07-08,19530.0,27192,
352480,씨앤씨인터내셔널,2026-07-09,20150.0,32354,
352480,씨앤씨인터내셔널,2026-07-10,20200.0,19451,
352480,씨앤씨인터내셔널,2026-07-13,19820.0,18175,
352480,씨앤씨인터내셔널,2026-07-14,19320.0,21639,
352480,씨앤씨인터내셔널,2026-07-15,19250.0,12838,
352480,씨앤씨인터내셔널,2026-07-16,19000.0,11632,
352480,씨앤씨인터내셔널,2026-07-20,18500.0,7093,
352480,씨앤씨인터내셔널,2026-07-21,18460.0,17771,
352480,씨앤씨인터내셔널,2026-07-22,17850.0,25757,
352480,씨앤씨인터내셔널,2026-07-23,18580.0,13800,
352480,씨앤씨인터내셔널,2026-07-24,18130.0,11456,
352480,씨앤씨인터내셔널,2026-07-27,18890.0,15918,
352480,씨앤씨인터내셔널,2026-07-28,18000.0,26556,
352480,씨앤씨인터내셔널,2026-07-29,17430.0,49837,
352480,씨앤씨인터내셔널,2026-07-30,16910.0,21504,
352480,씨앤씨인터내셔널,2026-07-31,17900.0,17166,
352480,씨앤씨인터내셔널,2026-08-03,18230.0,15381,
352480,씨앤씨인터내셔널,2026-08-04,19360.0,20656,0.55
352480,씨앤씨인터내셔널,2026-08-05,19400.0,16084,0.54
352480,씨앤씨인터내셔널,2026-08-06,20150.0,23996,0.6
352480,씨앤씨인터내셔널,2026-08-07,20700.0,19235,0.65
352480,씨앤씨인터내셔널,2026-08-10,20350.0,45780,0.63
352480,씨앤씨인터내셔널,2026-08-11,20950.0,19179,0.71
352480,씨앤씨인터내셔널,2026-08-12,22850.0,92126,0.82
352480,씨앤씨인터내셔널,2026-08-13,21550.0,35633,0.71
352480,씨앤씨인터내셔널,2026-08-14,21400.0,25498,0.72
352480,씨앤씨인터내셔널,2026-08-18,20700.0,26543,0.71
352480,씨앤씨인터내셔널,2026-08-19,20750.0,24703,0.7
352480,씨앤씨인터내셔널,2026-08-20,21650.0,20373,0.7
352480,씨앤씨인터내셔널,2026-08-21,21400.0,20026,0.66
352480,씨앤씨인터내셔널,2026-08-24,21900.0,18236,0.67
352480,씨앤씨인터내셔널,2026-08-25,23000.0,28889,0.7
352480,씨앤씨인터내셔널,2026-08-26,23450.0,23610,0.7
352480,씨앤씨인터내셔널,2026-08-27,22700.0,24679,0.62
352480,씨앤씨인터내셔널,2026-08-28,23600.0,29631,0.7
352480,씨앤씨인터내셔널,2026-08-31,22750.0,19923,0.66
352480,씨앤씨인터내셔널,2026-09-01,22400.0,17753,0.59
352480,씨앤씨인터내셔널,2026-09-02,21450.0,15446,0.61
352480,씨앤씨인터내셔널,2026-09-03,21550.0,16510,0.55
352480,씨앤씨인터내셔널,2026-09-04,21800.0,12350,0.53
352480,씨앤씨인터내셔널,2026-09-07,21800.0,10289,0.53
352480,씨앤씨인터내셔널,2026-09-08,20900.0,18254,0.49
352480,씨앤씨인터내셔널,2026-09-09,20850.0,14231,0.47
352480,씨앤씨인터내셔널,2026-09-10,21450.0,16724,0.49
352480,씨앤씨인터내셔널,2026-09-11,21350.0,17721,0.53
352480,씨앤씨인터내셔널,2026-09-14,21800.0,14142,0.53
352480,씨앤씨인터내셔널,2026-09-15,21900.0,14740,0.51
352480,씨앤씨인터내셔널,2026-09-16,21900.0,13460,0.55
352480,씨앤씨인터내셔널,2026-09-17,22400.0,10744,0.52
352480,씨앤씨인터내셔널,2026-09-18,22000.0,8863,0.5
352480,씨앤씨인터내셔널,2026-09-21,22250.0,13131,0.51
352480,씨앤씨인터내셔널,2026-09-22,22100.0,10431,0.49
352480,씨앤씨인터내셔널,2026-09-23,22100.0,10913,0.5
352480,씨앤씨인터내셔널,2026-09-28,21850.0,10195,0.51
352480,씨앤씨인터내셔널,2026-09-29,21200.0,12949,0.5
352480,씨앤씨인터내셔널,2026-09-30,20800.0,10559,0.47
352480,씨앤씨인터내셔널,2026-10-01,21300.0,8594,0.45
352480,씨앤씨인터내셔널,2026-10-02,20700.0,10771,0.44
439090,마녀공장,2026-06-09,13430.0,135990,
439090,마녀공장,2026-06-10,13870.0,205557,
439090,마녀공장,2026-06-11,14090.0,105397,
439090,마녀공장,2026-06-12,14480.0,141783,
439090,마녀공장,2026-06-15,14600.0,91163,
439090,마녀공장,2026-06-16,14770.0,85370,
439090,마녀공장,2026-06-17,15320.0,156761,
439090,마녀공장,2026-06-18,14550.0,94953,
439090,마녀공장,2026-06-19,14120.0,92534,
439090,마녀공장,2026-06-22,13720.0,46908,
439090,마녀공장,2026-06-23,12840.0,105121,
439090,마녀공장,2026-06-24,12790.0,73559,
439090,마녀공장,2026-06-25,14360.0,294075,
439090,마녀공장,2026-06-26,13470.0,180961,
439090,마녀공장,2026-06-29,15070.0,241150,
439090,마녀공장,2026-06-30,15070.0,158471,
439090,마녀공장,2026-07-01,16030.0,241301,
439090,마녀공장,2026-07-02,15250.0,268210,
439090,마녀공장,2026-07-03,15430.0,147397,
439090,마녀공장,2026-07-06,15190.0,109254,
439090,마녀공장,2026-07-07,14860.0,161051,
439090,마녀공장,2026-07-08,17600.0,2418263,
439090,마녀공장,2026-07-09,16130.0,561553,
439090,마녀공장,2026-07-10,16510.0,408402,
439090,마녀공장,2026-07-13,15860.0,399558,
439090,마녀공장,2026-07-14,16460.0,940421,
439090,마녀공장,2026-07-15,16580.0,360162,
439090,마녀공장,2026-07-16,17290.0,1309987,
439090,마녀공장,2026-07-20,16310.0,398478,
439090,마녀공장,2026-07-21,16670.0,306734,
439090,마녀공장,2026-07-22,16430.0,298139,
439090,마녀공장,2026-07-23,16340.0,217685,
439090,마녀공장,2026-07-24,15050.0,227523,
439090,마녀공장,2026-07-27,15430.0,163460,
439090,마녀공장,2026-07-28,15830.0,322290,
439090,마녀공장,2026-07-29,14460.0,293814,
439090,마녀공장,2026-07-30,14920.0,224277,
439090,마녀공장,2026-07-31,15530.0,289905,
439090,마녀공장,2026-08-03,15770.0,159991,
439090,마녀공장,2026-08-04,16330.0,228468,2.42
439090,마녀공장,2026-08-05,16550.0,180597,2.64
439090,마녀공장,2026-08-06,17950.0,760508,2.03
439090,마녀공장,2026-08-07,17310.0,401647,2.52
439090,마녀공장,2026-08-10,17330.0,178245,2.47
439090,마녀공장,2026-08-11,19130.0,2072060,2.43
439090,마녀공장,2026-08-12,19600.0,2573340,2.24
439090,마녀공장,2026-08-13,17970.0,691272,2.3
439090,마녀공장,2026-08-14,18130.0,456599,2.56
439090,마녀공장,2026-08-18,17200.0,319503,2.3
439090,마녀공장,2026-08-19,16960.0,209685,2.15
439090,마녀공장,2026-08-20,17340.0,208716,2.63
439090,마녀공장,2026-08-21,17620.0,297329,2.91
439090,마녀공장,2026-08-24,17170.0,144870,2.79
439090,마녀공장,2026-08-25,17780.0,253612,2.97
439090,마녀공장,2026-08-26,17330.0,110753,2.88
439090,마녀공장,2026-08-27,16910.0,113420,2.64
439090,마녀공장,2026-08-28,17890.0,253973,3.39
439090,마녀공장,2026-08-31,17420.0,113406,3.27
439090,마녀공장,2026-09-01,17090.0,82568,2.96
439090,마녀공장,2026-09-02,16230.0,98391,3.04
439090,마녀공장,2026-09-03,15790.0,98487,2.97
439090,마녀공장,2026-09-04,16010.0,59400,3.02
439090,마녀공장,2026-09-07,15970.0,76089,2.8
439090,마녀공장,2026-09-08,15890.0,58067,2.74
439090,마녀공장,2026-09-09,15810.0,64831,2.79
439090,마녀공장,2026-09-10,15860.0,58116,2.8
439090,마녀공장,2026-09-11,16400.0,585832,2.67
439090,마녀공장,2026-09-14,16610.0,626245,2.58
439090,마녀공장,2026-09-15,16450.0,107014,2.59
439090,마녀공장,2026-09-16,15830.0,134282,2.58
439090,마녀공장,2026-09-17,15910.0,69099,2.55
439090,마녀공장,2026-09-18,15820.0,105809,2.68
439090,마녀공장,2026-09-21,15760.0,87112,2.59
439090,마녀공장,2026-09-22,15550.0,55695,2.57
439090,마녀공장,2026-09-23,15410.0,50895,2.54
439090,마녀공장,2026-09-28,15110.0,45630,2.61
439090,마녀공장,2026-09-29,14990.0,83624,2.7
439090,마녀공장,2026-09-30,14780.0,66665,2.7
439090,마녀공장,2026-10-01,15180.0,74173,2.75
439090,마녀공장,2026-10-02,15750.0,270614,2.76
460860,동국제강,2026-06-09,9100.0,238934,
460860,동국제강,2026-06-10,9130.0,278565,
460860,동국제강,2026-06-11,9130.0,228751,
460860,동국제강,2026-06-12,9500.0,379447,
460860,동국제강,2026-06-15,10380.0,471700,
460860,동국제강,2026-06-16,10120.0,241043,
460860,동국제강,2026-06-17,10090.0,808129,
460860,동국제강,2026-06-18,9640.0,322952,
460860,동국제강,2026-06-19,9280.0,404776,
460860,동국제강,2026-06-22,9170.0,208269,
460860,동국제강,2026-06-23,8820.0,272990,
460860,동국제강,2026-06-24,8850.0,239564,
460860,동국제강,2026-06-25,8760.0,156453,
460860,동국제강,2026-06-26,8400.0,220706,
460860,동국제강,2026-06-29,8980.0,154344,
460860,동국제강,2026-06-30,8810.0,226692,
460860,동국제강,2026-07-01,8830.0,226096,
460860,동국제강,2026-07-02,8630.0,164139,
460860,동국제강,2026-07-03,8570.0,163323,
460860,동국제강,2026-07-06,8520.0,80270,
460860,동국제강,2026-07-07,8300.0,142256,
460860,동국제강,2026-07-08,8160.0,125364,
460860,동국제강,2026-07-09,8080.0,119599,
460860,동국제강,2026-07-10,8520.0,172067,
460860,동국제강,2026-07-13,8340.0,132221,
460860,동국제강,2026-07-14,8280.0,192395,
460860,동국제강,2026-07-15,8500.0,156284,
460860,동국제강,2026-07-16,8580.0,148959,
460860,동국제강,2026-07-20,8340.0,377582,
460860,동국제강,2026-07-21,8390.0,144624,
460860,동국제강,2026-07-22,8540.0,143109,
460860,동국제강,2026-07-23,9170.0,274129,
460860,동국제강,2026-07-24,9410.0,419978,
460860,동국제강,2026-07-27,9190.0,170051,
460860,동국제강,2026-07-28,8710.0,171161,
460860,동국제강,2026-07-29,8380.0,245974,
460860,동국제강,2026-07-30,8660.0,287756,
460860,동국제강,2026-07-31,9010.0,203506,
460860,동국제강,2026-08-03,8790.0,81732,
460860,동국제강,2026-08-04,9200.0,135692,26.86
460860,동국제강,2026-08-05,9830.0,241666,26.93
460860,동국제강,2026-08-06,9840.0,137935,26.91
460860,동국제강,2026-08-07,9800.0,129984,26.81
460860,동국제강,2026-08-10,9860.0,146040,26.88
460860,동국제강,2026-08-11,10130.0,225280,26.57
460860,동국제강,2026-08-12,9780.0,199098,26.7
460860,동국제강,2026-08-13,9670.0,120887,26.66
460860,동국제강,2026-08-14,9860.0,97729,26.75
460860,동국제강,2026-08-18,9660.0,207889,26.71
460860,동국제강,2026-08-19,9650.0,140374,26.5
460860,동국제강,2026-08-20,9520.0,357600,26.56
460860,동국제강,2026-08-21,9140.0,98258,26.46
460860,동국제강,2026-08-24,9280.0,37366,26.5
460860,동국제강,2026-08-25,9700.0,88711,26.56
460860,동국제강,2026-08-26,9660.0,63265,26.55
460860,동국제강,2026-08-27,10840.0,753677,26.97
460860,동국제강,2026-08-28,10380.0,274462,26.79
460860,동국제강,2026-08-31,10210.0,94780,26.78
460860,동국제강,2026-09-01,10390.0,181447,26.71
460860,동국제강,2026-09-02,10290.0,134434,26.6
460860,동국제강,2026-09-03,10670.0,263423,26.49
460860,동국제강,2026-09-04,10510.0,192835,26.42
460860,동국제강,2026-09-07,10490.0,60746,26.39
460860,동국제강,2026-09-08,10260.0,122136,26.41
460860,동국제강,2026-09-09,10400.0,134832,26.52
460860,동국제강,2026-09-10,10320.0,168865,26.64
460860,동국제강,2026-09-11,10320.0,102213,26.63
460860,동국제강,2026-09-14,10100.0,126840,26.62
460860,동국제강,2026-09-15,10380.0,166019,26.62
460860,동국제강,2026-09-16,10020.0,147047,26.5
460860,동국제강,2026-09-17,9900.0,99298,26.56
460860,동국제강,2026-09-18,10260.0,295087,26.65
460860,동국제강,2026-09-21,10160.0,110376,26.5
460860,동국제강,2026-09-22,9940.0,105499,26.51
460860,동국제강,2026-09-23,9520.0,225792,26.43
460860,동국제강,2026-09-28,9400.0,56547,26.49
460860,동국제강,2026-09-29,9460.0,149376,26.5
460860,동국제강,2026-09-30,9470.0,84290,26.48
460860,동국제강,2026-10-01,9780.0,3263314,24.87
460860,동국제강,2026-10-02,9910.0,407185,24.91
001680,대상,2026-06-09,18090.0,69217,
001680,대상,2026-06-10,17920.0,104301,
001680,대상,2026-06-11,17810.0,433679,
001680,대상,2026-06-12,18560.0,154997,
001680,대상,2026-06-15,18550.0,120823,
001680,대상,2026-06-16,18720.0,66378,
001680,대상,2026-06-17,18440.0,55161,
001680,대상,2026-06-18,17860.0,102829,
001680,대상,2026-06-19,17540.0,132148,
001680,대상,2026-06-22,17070.0,103672,
001680,대상,2026-06-23,16570.0,126187,
001680,대상,2026-06-24,16600.0,103207,
001680,대상,2026-06-25,16400.0,81678,
001680,대상,2026-06-26,15980.0,103353,
001680,대상,2026-06-29,17230.0,75553,
001680,대상,2026-06-30,16850.0,58885,
001680,대상,2026-07-01,17340.0,84704,
001680,대상,2026-07-02,17740.0,91102,
001680,대상,2026-07-03,17490.0,103108,
001680,대상,2026-07-06,17550.0,35004,
001680,대상,2026-07-07,17950.0,59520,
001680,대상,2026-07-08,17550.0,59512,
001680,대상,2026-07-09,17520.0,61576,
001680,대상,2026-07-10,17440.0,63175,
001680,대상,2026-07-13,17500.0,62743,
001680,대상,2026-07-14,17380.0,67909,
001680,대상,2026-07-15,17210.0,50052,
001680,대상,2026-07-16,17260.0,45076,
001680,대상,2026-07-20,17220.0,32918,
001680,대상,2026-07-21,17130.0,46639,
001680,대상,2026-07-22,16900.0,41657,
001680,대상,2026-07-23,17480.0,70585,
001680,대상,2026-07-24,17800.0,84980,
001680,대상,2026-07-27,17920.0,69342,
001680,대상,2026-07-28,17520.0,53544,
001680,대상,2026-07-29,17880.0,152273,
001680,대상,2026-07-30,18220.0,140041,
001680,대상,2026-07-31,17720.0,115468,
001680,대상,2026-08-03,17480.0,65026,
001680,대상,2026-08-04,17740.0,46582,
001680,대상,2026-08-05,17710.0,69451,17.13
001680,대상,2026-08-06,18260.0,91276,17.18
001680,대상,2026-08-07,18550.0,105049,17.23
001680,대상,2026-08-10,18370.0,52536,17.16
001680,대상,2026-08-11,18320.0,71082,17.04
001680,대상,2026-08-12,17880.0,122410,16.92
001680,대상,2026-08-13,17790.0,141622,16.86
001680,대상,2026-08-14,18370.0,171615,17.09
001680,대상,2026-08-18,17510.0,257257,16.59
001680,대상,2026-08-19,17250.0,91700,16.53
001680,대상,2026-08-20,17570.0,111679,16.45
001680,대상,2026-08-21,17320.0,47605,16.42
001680,대상,2026-08-24,18030.0,137322,16.58
001680,대상,2026-08-25,17880.0,134280,16.51
001680,대상,2026-08-26,18150.0,209820,16.57
001680,대상,2026-08-27,17490.0,149949,16.19
001680,대상,2026-08-28,18200.0,207126,16.38
001680,대상,2026-08-31,18310.0,578271,16.36
001680,대상,2026-09-01,18740.0,207990,16.61
001680,대상,2026-09-02,18570.0,137564,16.34
001680,대상,2026-09-03,19050.0,250726,16.51
001680,대상,2026-09-04,19210.0,176340,16.59
001680,대상,2026-09-07,18820.0,122278,16.43
001680,대상,2026-09-08,18910.0,92299,16.46
001680,대상,2026-09-09,18560.0,82817,16.35
001680,대상,2026-09-10,18640.0,128993,16.47
001680,대상,2026-09-11,18760.0,62737,16.5
001680,대상,2026-09-14,18690.0,47434,16.51
001680,대상,2026-09-15,18390.0,38672,16.48
001680,대상,2026-09-16,18150.0,40788,16.47
001680,대상,2026-09-17,18030.0,46990,16.41
001680,대상,2026-09-18,17830.0,78807,16.32
001680,대상,2026-09-21,17810.0,44675,16.3
001680,대상,2026-09-22,17760.0,41127,16.27
001680,대상,2026-09-23,17840.0,43094,16.23
001680,대상,2026-09-28,18290.0,80700,16.27
001680,대상,2026-09-29,18090.0,36258,16.26
001680,대상,2026-09-30,17980.0,48867,16.24
001680,대상,2026-10-01,17800.0,46396,16.16
001680,대상,2026-10-02,17810.0,40157,16.13
006360,GS건설,2026-06-09,26450.0,803314,
006360,GS건설,2026-06-10,26800.0,969252,
006360,GS건설,2026-06-11,26200.0,2910404,
006360,GS건설,2026-06-12,28800.0,2230784,
006360,GS건설,2026-06-15,30250.0,1751366,
006360,GS건설,2026-06-16,31850.0,4570551,
006360,GS건설,2026-06-17,29450.0,1556921,
006360,GS건설,2026-06-18,27700.0,1159225,
006360,GS건설,2026-06-19,26550.0,1161216,
006360,GS건설,2026-06-22,27150.0,781234,
006360,GS건설,2026-06-23,24600.0,1001963,
006360,GS건설,2026-06-24,25050.0,635260,
006360,GS건설,2026-06-25,24300.0,568704,
006360,GS건설,2026-06-26,23300.0,784580,
006360,GS건설,2026-06-29,25250.0,665869,
006360,GS건설,2026-06-30,25100.0,487293,
006360,GS건설,2026-07-01,30100.0,6557573,
006360,GS건설,2026-07-02,29650.0,4580249,
006360,GS건설,2026-07-03,28550.0,2345156,
006360,GS건설,2026-07-06,30600.0,3727425,
006360,GS건설,2026-07-07,30900.0,3715676,
006360,GS건설,2026-07-08,28400.0,2400166,
006360,GS건설,2026-07-09,29250.0,2303030,
006360,GS건설,2026-07-10,31850.0,4199969,
006360,GS건설,2026-07-13,29450.0,2266241,
006360,GS건설,2026-07-14,28000.0,1630620,
006360,GS건설,2026-07-15,28750.0,1579507,
006360,GS건설,2026-07-16,27300.0,1026430,
006360,GS건설,2026-07-20,26050.0,1061251,
006360,GS건설,2026-07-21,25600.0,1010307,
006360,GS건설,2026-07-22,29100.0,3553185,
006360,GS건설,2026-07-23,34400.0,7994020,
006360,GS건설,2026-07-24,30250.0,3663787,
006360,GS건설,2026-07-27,29100.0,2422017,
006360,GS건설,2026-07-28,25500.0,2575789,
006360,GS건설,2026-07-29,22200.0,5105961,
006360,GS건설,2026-07-30,22250.0,2584915,
006360,GS건설,2026-07-31,23450.0,3108389,
006360,GS건설,2026-08-03,24250.0,2514253,
006360,GS건설,2026-08-04,28750.0,5430333,
006360,GS건설,2026-08-05,31150.0,4588128,18.77
006360,GS건설,2026-08-06,32600.0,7114689,18.49
006360,GS건설,2026-08-07,31650.0,2307973,18.49
006360,GS건설,2026-08-10,34900.0,4904454,18.49
006360,GS건설,2026-08-11,34750.0,3927125,18.09
006360,GS건설,2026-08-12,35200.0,2779663,18.17
006360,GS건설,2026-08-13,35700.0,3230140,18.64
006360,GS건설,2026-08-14,35350.0,2080996,18.95
006360,GS건설,2026-08-18,34150.0,1741402,19.2
006360,GS건설,2026-08-19,34950.0,2860256,19.39
006360,GS건설,2026-08-20,35600.0,2262601,19.15
006360,GS건설,2026-08-21,33250.0,2518813,19.56
006360,GS건설,2026-08-24,33900.0,1191606,19.65
006360,GS건설,2026-08-25,35000.0,1866967,19.47
006360,GS건설,2026-08-26,37800.0,5413070,19.3
006360,GS건설,2026-08-27,36900.0,2747647,19.24
006360,GS건설,2026-08-28,37150.0,1416845,18.95
006360,GS건설,2026-08-31,36300.0,1762169,18.93
006360,GS건설,2026-09-01,33300.0,2305031,19.12
006360,GS건설,2026-09-02,32250.0,1573393,19.65
006360,GS건설,2026-09-03,33600.0,2008766,19.78
006360,GS건설,2026-09-04,34250.0,846974,19.87
006360,GS건설,2026-09-07,35200.0,1189057,19.89
006360,GS건설,2026-09-08,35250.0,2260348,19.88
006360,GS건설,2026-09-09,35550.0,1647382,19.77
006360,GS건설,2026-09-10,37250.0,1723191,19.83
006360,GS건설,2026-09-11,38500.0,3398969,20.36
006360,GS건설,2026-09-14,36200.0,1130833,20.2
006360,GS건설,2026-09-15,38150.0,1830547,20.08
006360,GS건설,2026-09-16,36800.0,868269,19.92
006360,GS건설,2026-09-17,36650.0,708363,19.77
006360,GS건설,2026-09-18,37200.0,3578023,19.91
006360,GS건설,2026-09-21,36800.0,1283903,19.7
006360,GS건설,2026-09-22,37500.0,1420155,19.6
006360,GS건설,2026-09-23,34750.0,2377160,19.14
006360,GS건설,2026-09-28,35350.0,1455085,19.52
006360,GS건설,2026-09-29,34400.0,1226493,19.7
006360,GS건설,2026-09-30,34100.0,756331,19.79
006360,GS건설,2026-10-01,33100.0,1555182,19.8
006360,GS건설,2026-10-02,33150.0,1142778,20.13
023530,롯데쇼핑,2026-06-09,181900.0,278392,
023530,롯데쇼핑,2026-06-10,195500.0,232402,
023530,롯데쇼핑,2026-06-11,202000.0,341672,
023530,롯데쇼핑,2026-06-12,195600.0,317462,
023530,롯데쇼핑,2026-06-15,186300.0,339060,
023530,롯데쇼핑,2026-06-16,198000.0,281659,
023530,롯데쇼핑,2026-06-17,203500.0,210868,
023530,롯데쇼핑,2026-06-18,188700.0,138465,
023530,롯데쇼핑,2026-06-19,179900.0,160163,
023530,롯데쇼핑,2026-06-22,177200.0,106229,
023530,롯데쇼핑,2026-06-23,175000.0,116849,
023530,롯데쇼핑,2026-06-24,174300.0,169975,
023530,롯데쇼핑,2026-06-25,170600.0,120405,
023530,롯데쇼핑,2026-06-26,174700.0,187009,
023530,롯데쇼핑,2026-06-29,171100.0,185194,
023530,롯데쇼핑,2026-06-30,169700.0,106735,
023530,롯데쇼핑,2026-07-01,185000.0,127943,
023530,롯데쇼핑,2026-07-02,168500.0,222236,
023530,롯데쇼핑,2026-07-03,167300.0,117739,
023530,롯데쇼핑,2026-07-06,172900.0,89650,
023530,롯데쇼핑,2026-07-07,174600.0,129635,
023530,롯데쇼핑,2026-07-08,159600.0,194785,
023530,롯데쇼핑,2026-07-09,158400.0,183420,
023530,롯데쇼핑,2026-07-10,155300.0,122343,
023530,롯데쇼핑,2026-07-13,154300.0,90932,
023530,롯데쇼핑,2026-07-14,146000.0,217095,
023530,롯데쇼핑,2026-07-15,147600.0,140378,
023530,롯데쇼핑,2026-07-16,140800.0,165550,
023530,롯데쇼핑,2026-07-20,126500.0,183645,
023530,롯데쇼핑,2026-07-21,130400.0,88508,
023530,롯데쇼핑,2026-07-22,134400.0,94772,
023530,롯데쇼핑,2026-07-23,128200.0,425853,
023530,롯데쇼핑,2026-07-24,125900.0,132964,
023530,롯데쇼핑,2026-07-27,129200.0,66323,
023530,롯데쇼핑,2026-07-28,122700.0,51233,
023530,롯데쇼핑,2026-07-29,117200.0,107214,
023530,롯데쇼핑,2026-07-30,112600.0,136787,
023530,롯데쇼핑,2026-07-31,117300.0,140611,
023530,롯데쇼핑,2026-08-03,116300.0,98157,
023530,롯데쇼핑,2026-08-04,114700.0,167505,
023530,롯데쇼핑,2026-08-05,114300.0,206125,14.39
023530,롯데쇼핑,2026-08-06,114500.0,171619,14.58
023530,롯데쇼핑,2026-08-07,99700.0,579906,14.43
023530,롯데쇼핑,2026-08-10,106400.0,227977,14.78
023530,롯데쇼핑,2026-08-11,98800.0,245154,14.53
023530,롯데쇼핑,2026-08-12,97300.0,207351,14.55
023530,롯데쇼핑,2026-08-13,99500.0,261834,15.02
023530,롯데쇼핑,2026-08-14,102900.0,158161,15.11
023530,롯데쇼핑,2026-08-18,103000.0,195440,15.12
023530,롯데쇼핑,2026-08-19,97100.0,130953,15.11
023530,롯데쇼핑,2026-08-20,97200.0,99065,15.27
023530,롯데쇼핑,2026-08-21,96700.0,93355,15.37
023530,롯데쇼핑,2026-08-24,96200.0,78119,15.49
023530,롯데쇼핑,2026-08-25,98900.0,120487,15.61
023530,롯데쇼핑,2026-08-26,105100.0,272851,15.57
023530,롯데쇼핑,2026-08-27,104100.0,100323,15.55
023530,롯데쇼핑,2026-08-28,102100.0,109759,15.68
023530,롯데쇼핑,2026-08-31,106400.0,148876,15.54
023530,롯데쇼핑,2026-09-01,113300.0,217413,15.37
023530,롯데쇼핑,2026-09-02,105300.0,217529,15.14
023530,롯데쇼핑,2026-09-03,105300.0,153288,15.02
023530,롯데쇼핑,2026-09-04,107500.0,129111,14.93
023530,롯데쇼핑,2026-09-07,112300.0,162910,14.83
023530,롯데쇼핑,2026-09-08,117800.0,277095,14.72
023530,롯데쇼핑,2026-09-09,110900.0,252908,14.6
023530,롯데쇼핑,2026-09-10,111700.0,146572,14.49
023530,롯데쇼핑,2026-09-11,112000.0,148348,14.31
023530,롯데쇼핑,2026-09-14,117900.0,208987,14.08
023530,롯데쇼핑,2026-09-15,116200.0,171426,13.75
023530,롯데쇼핑,2026-09-16,119800.0,220903,13.36
023530,롯데쇼핑,2026-09-17,117200.0,153713,13.08
023530,롯데쇼핑,2026-09-18,114100.0,159788,12.96
023530,롯데쇼핑,2026-09-21,110200.0,149846,12.9
023530,롯데쇼핑,2026-09-22,109000.0,128507,12.79
023530,롯데쇼핑,2026-09-23,104700.0,103665,12.82
023530,롯데쇼핑,2026-09-28,102200.0,86615,12.91
023530,롯데쇼핑,2026-09-29,102000.0,61127,12.95
023530,롯데쇼핑,2026-09-30,101500.0,115104,12.95
023530,롯데쇼핑,2026-10-01,100900.0,73595,12.95
023530,롯데쇼핑,2026-10-02,101800.0,60274,13.04
034020,두산에너빌리티,2026-06-09,92300.0,3082661,
034020,두산에너빌리티,2026-06-10,91100.0,2646807,
034020,두산에너빌리티,2026-06-11,88600.0,3002950,
034020,두산에너빌리티,2026-06-12,93100.0,2998526,
034020,두산에너빌리티,2026-06-15,99800.0,2520626,
034020,두산에너빌리티,2026-06-16,103300.0,3301721,
034020,두산에너빌리티,2026-06-17,103200.0,2408504,
034020,두산에너빌리티,2026-06-18,99600.0,4268637,
034020,두산에너빌리티,2026-06-19,97900.0,4391283,
034020,두산에너빌리티,2026-06-22,94200.0,2146567,
034020,두산에너빌리티,2026-06-23,89200.0,4439638,
034020,두산에너빌리티,2026-06-24,90600.0,3053656,
034020,두산에너빌리티,2026-06-25,87800.0,2738234,
034020,두산에너빌리티,2026-06-26,81100.0,4769262,
034020,두산에너빌리티,2026-06-29,88000.0,4231835,
034020,두산에너빌리티,2026-06-30,86800.0,2498630,
034020,두산에너빌리티,2026-07-01,88500.0,2186748,
034020,두산에너빌리티,2026-07-02,86000.0,2538076,
034020,두산에너빌리티,2026-07-03,86200.0,2936728,
034020,두산에너빌리티,2026-07-06,85500.0,2210209,
034020,두산에너빌리티,2026-07-07,81600.0,2596943,
034020,두산에너빌리티,2026-07-08,74000.0,3895625,
034020,두산에너빌리티,2026-07-09,73200.0,3641029,
034020,두산에너빌리티,2026-07-10,78100.0,3005529,
034020,두산에너빌리티,2026-07-13,73200.0,2881964,
034020,두산에너빌리티,2026-07-14,70900.0,4079032,
034020,두산에너빌리티,2026-07-15,73000.0,2540969,
034020,두산에너빌리티,2026-07-16,69700.0,2541779,
034020,두산에너빌리티,2026-07-20,64800.0,2835943,
034020,두산에너빌리티,2026-07-21,66800.0,2611452,
034020,두산에너빌리티,2026-07-22,69200.0,3001478,
034020,두산에너빌리티,2026-07-23,73200.0,1764464,
034020,두산에너빌리티,2026-07-24,72100.0,2017878,
034020,두산에너빌리티,2026-07-27,70900.0,1484901,
034020,두산에너빌리티,2026-07-28,64700.0,2148321,
034020,두산에너빌리티,2026-07-29,60800.0,4800443,
034020,두산에너빌리티,2026-07-30,60200.0,3193446,
034020,두산에너빌리티,2026-07-31,67100.0,3208797,
034020,두산에너빌리티,2026-08-03,67700.0,1762521,
034020,두산에너빌리티,2026-08-04,73000.0,2577175,
034020,두산에너빌리티,2026-08-05,77000.0,2227898,24.1
034020,두산에너빌리티,2026-08-06,76400.0,1963326,24.02
034020,두산에너빌리티,2026-08-07,77100.0,1606838,24.03
034020,두산에너빌리티,2026-08-10,79900.0,1894842,23.95
034020,두산에너빌리티,2026-08-11,77900.0,1423064,23.89
034020,두산에너빌리티,2026-08-12,80300.0,2082680,23.96
034020,두산에너빌리티,2026-08-13,80900.0,2271931,24.08
034020,두산에너빌리티,2026-08-14,82600.0,2119063,24.06
034020,두산에너빌리티,2026-08-18,77900.0,2281893,23.98
034020,두산에너빌리티,2026-08-19,76200.0,1818090,24.02
034020,두산에너빌리티,2026-08-20,75900.0,1377164,24.0
034020,두산에너빌리티,2026-08-21,73300.0,2467372,23.81
034020,두산에너빌리티,2026-08-24,73000.0,1314814,23.83
034020,두산에너빌리티,2026-08-25,80700.0,5507764,23.99
034020,두산에너빌리티,2026-08-26,85800.0,6424721,23.92
034020,두산에너빌리티,2026-08-27,85900.0,3748823,23.88
034020,두산에너빌리티,2026-08-28,88200.0,3536511,23.91
034020,두산에너빌리티,2026-08-31,82500.0,3507575,23.76
034020,두산에너빌리티,2026-09-01,81400.0,1522827,23.74
034020,두산에너빌리티,2026-09-02,76600.0,1902865,23.68
034020,두산에너빌리티,2026-09-03,79200.0,3211239,23.61
034020,두산에너빌리티,2026-09-04,79200.0,1477682,23.53
034020,두산에너빌리티,2026-09-07,87900.0,6221607,23.63
034020,두산에너빌리티,2026-09-08,89500.0,5754041,23.61
034020,두산에너빌리티,2026-09-09,91700.0,3708953,23.65
034020,두산에너빌리티,2026-09-10,89900.0,2922572,23.59
034020,두산에너빌리티,2026-09-11,90800.0,2545969,23.56
034020,두산에너빌리티,2026-09-14,85600.0,3232566,23.45
034020,두산에너빌리티,2026-09-15,86800.0,2201303,23.37
034020,두산에너빌리티,2026-09-16,84100.0,2140785,23.27
034020,두산에너빌리티,2026-09-17,86400.0,1747314,23.23
034020,두산에너빌리티,2026-09-18,85700.0,2338766,23.12
034020,두산에너빌리티,2026-09-21,86500.0,1724152,23.05
034020,두산에너빌리티,2026-09-22,86600.0,3019059,23.03
034020,두산에너빌리티,2026-09-23,82700.0,4585876,22.73
034020,두산에너빌리티,2026-09-28,81100.0,1579398,22.74
034020,두산에너빌리티,2026-09-29,80500.0,2146662,22.71
034020,두산에너빌리티,2026-09-30,81900.0,1524398,22.71
034020,두산에너빌리티,2026-10-01,82300.0,2260136,22.62
034020,두산에너빌리티,2026-10-02,81400.0,1824290,22.55
042000,카페24,2026-06-09,19430.0,220813,
042000,카페24,2026-06-10,18880.0,109571,
042000,카페24,2026-06-11,19370.0,182100,
042000,카페24,2026-06-12,19000.0,117104,
042000,카페24,2026-06-15,19910.0,69871,
042000,카페24,2026-06-16,19670.0,82898,
042000,카페24,2026-06-17,19920.0,63158,
042000,카페24,2026-06-18,19560.0,63172,
042000,카페24,2026-06-19,18460.0,74797,
042000,카페24,2026-06-22,18080.0,63908,
042000,카페24,2026-06-23,17250.0,125505,
042000,카페24,2026-06-24,17420.0,59011,
042000,카페24,2026-06-25,17050.0,112670,
042000,카페24,2026-06-26,16620.0,93222,
042000,카페24,2026-06-29,19680.0,164371,
042000,카페24,2026-06-30,17780.0,102512,
042000,카페24,2026-07-01,17870.0,74281,
042000,카페24,2026-07-02,17940.0,72028,
042000,카페24,2026-07-03,17700.0,60490,
042000,카페24,2026-07-06,17430.0,32203,
042000,카페24,2026-07-07,17200.0,72598,
042000,카페24,2026-07-08,16690.0,49879,
042000,카페24,2026-07-09,16390.0,145506,
042000,카페24,2026-07-10,17330.0,71563,
042000,카페24,2026-07-13,16600.0,62102,
042000,카페24,2026-07-14,16300.0,91015,
042000,카페24,2026-07-15,16690.0,104714,
042000,카페24,2026-07-16,16130.0,67784,
042000,카페24,2026-07-20,15270.0,52946,
042000,카페24,2026-07-21,15610.0,51183,
042000,카페24,2026-07-22,15640.0,60525,
042000,카페24,2026-07-23,17420.0,91724,
042000,카페24,2026-07-24,16570.0,47533,
042000,카페24,2026-07-27,17800.0,89485,
042000,카페24,2026-07-28,17230.0,75683,
042000,카페24,2026-07-29,16080.0,111847,
042000,카페24,2026-07-30,15750.0,94930,
042000,카페24,2026-07-31,16850.0,80584,
042000,카페24,2026-08-03,17540.0,84334,
042000,카페24,2026-08-04,18420.0,117324,
042000,카페24,2026-08-05,17870.0,73254,18.73
042000,카페24,2026-08-06,18420.0,71464,18.74
042000,카페24,2026-08-07,17700.0,76883,18.7
042000,카페24,2026-08-10,18240.0,73445,18.66
042000,카페24,2026-08-11,18440.0,70738,18.72
042000,카페24,2026-08-12,18130.0,37355,18.71
042000,카페24,2026-08-13,18060.0,41298,18.73
042000,카페24,2026-08-14,17840.0,50020,18.7
042000,카페24,2026-08-18,16570.0,106369,18.49
042000,카페24,2026-08-19,16460.0,54416,18.46
042000,카페24,2026-08-20,16900.0,40713,18.51
042000,카페24,2026-08-21,16330.0,58343,18.47
042000,카페24,2026-08-24,16660.0,38213,18.52
042000,카페24,2026-08-25,16810.0,35246,18.52
042000,카페24,2026-08-26,16890.0,34988,18.57
042000,카페24,2026-08-27,17020.0,28372,18.58
042000,카페24,2026-08-28,17120.0,38781,18.63
042000,카페24,2026-08-31,16990.0,40721,18.68
042000,카페24,2026-09-01,16740.0,47207,18.73
042000,카페24,2026-09-02,16040.0,52446,18.72
042000,카페24,2026-09-03,15810.0,40180,18.7
042000,카페24,2026-09-04,16120.0,29105,18.69
042000,카페24,2026-09-07,16130.0,22698,18.71
042000,카페24,2026-09-08,15920.0,58244,18.71
042000,카페24,2026-09-09,15540.0,71595,18.44
042000,카페24,2026-09-10,15510.0,126313,18.56
042000,카페24,2026-09-11,15500.0,49391,18.63
042000,카페24,2026-09-14,15530.0,49057,18.68
042000,카페24,2026-09-15,15820.0,32948,18.68
042000,카페24,2026-09-16,15510.0,34021,18.6
042000,카페24,2026-09-17,15380.0,18913,18.55
042000,카페24,2026-09-18,15070.0,75490,18.31
042000,카페24,2026-09-21,15190.0,43721,18.38
042000,카페24,2026-09-22,15080.0,60768,18.39
042000,카페24,2026-09-23,17800.0,951709,18.77
042000,카페24,2026-09-28,18650.0,736213,18.64
042000,카페24,2026-09-29,18750.0,194493,18.56
042000,카페24,2026-09-30,18760.0,171369,18.57
042000,카페24,2026-10-01,21400.0,583642,18.98
042000,카페24,2026-10-02,20500.0,1414991,17.52
089030,테크윙,2026-06-09,59700.0,9818845,
089030,테크윙,2026-06-10,57600.0,6031682,
089030,테크윙,2026-06-11,61100.0,4736965,
089030,테크윙,2026-06-12,65300.0,8561041,
089030,테크윙,2026-06-15,67900.0,6971175,
089030,테크윙,2026-06-16,59900.0,2648084,
089030,테크윙,2026-06-17,62100.0,2891659,
089030,테크윙,2026-06-18,60500.0,1542070,
089030,테크윙,2026-06-19,60200.0,1963105,
089030,테크윙,2026-06-22,61100.0,1723869,
089030,테크윙,2026-06-23,52500.0,1815611,
089030,테크윙,2026-06-24,49900.0,1476348,
089030,테크윙,2026-06-25,52300.0,2988071,
089030,테크윙,2026-06-26,51800.0,1977303,
089030,테크윙,2026-06-29,51600.0,1056447,
089030,테크윙,2026-06-30,53600.0,1633426,
089030,테크윙,2026-07-01,58400.0,3615267,
089030,테크윙,2026-07-02,47450.0,2171775,
089030,테크윙,2026-07-03,46600.0,1434323,
089030,테크윙,2026-07-06,46100.0,1213291,
089030,테크윙,2026-07-07,41100.0,1434447,
089030,테크윙,2026-07-08,37950.0,1094386,
089030,테크윙,2026-07-09,39450.0,1557626,
089030,테크윙,2026-07-10,43900.0,1543804,
089030,테크윙,2026-07-13,43850.0,1490150,
089030,테크윙,2026-07-14,48450.0,4262975,
089030,테크윙,2026-07-15,51900.0,1725163,
089030,테크윙,2026-07-16,49200.0,790542,
089030,테크윙,2026-07-20,48550.0,1500346,
089030,테크윙,2026-07-21,46800.0,903549,
089030,테크윙,2026-07-22,46200.0,951455,
089030,테크윙,2026-07-23,50800.0,1470673,
089030,테크윙,2026-07-24,45050.0,681479,
089030,테크윙,2026-07-27,44550.0,483732,
089030,테크윙,2026-07-28,38950.0,708146,
089030,테크윙,2026-07-29,34400.0,1267167,
089030,테크윙,2026-07-30,31900.0,931410,
089030,테크윙,2026-07-31,41450.0,1272940,
089030,테크윙,2026-08-03,46300.0,1779227,
089030,테크윙,2026-08-04,48100.0,820778,
089030,테크윙,2026-08-05,47900.0,633776,
089030,테크윙,2026-08-06,47300.0,474517,
089030,테크윙,2026-08-07,43600.0,528325,15.93
089030,테크윙,2026-08-10,46400.0,641423,15.86
089030,테크윙,2026-08-11,47800.0,514608,15.87
089030,테크윙,2026-08-12,48350.0,421014,16.03
089030,테크윙,2026-08-13,49350.0,580525,16.2
089030,테크윙,2026-08-14,49250.0,557788,16.26
089030,테크윙,2026-08-18,49300.0,803989,16.58
089030,테크윙,2026-08-19,48850.0,453236,16.73
089030,테크윙,2026-08-20,51100.0,550473,16.94
089030,테크윙,2026-08-21,48400.0,355311,16.82
089030,테크윙,2026-08-24,46650.0,285668,16.86
089030,테크윙,2026-08-25,50600.0,466046,16.93
089030,테크윙,2026-08-26,49200.0,282586,16.97
089030,테크윙,2026-08-27,49700.0,360038,16.94
089030,테크윙,2026-08-28,49900.0,331444,17.13
089030,테크윙,2026-08-31,49600.0,426638,17.26
089030,테크윙,2026-09-01,48050.0,306526,17.16
089030,테크윙,2026-09-02,47350.0,396666,17.41
089030,테크윙,2026-09-03,46150.0,328149,17.36
089030,테크윙,2026-09-04,47100.0,357208,17.4
089030,테크윙,2026-09-07,48100.0,411880,17.28
089030,테크윙,2026-09-08,46200.0,446901,16.97
089030,테크윙,2026-09-09,48200.0,723672,17.64
089030,테크윙,2026-09-10,49300.0,2049557,20.77
089030,테크윙,2026-09-11,46350.0,708200,19.95
089030,테크윙,2026-09-14,43100.0,421816,19.59
089030,테크윙,2026-09-15,44750.0,338649,19.4
089030,테크윙,2026-09-16,45400.0,402511,19.58
089030,테크윙,2026-09-17,46400.0,292093,19.64
089030,테크윙,2026-09-18,45700.0,407318,19.7
089030,테크윙,2026-09-21,48300.0,949780,20.2
089030,테크윙,2026-09-22,47850.0,680695,20.24
089030,테크윙,2026-09-23,49150.0,839576,20.29
089030,테크윙,2026-09-28,48750.0,395668,20.62
089030,테크윙,2026-09-29,51600.0,765357,20.69
089030,테크윙,2026-09-30,52400.0,693859,20.81
089030,테크윙,2026-10-01,57000.0,1557952,21.59
089030,테크윙,2026-10-02,55700.0,953864,21.36
036460,한국가스공사,2026-06-09,34000.0,273164,
036460,한국가스공사,2026-06-10,35150.0,236554,
036460,한국가스공사,2026-06-11,35750.0,389465,
036460,한국가스공사,2026-06-12,36200.0,290483,
036460,한국가스공사,2026-06-15,37000.0,236862,
036460,한국가스공사,2026-06-16,36350.0,320070,
036460,한국가스공사,2026-06-17,36050.0,143387,
036460,한국가스공사,2026-06-18,34750.0,227215,
036460,한국가스공사,2026-06-19,34400.0,352152,
036460,한국가스공사,2026-06-22,33500.0,165062,
036460,한국가스공사,2026-06-23,32650.0,219212,
036460,한국가스공사,2026-06-24,32450.0,250234,
036460,한국가스공사,2026-06-25,32100.0,190484,
036460,한국가스공사,2026-06-26,31900.0,179888,
036460,한국가스공사,2026-06-29,32700.0,148156,
036460,한국가스공사,2026-06-30,31950.0,168517,
036460,한국가스공사,2026-07-01,32550.0,154888,
036460,한국가스공사,2026-07-02,32900.0,151436,
036460,한국가스공사,2026-07-03,33100.0,155564,
036460,한국가스공사,2026-07-06,33150.0,100769,
036460,한국가스공사,2026-07-07,33250.0,144181,
036460,한국가스공사,2026-07-08,33200.0,211602,
036460,한국가스공사,2026-07-09,32300.0,199796,
036460,한국가스공사,2026-07-10,33050.0,168632,
036460,한국가스공사,2026-07-13,32700.0,124756,
036460,한국가스공사,2026-07-14,32350.0,232640,
036460,한국가스공사,2026-07-15,32400.0,113155,
036460,한국가스공사,2026-07-16,32400.0,129031,
036460,한국가스공사,2026-07-20,31700.0,163531,
036460,한국가스공사,2026-07-21,32250.0,123020,
036460,한국가스공사,2026-07-22,32400.0,75246,
036460,한국가스공사,2026-07-23,34400.0,183925,
036460,한국가스공사,2026-07-24,34950.0,235471,
036460,한국가스공사,2026-07-27,35100.0,101857,
036460,한국가스공사,2026-07-28,34050.0,128727,
036460,한국가스공사,2026-07-29,33400.0,208505,
036460,한국가스공사,2026-07-30,34450.0,171699,
036460,한국가스공사,2026-07-31,34450.0,153998,
036460,한국가스공사,2026-08-03,34300.0,142922,
036460,한국가스공사,2026-08-04,34100.0,143645,
036460,한국가스공사,2026-08-05,33950.0,131774,
036460,한국가스공사,2026-08-06,34750.0,108763,
036460,한국가스공사,2026-08-07,35750.0,268837,
036460,한국가스공사,2026-08-10,35700.0,182328,12.22
036460,한국가스공사,2026-08-11,35950.0,143252,12.3
036460,한국가스공사,2026-08-12,36650.0,189655,12.4
036460,한국가스공사,2026-08-13,35900.0,317995,12.5
036460,한국가스공사,2026-08-14,36600.0,120369,12.6
036460,한국가스공사,2026-08-18,36550.0,128518,12.66
036460,한국가스공사,2026-08-19,36250.0,139811,12.68
036460,한국가스공사,2026-08-20,36350.0,130041,12.7
036460,한국가스공사,2026-08-21,35650.0,60129,12.7
036460,한국가스공사,2026-08-24,36500.0,88399,12.74
036460,한국가스공사,2026-08-25,36800.0,107305,12.78
036460,한국가스공사,2026-08-26,37100.0,98614,12.81
036460,한국가스공사,2026-08-27,36900.0,78553,12.81
036460,한국가스공사,2026-08-28,37100.0,88495,12.83
036460,한국가스공사,2026-08-31,37450.0,132015,12.88
036460,한국가스공사,2026-09-01,37500.0,99593,12.92
036460,한국가스공사,2026-09-02,37000.0,121742,12.94
036460,한국가스공사,2026-09-03,37700.0,243084,13.05
036460,한국가스공사,2026-09-04,35100.0,528643,12.98
036460,한국가스공사,2026-09-07,35100.0,221625,13.06
036460,한국가스공사,2026-09-08,35400.0,132005,13.1
036460,한국가스공사,2026-09-09,36150.0,173263,13.19
036460,한국가스공사,2026-09-10,36500.0,337872,13.38
036460,한국가스공사,2026-09-11,37000.0,176613,13.43
036460,한국가스공사,2026-09-14,36700.0,133109,13.43
036460,한국가스공사,2026-09-15,36600.0,97724,13.45
036460,한국가스공사,2026-09-16,36150.0,150053,13.45
036460,한국가스공사,2026-09-17,36250.0,106601,13.48
036460,한국가스공사,2026-09-18,35650.0,265431,13.39
036460,한국가스공사,2026-09-21,35650.0,89095,13.41
036460,한국가스공사,2026-09-22,35850.0,118544,13.42
036460,한국가스공사,2026-09-23,35450.0,215282,13.3
036460,한국가스공사,2026-09-28,35450.0,73374,13.32
036460,한국가스공사,2026-09-29,35000.0,135286,13.29
036460,한국가스공사,2026-09-30,34950.0,129236,13.26
036460,한국가스공사,2026-10-01,35050.0,110135,13.29
036460,한국가스공사,2026-10-02,35850.0,194155,13.3
025820,이구산업,2026-06-09,4600.0,199362,
025820,이구산업,2026-06-10,4410.0,298061,
025820,이구산업,2026-06-11,4515.0,159654,
025820,이구산업,2026-06-12,4640.0,167173,
025820,이구산업,2026-06-15,4890.0,292858,
025820,이구산업,2026-06-16,4850.0,227231,
025820,이구산업,2026-06-17,4870.0,139324,
025820,이구산업,2026-06-18,4660.0,195395,
025820,이구산업,2026-06-19,4505.0,281695,
025820,이구산업,2026-06-22,4365.0,203061,
025820,이구산업,2026-06-23,4150.0,360234,
025820,이구산업,2026-06-24,4150.0,208638,
025820,이구산업,2026-06-25,4045.0,192732,
025820,이구산업,2026-06-26,3900.0,341240,
025820,이구산업,2026-06-29,4125.0,275253,
025820,이구산업,2026-06-30,4075.0,261111,
025820,이구산업,2026-07-01,4175.0,152069,
025820,이구산업,2026-07-02,3910.0,277125,
025820,이구산업,2026-07-03,4205.0,303245,
025820,이구산업,2026-07-06,4105.0,160046,
025820,이구산업,2026-07-07,4010.0,199062,
025820,이구산업,2026-07-08,3890.0,195999,
025820,이구산업,2026-07-09,3810.0,166222,
025820,이구산업,2026-07-10,4010.0,197263,
025820,이구산업,2026-07-13,3800.0,213130,
025820,이구산업,2026-07-14,3735.0,304490,
025820,이구산업,2026-07-15,3920.0,152876,
025820,이구산업,2026-07-16,3880.0,83494,
025820,이구산업,2026-07-20,3720.0,212754,
025820,이구산업,2026-07-21,3765.0,103083,
025820,이구산업,2026-07-22,3800.0,206520,
025820,이구산업,2026-07-23,4010.0,122331,
025820,이구산업,2026-07-24,4015.0,157631,
025820,이구산업,2026-07-27,3885.0,187682,
025820,이구산업,2026-07-28,3700.0,325616,
025820,이구산업,2026-07-29,3415.0,324245,
025820,이구산업,2026-07-30,3560.0,264875,
025820,이구산업,2026-07-31,3905.0,193654,
025820,이구산업,2026-08-03,3880.0,206612,
025820,이구산업,2026-08-04,4135.0,379891,
025820,이구산업,2026-08-05,4425.0,540523,
025820,이구산업,2026-08-06,4460.0,414565,
025820,이구산업,2026-08-07,4370.0,229632,
025820,이구산업,2026-08-10,4540.0,339149,
025820,이구산업,2026-08-11,4545.0,300905,
025820,이구산업,2026-08-12,4620.0,183656,
025820,이구산업,2026-08-13,4555.0,185493,
025820,이구산업,2026-08-14,4550.0,200602,
025820,이구산업,2026-08-18,4530.0,326835,
025820,이구산업,2026-08-19,4400.0,149863,
025820,이구산업,2026-08-20,4455.0,144807,
025820,이구산업,2026-08-21,4325.0,89433,
025820,이구산업,2026-08-24,4480.0,203588,
025820,이구산업,2026-08-25,4495.0,262911,
025820,이구산업,2026-08-26,4630.0,276899,
025820,이구산업,2026-08-27,4570.0,254328,
025820,이구산업,2026-08-28,4565.0,96113,
025820,이구산업,2026-08-31,4480.0,158854,
025820,이구산업,2026-09-01,4410.0,142293,
025820,이구산업,2026-09-02,4260.0,138585,
025820,이구산업,2026-09-03,4275.0,92578,
025820,이구산업,2026-09-04,4280.0,132775,
025820,이구산업,2026-09-07,4265.0,63792,4.55
025820,이구산업,2026-09-08,4520.0,1023153,4.49
025820,이구산업,2026-09-09,4530.0,443176,4.31
025820,이구산업,2026-09-10,4490.0,243370,4.25
025820,이구산업,2026-09-11,4350.0,193877,4.25
025820,이구산업,2026-09-14,4260.0,92480,4.26
025820,이구산업,2026-09-15,4260.0,75795,4.23
025820,이구산업,2026-09-16,4260.0,75774,4.19
025820,이구산업,2026-09-17,4310.0,63423,4.22
025820,이구산업,2026-09-18,4370.0,105895,4.25
025820,이구산업,2026-09-21,4325.0,107823,4.27
025820,이구산업,2026-09-22,4325.0,90213,4.27
025820,이구산업,2026-09-23,4320.0,145157,4.19
025820,이구산업,2026-09-28,4295.0,51621,4.18
025820,이구산업,2026-09-29,4195.0,126734,4.03
025820,이구산업,2026-09-30,4175.0,79642,4.0
025820,이구산업,2026-10-01,4280.0,101606,4.1
025820,이구산업,2026-10-02,4295.0,87401,4.11
